minimum_logit_residual,minimum_reversion_probability,minimum_expected_pnl,trades,rejected,reversion_exits,adverse_stop_exits,thesis_invalidations,timeout_exits,settlements,fees,capital,pnl,roi,fold_1_trades,fold_1_pnl,fold_1_roi,fold_2_trades,fold_2_pnl,fold_2_roi,fold_3_trades,fold_3_pnl,fold_3_roi,profitable_folds,minimum_fold_trades,worst_fold_roi,minimum_trades
0.2,0.3,-0.5,10.0,126.0,3.0,0.0,0.0,7.0,0.0,0.0,100.0,4.231501831501833,0.042315018315018334,4.0,0.05714285714285855,0.0014285714285714637,2.0,0.0,0.0,4.0,4.174358974358975,0.10435897435897437,2.0,2.0,0.0,1
0.2,0.3,-0.5,10.0,126.0,3.0,0.0,0.0,7.0,0.0,0.0,100.0,4.231501831501833,0.042315018315018334,4.0,0.05714285714285855,0.0014285714285714637,2.0,0.0,0.0,4.0,4.174358974358975,0.10435897435897437,2.0,2.0,0.0,5
0.2,0.3,-0.5,10.0,126.0,3.0,0.0,0.0,7.0,0.0,0.0,100.0,4.231501831501833,0.042315018315018334,4.0,0.05714285714285855,0.0014285714285714637,2.0,0.0,0.0,4.0,4.174358974358975,0.10435897435897437,2.0,2.0,0.0,10
0.2,0.3,-1.0,28.0,106.0,5.0,0.0,2.0,21.0,0.0,0.0,280.0,8.888828443028768,0.03174581586795988,9.0,8.096469122275575,0.08996076802528417,9.0,-3.9866220735785944,-0.044295800817539935,10.0,4.778981394331785,0.04778981394331785,2.0,9.0,-0.044295800817539935,20
0.16,0.3,-1.0,34.0,100.0,5.0,0.0,3.0,26.0,0.0,0.0,340.0,7.613070867271191,0.0223913849037388,10.0,7.5964691222755745,0.07596469122275575,11.0,-3.8532887402452607,-0.03502989763859328,13.0,3.869890485240877,0.029768388348006748,2.0,10.0,-0.03502989763859328,30
0.1,0.3,-1.0,53.0,80.0,8.0,0.0,6.0,39.0,0.0,0.0,530.0,4.969978010033721,0.009377317000063624,17.0,8.526312548612689,0.050154779697721696,14.0,-1.7610901586849765,-0.012579215419178403,22.0,-1.7952443798939905,-0.008160201726790866,1.0,14.0,-0.012579215419178403,50
0.06,0.0,-0.75,82.0,53.0,13.0,0.0,11.0,58.0,0.0,0.0,820.0,-5.022417557303541,-0.006124899460126269,27.0,-3.720053666966865,-0.013777976544321722,25.0,-2.0137180984454552,-0.00805487239378182,30.0,0.7113542081087734,0.002371180693695911,1.0,25.0,-0.013777976544321722,75
0.04,0.0,-1.0,103.0,30.0,16.0,0.0,16.0,70.0,1.0,0.0,1030.0,-15.603444200618533,-0.015148974952056828,37.0,-8.913523760522018,-0.024090604758167617,30.0,-2.4596463839963825,-0.008198821279987941,36.0,-4.230274056100135,-0.011750761266944819,0.0,30.0,-0.024090604758167617,100
