minimum_logit_residual,minimum_reversion_probability,minimum_expected_pnl,trades,rejected,reversion_exits,adverse_stop_exits,thesis_invalidations,timeout_exits,settlements,fees,capital,pnl,roi,fold_1_trades,fold_1_pnl,fold_1_roi,fold_2_trades,fold_2_pnl,fold_2_roi,fold_3_trades,fold_3_pnl,fold_3_roi,profitable_folds,minimum_fold_trades,worst_fold_roi,minimum_trades
0.2,0.3,-0.75,25.0,110.0,4.0,0.0,3.0,18.0,0.0,0.0,250.0,4.4877549053480115,0.017951019621392048,6.0,4.282949308755761,0.07138248847926268,9.0,-4.01147505761944,-0.04457194508466044,10.0,4.21628065421169,0.042162806542116904,2.0,6.0,-0.04457194508466044,1
0.2,0.3,-0.75,25.0,110.0,4.0,0.0,3.0,18.0,0.0,0.0,250.0,4.4877549053480115,0.017951019621392048,6.0,4.282949308755761,0.07138248847926268,9.0,-4.01147505761944,-0.04457194508466044,10.0,4.21628065421169,0.042162806542116904,2.0,6.0,-0.04457194508466044,5
0.2,0.3,-0.75,25.0,110.0,4.0,0.0,3.0,18.0,0.0,0.0,250.0,4.4877549053480115,0.017951019621392048,6.0,4.282949308755761,0.07138248847926268,9.0,-4.01147505761944,-0.04457194508466044,10.0,4.21628065421169,0.042162806542116904,2.0,6.0,-0.04457194508466044,10
0.2,0.3,-0.75,25.0,110.0,4.0,0.0,3.0,18.0,0.0,0.0,250.0,4.4877549053480115,0.017951019621392048,6.0,4.282949308755761,0.07138248847926268,9.0,-4.01147505761944,-0.04457194508466044,10.0,4.21628065421169,0.042162806542116904,2.0,6.0,-0.04457194508466044,20
0.16,0.3,-0.75,43.0,92.0,8.0,0.0,6.0,29.0,0.0,0.0,430.0,4.630387980717657,0.010768344141203853,12.0,3.1081608078803002,0.02590134006566917,15.0,-1.6673155134598954,-0.011115436756399302,16.0,3.1895426862972522,0.019934641789357825,2.0,12.0,-0.011115436756399302,30
0.12,0.3,-0.75,60.0,75.0,10.0,0.0,12.0,38.0,0.0,0.0,600.0,1.1249969797817385,0.0018749949663028976,21.0,0.08445478862936273,0.00040216566013982254,18.0,-0.5775719237163046,-0.0032087329095350256,21.0,1.6181141148686808,0.0077053053088984805,2.0,18.0,-0.0032087329095350256,50
0.06,0.3,-0.75,86.0,49.0,14.0,0.0,14.0,58.0,0.0,0.0,860.0,0.9620631522150276,0.0011186780839709622,30.0,-0.45916717837639126,-0.0015305572612546376,26.0,1.186066598673123,0.004561794610281242,30.0,0.23516373191829837,0.0007838791063943279,2.0,26.0,-0.0015305572612546376,75
0.06,0.0,-1.0,105.0,29.0,16.0,0.0,18.0,70.0,1.0,0.0,1050.0,-26.431360164127703,-0.02517272396583591,39.0,-20.789058771650243,-0.05330527890166729,33.0,1.934293009943015,0.005861493969524288,33.0,-7.576594402420482,-0.022959376977031765,1.0,33.0,-0.05330527890166729,100
