{
  "method": "chronological_elo",
  "initial_rating": 1500.0,
  "home_advantage": 24.0,
  "k_factor": 20.0,
  "ratings": {
    "TEX": 1426.5438154621704,
    "KC": 1403.5235586354656,
    "TOR": 1430.486553879748,
    "PIT": 1572.6570912929096,
    "BOS": 1655.1276231952081,
    "TB": 1503.8260219762747,
    "NYM": 1431.5917730930362,
    "STL": 1502.9814703864988,
    "ATL": 1527.8635601124438,
    "HOU": 1473.576336408534,
    "NYY": 1508.4454003564003,
    "PHI": 1520.5190428215565,
    "CLE": 1527.7923435702778,
    "CWS": 1578.5814963917476,
    "SEA": 1508.6073339170166,
    "SF": 1450.4994748640556,
    "ATH": 1376.6094862165219,
    "MIL": 1620.9257913183756,
    "LAA": 1418.4054197733703,
    "COL": 1404.5104290025774,
    "SD": 1465.3777773228787,
    "LAD": 1550.3431783762576,
    "MIN": 1478.5360715871234,
    "WSH": 1491.8647643251093,
    "CHC": 1568.5099230036005,
    "AZ": 1517.6538929580815,
    "DET": 1567.3186994811654,
    "BAL": 1558.0124382714002,
    "CIN": 1438.2801381144934,
    "MIA": 1521.0290938857006
  }
}