{
  "coefficient": 0.813171828011517,
  "intercept": 0.02932559209595572
}