{
  "coefficient": 0.8203954821131011,
  "intercept": 0.027593693627372243
}