{
  "method": "chronological_elo",
  "initial_rating": 1500.0,
  "home_advantage": 24.0,
  "k_factor": 20.0,
  "ratings": {
    "TEX": 1449.9695815551781,
    "KC": 1418.0077273690724,
    "TOR": 1401.7036381339938,
    "PIT": 1569.523300663762,
    "BOS": 1644.4361802524413,
    "TB": 1532.608937722029,
    "NYM": 1452.598875244896,
    "STL": 1490.5857311073696,
    "ATL": 1511.6750863892446,
    "HOU": 1499.1658521560742,
    "NYY": 1511.579190985548,
    "PHI": 1498.5096414450727,
    "CLE": 1518.3767374562738,
    "CWS": 1555.1557302987399,
    "SEA": 1481.6451544721212,
    "SF": 1436.0153061304488,
    "ATH": 1359.7944904182818,
    "MIL": 1599.9186891665158,
    "LAA": 1430.8011590524995,
    "COL": 1393.6735610157227,
    "SD": 1481.566251046078,
    "LAD": 1572.3525797527413,
    "MIN": 1487.9516777011274,
    "WSH": 1502.701632311964,
    "CHC": 1570.6684504952239,
    "AZ": 1534.4688887563216,
    "DET": 1565.1601719895423,
    "BAL": 1568.703881214167,
    "CIN": 1465.2423175593888,
    "MIA": 1495.4395781381604
  }
}