{
  "method": "chronological_elo",
  "initial_rating": 1500.0,
  "home_advantage": 24.0,
  "k_factor": 20.0,
  "ratings": {
    "TEX": 1443.283565182626,
    "KC": 1405.8912796603404,
    "TOR": 1451.8721799011014,
    "PIT": 1561.804585725994,
    "BOS": 1636.6032416824157,
    "TB": 1498.7102635280432,
    "NYM": 1427.9453571631925,
    "STL": 1528.0355307873028,
    "ATL": 1520.757129734317,
    "HOU": 1478.8110939421524,
    "NYY": 1502.928115990934,
    "PHI": 1517.662943861146,
    "CLE": 1534.4501484991342,
    "CWS": 1560.8706776799659,
    "SEA": 1471.0036487262614,
    "SF": 1477.4406815175842,
    "ATH": 1327.8886907093702,
    "MIL": 1594.788859272835,
    "LAA": 1414.6879860779914,
    "COL": 1410.9635300021225,
    "SD": 1460.7713739815983,
    "LAD": 1554.3917591119534,
    "MIN": 1532.2597238965293,
    "WSH": 1504.770942352244,
    "CHC": 1548.316808999345,
    "AZ": 1522.4104516985535,
    "DET": 1549.944181540811,
    "BAL": 1541.4362286237495,
    "CIN": 1464.7766978693764,
    "MIA": 1554.522322281008
  }
}