{
  "coefficient": 0.878349905282539,
  "intercept": 0.04480715088851187
}