game_pk,side,event_type,entry_time,exit_time,exit_reason,entry_price,exit_price,contracts,anchor_target,anchor_fair,trigger_at_bat,trigger_pitch,trigger_event_time,pnl,fees
822700,no,hit_by_pitch,2026-08-09 16:35:11.545202+00:00,2026-08-09 16:36:34.029653+00:00,reversion,0.54,0.57,4.48,0.4108601425763007,0.274715799932125,9,7,2026-08-09 16:34:55.390000+00:00,-0.020400000000000418,0.15479999999999983
822700,yes,single,2026-08-09 16:47:20.598944+00:00,2026-08-09 16:48:51.140022+00:00,reversion,0.6,0.64,4.05,0.6612104337036534,0.5808324787052334,16,1,2026-08-09 16:47:16.937000+00:00,0.028500000000000192,0.13350000000000017
822701,yes,single,2026-08-08 23:31:19.997191+00:00,2026-08-08 23:35:25.649288+00:00,timeout,0.71,0.71,3.45,0.7823337918577449,0.7155276337142448,23,3,2026-08-08 23:31:17.023000+00:00,-0.09959999999999969,0.09959999999999969
822701,yes,single,2026-08-09 00:17:19.566966+00:00,2026-08-09 00:19:04.882098+00:00,reversion,0.78,0.76,3.15,0.8268705804326548,0.6925000268069422,45,2,2026-08-09 00:17:17.876000+00:00,-0.14119999999999955,0.07819999999999983
822701,no,walk,2026-08-09 00:56:10.678228+00:00,2026-08-09 00:58:05.788657+00:00,reversion,0.01,0.02,233.79,0.9751439904218663,0.96540617864978,62,5,2026-08-09 00:56:04.168000+00:00,1.8549999999999995,0.48290000000000033
822702,no,double,2026-07-29 18:35:16.007653+00:00,2026-07-29 18:35:53.558900+00:00,reversion,0.52,0.51,4.65,0.41660990312653895,0.33723687371852507,45,3,2026-07-29 18:35:14.340000+00:00,-0.2091999999999996,0.16269999999999962
822702,yes,double,2026-07-29 19:34:53.993317+00:00,2026-07-29 19:38:56.112061+00:00,timeout,0.06,0.03,39.09,0.08907957972656663,0.019420994294897298,66,5,2026-07-29 19:34:51.062000+00:00,-1.4067999999999998,0.23409999999999986
822702,no,field_error,2026-07-29 18:41:58.046415+00:00,,settlement,0.53,,4.56,0.41576919174307136,0.2655574356670113,47,6,2026-07-29 18:41:56.603000+00:00,0.3006999999999995,0.1540000000000002
822703,no,walk,2026-07-29 00:08:15.464004+00:00,2026-07-29 00:09:12.894403+00:00,reversion,0.25,0.23,9.5,0.7781486911833672,0.7370273172312276,8,4,2026-07-29 00:08:09.665000+00:00,-0.43249999999999966,0.24249999999999972
822703,yes,walk,2026-07-29 00:10:56.267053+00:00,2026-07-29 00:14:56.546108+00:00,timeout,0.81,0.85,3.04,0.8497864491594608,0.8207377705746097,9,6,2026-07-29 00:10:52.082000+00:00,0.06159999999999988,0.06000000000000005
822705,no,single,2026-07-27 23:59:50.846916+00:00,2026-07-28 00:00:34.657636+00:00,reversion,0.69,0.74,3.54,0.2692156329690045,0.17801282597473989,34,5,2026-07-27 23:59:39.169000+00:00,0.07620000000000049,0.1008
822705,no,walk,2026-07-28 01:34:53.444591+00:00,2026-07-28 01:35:46.819736+00:00,reversion,0.84,0.8800000000000001,2.94,0.1261807838841484,0.0031686837801961896,75,5,2026-07-28 01:34:50.945000+00:00,0.06810000000000027,0.0495000000000001
822706,yes,double,2026-07-26 19:47:55.352177+00:00,2026-07-26 19:49:30.150364+00:00,reversion,0.92,0.96,2.7,0.9450813488262196,0.9037710601828691,63,2,2026-07-26 19:47:53.587000+00:00,0.0867,0.021299999999999653
822706,yes,single,2026-07-26 19:54:29.150040+00:00,2026-07-26 19:55:10.639637+00:00,reversion,0.96,0.98,2.59,0.9756576221796833,0.9561220922010971,66,6,2026-07-26 19:54:26.070000+00:00,0.0411999999999999,0.010600000000000165
822706,yes,walk,2026-07-26 20:20:16.877459+00:00,2026-07-26 20:24:17.220987+00:00,timeout,0.97,0.9499999999999998,2.57,0.9842556699715089,0.9296819537654095,79,4,2026-07-26 20:20:08.801000+00:00,-0.06530000000000102,0.013900000000000912
822706,yes,walk,2026-07-26 20:32:10.884028+00:00,2026-07-26 20:33:58.741218+00:00,reversion,0.93,0.9699999999999999,2.67,0.9511688466453484,0.8965574008393301,84,4,2026-07-26 20:32:04.685000+00:00,0.08909999999999929,0.017700000000000493
822781,yes,single,2026-08-01 19:57:39.348987+00:00,2026-08-01 20:01:40.994183+00:00,timeout,0.73,0.7700000000000001,3.36,0.7794966621446183,0.6695473319217274,26,4,2026-08-01 19:57:36.022000+00:00,0.04630000000000045,0.08809999999999985
822781,yes,double,2026-08-01 20:17:33.964742+00:00,2026-08-01 20:19:46.416326+00:00,reversion,0.83,0.84,2.97,0.8683717649311815,0.8038421478603971,35,5,2026-08-01 20:17:26.007000+00:00,-0.027699999999999836,0.057399999999999896
822781,yes,double,2026-08-01 21:18:19.315385+00:00,2026-08-01 21:20:58.130909+00:00,reversion,0.92,0.96,2.7,0.9522309729722929,0.918258099923561,62,3,2026-08-01 21:18:15.894000+00:00,0.0865999999999999,0.021399999999999864
822782,no,double,2026-07-31 23:57:07.135375+00:00,2026-07-31 23:59:40.137431+00:00,reversion,0.44,0.38000000000000006,5.46,0.5103888539571843,0.3759049844451604,23,3,2026-07-31 23:57:02.123000+00:00,-0.5118999999999994,0.18429999999999946
822782,yes,hit_by_pitch,2026-08-01 01:09:29.721417+00:00,2026-08-01 01:09:53.843266+00:00,reversion,0.7,0.78,3.49,0.7782235925611845,0.5704194387811204,56,1,2026-08-01 01:09:26.713000+00:00,0.1858000000000004,0.09339999999999993
822782,no,single,2026-08-01 01:40:11.542361+00:00,2026-08-01 01:41:08.909518+00:00,reversion,0.03,0.05,78.03,0.9524245640465685,0.88727323905746,68,4,2026-08-01 01:40:08.415000+00:00,1.1421000000000014,0.418499999999999
822783,yes,single,2026-08-02 19:47:25.438110+00:00,2026-08-02 19:47:27.715854+00:00,reversion,0.24,0.48999999999999994,9.89,0.3532455278600744,0.005671722413391533,62,6,2026-08-02 19:47:22.153000+00:00,2.1731000000000003,0.29939999999999944
822783,yes,single,2026-08-02 20:04:58.074045+00:00,2026-08-02 20:05:11.432261+00:00,reversion,0.02,0.03,116.97,0.03725765667426958,0.0009235151401618139,69,1,2026-08-02 20:04:54.436000+00:00,0.7708999999999997,0.39880000000000004
822862,no,double,2026-08-09 18:46:47.689388+00:00,,settlement,0.62,,3.92,0.33446971993100244,0.23870071491873301,6,2,2026-08-09 18:46:31.735000+00:00,0.07400000000000082,0.12529999999999936
822863,yes,single,2026-08-08 02:34:42.160202+00:00,2026-08-08 02:37:29.025118+00:00,reversion,0.66,0.81,3.69,0.8211443474701957,0.6720032649612893,61,4,2026-08-08 02:34:40.119000+00:00,0.4557000000000002,0.09779999999999989
822864,yes,single,2026-08-08 23:51:29.768223+00:00,2026-08-08 23:53:09.486125+00:00,reversion,0.65,0.7900000000000001,3.75,0.7357170388060721,0.6545837678791203,15,6,2026-08-08 23:51:22.316000+00:00,0.42160000000000064,0.10339999999999971
822865,yes,single,2026-08-05 02:29:44.492456+00:00,2026-08-05 02:29:45.888655+00:00,reversion,0.75,0.8,3.27,0.7974527315712675,0.523345721091756,62,4,2026-08-05 02:29:42.324000+00:00,0.08380000000000054,0.07969999999999944
822865,yes,single,2026-08-05 02:30:50.890261+00:00,2026-08-05 02:30:57.334538+00:00,reversion,0.82,0.8800000000000001,3.01,0.8678897019034422,0.6491124275069624,63,2,2026-08-05 02:30:48.984000+00:00,0.1272000000000002,0.053400000000000336
822865,yes,double,2026-08-05 02:56:18.324558+00:00,2026-08-05 02:56:21.210951+00:00,reversion,0.72,0.81,3.4,0.7851800243318134,0.014291777064517428,75,1,2026-08-05 02:56:15.796000+00:00,0.22129999999999983,0.08470000000000022
822865,no,double,2026-08-05 00:53:02.149794+00:00,,settlement,0.19,,12.45,0.769470640562006,0.7127556453983169,21,5,2026-08-05 00:52:57.331000+00:00,-0.27019999999999944,0.26829999999999987
822866,yes,double,2026-08-05 19:31:00.970123+00:00,2026-08-05 19:35:05.188133+00:00,timeout,0.91,0.92,2.73,0.9357708899851223,0.9151327779007953,27,3,2026-08-05 19:30:57.776000+00:00,-0.0024999999999999467,0.029799999999999827
822867,yes,single,2026-08-04 00:58:34.405383+00:00,2026-08-04 01:00:52.986377+00:00,reversion,0.27,0.27,8.8,0.30986442919667334,0.21371819296518432,23,7,2026-08-04 00:58:29.498000+00:00,-0.24299999999999944,0.24299999999999944
822867,yes,walk,2026-08-04 02:27:58.835593+00:00,2026-08-04 02:28:32.185275+00:00,reversion,0.04,0.06,58.56,0.05661329007647606,0.01581013755357016,63,5,2026-08-04 02:27:52.247000+00:00,0.7823999999999998,0.3887999999999999
822867,yes,walk,2026-08-04 02:56:58.093919+00:00,,settlement,0.01,,233.79,0.02878948716181024,0.0005276264107222618,74,6,2026-08-04 02:56:48.804000+00:00,-2.5,0.16210000000000013
822868,no,single,2026-07-27 19:14:48.149722+00:00,2026-07-27 19:15:31.799022+00:00,reversion,0.28,0.33,8.5,0.6631259959000427,0.5619506004644429,21,2,2026-07-27 19:14:46.168000+00:00,0.17340000000000044,0.2515999999999994
822868,yes,single,2026-07-27 20:07:41.696653+00:00,2026-07-27 20:09:54.936489+00:00,reversion,0.96,0.98,2.59,0.981726979814447,0.9505551146906606,48,4,2026-07-27 20:07:40.365000+00:00,0.0411999999999999,0.010600000000000165
822869,yes,double,2026-07-25 23:30:05.315717+00:00,2026-07-25 23:34:01.001181+00:00,reversion,0.8,0.85,3.08,0.8353607368283906,0.8200255382259002,8,3,2026-07-25 23:30:02.644000+00:00,0.09190000000000009,0.06209999999999971
822870,yes,triple,2026-07-26 19:17:28.542670+00:00,2026-07-26 19:17:37.191152+00:00,reversion,0.56,0.66,4.33,0.6528149803448599,0.6469791641002866,18,5,2026-07-26 19:17:24.534000+00:00,0.29020000000000046,0.14279999999999937
822870,yes,single,2026-07-26 19:51:24.959125+00:00,2026-07-26 19:54:20.746176+00:00,reversion,0.8,0.82,3.08,0.8463455215399884,0.8290352670679306,33,3,2026-07-26 19:51:21.658000+00:00,-0.0048000000000003595,0.06639999999999979
822872,no,single,2026-07-25 01:24:49.335327+00:00,,settlement,0.32,,7.45,0.6151982244934967,0.47543330641324955,35,3,2026-07-25 01:24:45.966000+00:00,0.28010000000000046,0.23749999999999982
822943,yes,double,2026-08-02 19:13:00.501132+00:00,2026-08-02 19:17:10.244321+00:00,timeout,0.04,0.040170765027322405,58.56,0.06645492668837852,0.033394859764806384,45,5,2026-08-02 19:12:52.650000+00:00,-0.3056999999999995,0.3156999999999996
822944,yes,single,2026-08-01 21:21:47.776457+00:00,2026-08-01 21:25:48.384791+00:00,timeout,0.74,0.75,3.31,0.7886176745782645,0.6583856779693782,36,2,2026-08-01 21:21:45.009000+00:00,-0.05500000000000017,0.08810000000000029
822946,yes,single,2026-07-30 16:54:38.343173+00:00,2026-07-30 16:58:44.531396+00:00,timeout,0.73,0.78,3.36,0.7835099595310314,0.6453154385725253,20,5,2026-07-30 16:54:33.952000+00:00,0.08119999999999994,0.08680000000000021
822946,no,hit_by_pitch,2026-07-30 17:03:04.359108+00:00,2026-07-30 17:04:16.637816+00:00,reversion,0.28,0.34,8.5,0.6696306169451007,0.4901417943481232,24,1,2026-07-30 17:03:01.936000+00:00,0.2564000000000002,0.2535999999999996
822946,yes,walk,2026-07-30 18:58:21.745144+00:00,2026-07-30 18:59:34.653367+00:00,reversion,0.88,0.9199999999999999,2.81,0.9130572673962732,0.7292659566427777,70,7,2026-07-30 18:58:18.389000+00:00,0.07710000000000017,0.03529999999999989
822946,no,fielders_choice,2026-07-30 17:13:12.772740+00:00,,settlement,0.42,,5.72,0.5327542439942662,0.33995551099610055,27,3,2026-07-30 17:13:07.927000+00:00,0.08409999999999902,0.1972000000000006
822948,yes,walk,2026-07-25 23:16:27.987085+00:00,2026-07-25 23:19:03.565894+00:00,reversion,0.59,0.65,4.11,0.6413252173529079,0.5483434406189924,30,6,2026-07-25 23:16:12.218000+00:00,0.11150000000000082,0.13509999999999955
822948,yes,double,2026-07-25 23:33:39.287433+00:00,2026-07-25 23:34:39.290357+00:00,reversion,0.82,0.8299999999999998,3.01,0.8576180746069566,0.7761563632199953,38,1,2026-07-25 23:33:33.173000+00:00,-0.030800000000000605,0.06090000000000062
822950,yes,single,2026-07-26 17:15:19.078803+00:00,2026-07-26 17:19:19.287615+00:00,timeout,0.74,0.73,3.31,0.7864870476619672,0.6897198651829489,34,1,2026-07-26 17:15:14.444000+00:00,-0.12340000000000018,0.09030000000000049
822950,no,double,2026-07-26 16:16:05.541680+00:00,,settlement,0.48,,5.02,0.45648858111541185,0.38339851305778316,1,3,2026-07-26 16:16:00.321000+00:00,-0.3296999999999994,0.17459999999999987
822952,yes,triple,2026-07-25 00:00:38.755417+00:00,2026-07-25 00:01:20.047407+00:00,reversion,0.78,0.84,3.15,0.828440490149364,0.7555892829280579,28,5,2026-07-25 00:00:31.691000+00:00,0.12139999999999995,0.0676000000000001
822952,yes,fielders_choice,2026-07-25 00:08:35.253954+00:00,2026-07-25 00:09:06.413682+00:00,reversion,0.93,0.96,2.67,0.9503478467757979,0.9349381202410849,32,5,2026-07-25 00:08:30.133000+00:00,0.060699999999999754,0.019400000000000084
823020,no,single,2026-08-09 18:22:41.798840+00:00,2026-08-09 18:22:51.018246+00:00,reversion,0.45,0.47,5.34,0.49453176274987004,0.36677851382526416,4,4,2026-08-09 18:22:35.765000+00:00,-0.0790000000000004,0.1858000000000003
823020,yes,single,2026-08-09 18:29:28.845055+00:00,2026-08-09 18:33:44.806310+00:00,timeout,0.63,0.66,3.86,0.6755658050487473,0.5296893878873508,7,2,2026-08-09 18:29:26.202000+00:00,-0.007899999999999796,0.12369999999999992
823021,yes,double,2026-08-08 23:35:39.932862+00:00,2026-08-08 23:37:39.854630+00:00,reversion,0.68,0.72,3.59,0.722744612718424,0.6270331039766425,9,8,2026-08-08 23:35:37.411000+00:00,0.038200000000000234,0.1053999999999995
823023,yes,single,2026-07-30 18:46:38.778855+00:00,2026-07-30 18:48:01.013365+00:00,reversion,0.64,0.72,3.81,0.7228223623090126,0.7097643801586718,14,3,2026-07-30 18:46:31.138000+00:00,0.18949999999999978,0.11529999999999996
823025,no,single,2026-07-28 02:50:10.382294+00:00,2026-07-28 02:51:05.881779+00:00,reversion,0.9,0.93,2.75,0.07089763398498605,0.03686096913718373,40,1,2026-07-28 02:50:09.012000+00:00,0.05250000000000021,0.029999999999999805
823026,no,double,2026-07-29 00:15:45.765084+00:00,2026-07-29 00:16:21.678591+00:00,reversion,0.84,0.8800000000000001,2.94,0.1311086658868753,0.10501309989394902,14,2,2026-07-29 00:15:41.926000+00:00,0.06810000000000027,0.0495000000000001
823026,yes,single,2026-07-29 01:06:47.670502+00:00,2026-07-29 01:10:51.933315+00:00,timeout,0.04,0.05560280054644808,58.56,0.05580941079841664,0.044237029099606154,37,2,2026-07-29 01:06:38.957000+00:00,0.5409000000000004,0.3727999999999997
823102,no,single,2026-08-09 03:48:18.794959+00:00,2026-08-09 03:48:20.151921+00:00,reversion,0.66,0.75,3.69,0.25349793471669285,0.10553460520130742,47,7,2026-08-09 03:48:13.842000+00:00,0.22560000000000047,0.1064999999999996
823103,yes,hit_by_pitch,2026-08-08 03:50:43.362354+00:00,2026-08-08 03:51:45.981232+00:00,reversion,0.14,0.24,16.84,0.17301906173247117,0.10872062756180108,58,4,2026-08-08 03:50:24.803000+00:00,1.3268999999999993,0.3571000000000004
823103,no,single,2026-08-08 03:56:21.479993+00:00,2026-08-08 03:59:35.979235+00:00,reversion,0.79,0.8963022508038584,3.11,0.17298460667861978,0.11894692470330398,60,2,2026-08-08 03:56:17.662000+00:00,0.2740999999999997,0.05650000000000022
823104,yes,single,2026-08-09 20:27:26.066646+00:00,2026-08-09 20:27:42.469684+00:00,reversion,0.65,0.7099999999999999,3.75,0.7125711735212369,0.6518799348198779,8,1,2026-08-09 20:27:17.803000+00:00,0.11109999999999909,0.11390000000000056
823104,no,double,2026-08-09 21:59:08.115612+00:00,2026-08-09 21:59:14.089045+00:00,reversion,0.81,0.89,3.04,0.13063180171496297,0.06068549352203623,53,1,2026-08-09 21:59:01.014000+00:00,0.18949999999999978,0.05370000000000008
823104,no,fielders_choice,2026-08-09 22:54:18.905658+00:00,2026-08-09 22:56:29.536973+00:00,reversion,0.97,0.99,2.57,0.014238014084565787,0.0010221131214025448,79,3,2026-08-09 22:54:02.017000+00:00,0.04429999999999934,0.007100000000000772
823105,yes,walk,2026-08-06 20:50:31.438891+00:00,2026-08-06 20:51:23.637020+00:00,reversion,0.17,0.13,13.89,0.19988805655089106,0.1318483637176491,18,6,2026-08-06 20:50:29.046000+00:00,-0.8027999999999997,0.24719999999999942
823105,yes,single,2026-08-06 21:18:16.866356+00:00,2026-08-06 21:19:41.076607+00:00,reversion,0.11,0.09,21.39,0.13947578149892295,0.07661336385524396,32,1,2026-08-06 21:18:09.253000+00:00,-0.6970999999999998,0.2692999999999999
823105,yes,walk,2026-08-06 21:57:39.193587+00:00,2026-08-06 22:01:40.173827+00:00,timeout,0.03,0.027999487376650006,78.03,0.04710447509636727,0.017104009773573292,49,6,2026-08-06 21:57:26.377000+00:00,-0.46379999999999977,0.3076999999999998
823106,no,hit_by_pitch,2026-08-06 03:39:56.564731+00:00,2026-08-06 03:40:26.774386+00:00,reversion,0.02,0.04,116.97,0.9614869812702599,0.9408241144992108,55,2,2026-08-06 03:39:52.707000+00:00,1.8644000000000003,0.47499999999999964
823107,yes,single,2026-08-02 22:20:30.771257+00:00,2026-08-02 22:24:31.315618+00:00,timeout,0.95,0.8900000000000001,2.62,0.970105810471171,0.9321224016715064,66,7,2026-08-02 22:20:23.759000+00:00,-0.18399999999999928,0.026799999999999713
823107,yes,single,2026-08-02 22:29:49.331389+00:00,2026-08-02 22:33:49.898109+00:00,timeout,0.89,0.93,2.78,0.9161975007531677,0.8197395557020668,71,3,2026-08-02 22:29:47.274000+00:00,0.07939999999999969,0.031800000000000495
823107,no,walk,2026-08-02 22:46:00.494981+00:00,2026-08-02 22:50:00.599086+00:00,timeout,0.57,0.45,4.25,0.3662773794340133,0.007228994830261515,78,6,2026-08-02 22:45:51.155000+00:00,-0.6566999999999996,0.14669999999999983
823108,no,single,2026-08-05 02:15:30.754276+00:00,2026-08-05 02:15:47.880203+00:00,reversion,0.49,0.5,4.92,0.5110930593691184,0.49674226526137866,19,1,2026-08-05 02:15:13.752000+00:00,-0.12300000000000022,0.17220000000000013
823108,yes,walk,2026-08-05 03:38:58.933640+00:00,2026-08-05 03:39:37.000966+00:00,reversion,0.02,0.02,116.97,0.040126462640431966,0.011946291771757912,63,5,2026-08-05 03:38:54.475000+00:00,-0.32099999999999973,0.32099999999999973
823109,no,double,2026-08-01 20:41:29.046391+00:00,2026-08-01 20:42:18.914985+00:00,reversion,0.24,0.26,9.89,0.7195188272059719,0.625944807840685,12,6,2026-08-01 20:41:28.002000+00:00,-0.061699999999999644,0.2594999999999996
823111,yes,hit_by_pitch,2026-08-01 03:33:23.044406+00:00,2026-08-01 03:33:52.027154+00:00,reversion,0.75,0.7899999999999999,3.27,0.7887072282036801,0.7185652878825675,37,3,2026-08-01 03:33:08.622000+00:00,0.049799999999999844,0.08099999999999996
823111,no,single,2026-08-01 04:05:22.036295+00:00,2026-08-01 04:05:31.678471+00:00,reversion,0.42,0.52,5.72,0.48177372163874077,0.2976935634248782,49,4,2026-08-01 04:05:20.355000+00:00,0.3744000000000005,0.1976
823188,no,double,2026-08-09 00:54:46.490657+00:00,2026-08-09 00:55:57.007923+00:00,reversion,0.77,0.83,3.19,0.18173409345978092,0.09357809781803605,46,3,2026-08-09 00:54:27.184000+00:00,0.12020000000000008,0.07119999999999971
823188,yes,double,2026-08-09 00:59:57.799532+00:00,2026-08-09 01:03:57.895160+00:00,timeout,0.08,0.06,29.35,0.07847828910281317,0.03445078227195164,49,6,2026-08-09 00:59:44.582000+00:00,-0.8541999999999996,0.26719999999999944
823190,yes,fielders_choice,2026-08-09 21:47:15.839386+00:00,2026-08-09 21:51:15.957382+00:00,timeout,0.54,0.48000000000000004,4.48,0.5881237180738396,0.37065506339290144,48,8,2026-08-09 21:47:00.029000+00:00,-0.4249999999999994,0.15619999999999923
823190,no,single,2026-08-09 22:06:15.559131+00:00,2026-08-09 22:06:48.952064+00:00,reversion,0.35,0.28,6.83,0.6059731954896188,0.37856790106076843,55,4,2026-08-09 22:06:14.017000+00:00,-0.6834999999999996,0.20539999999999975
823190,no,single,2026-08-09 21:19:23.086874+00:00,,settlement,0.68,,3.59,0.27598124006814867,0.20388955090423855,37,8,2026-08-09 21:19:16.522000+00:00,0.15200000000000055,0.10179999999999934
823191,no,walk,2026-08-08 04:01:42.883504+00:00,2026-08-08 04:05:31.717558+00:00,reversion,0.08,0.118603066439523,29.35,0.8942695680658264,0.8791089500527027,57,6,2026-08-08 04:01:40.787000+00:00,0.7666999999999998,0.36629999999999985
823191,yes,single,2026-08-08 04:05:43.747961+00:00,2026-08-08 04:07:39.385286+00:00,reversion,0.85,0.89,2.91,0.8783567972895542,0.8440383872293933,58,4,2026-08-08 04:05:38.413000+00:00,0.07040000000000024,0.04599999999999982
823192,yes,field_error,2026-07-29 20:11:43.996696+00:00,2026-07-29 20:15:13.771638+00:00,reversion,0.57,0.69,4.25,0.6322402335450787,0.5852183257750178,12,4,2026-07-29 20:11:39.506000+00:00,0.3732999999999995,0.13670000000000027
823192,no,triple,2026-07-29 20:44:24.438396+00:00,2026-07-29 20:44:26.765646+00:00,reversion,0.32,0.39999999999999997,7.45,0.601903459130274,0.5143339481510271,26,2,2026-07-29 20:44:22.077000+00:00,0.3572999999999996,0.2387000000000003
823193,yes,single,2026-07-29 02:56:26.936136+00:00,2026-07-29 02:56:58.537990+00:00,reversion,0.08,0.07,29.35,0.07093008566356096,0.05301520148826422,30,1,2026-07-29 02:56:19.404000+00:00,-0.5785999999999989,0.285099999999999
823193,yes,hit_by_pitch,2026-07-29 03:15:58.167410+00:00,2026-07-29 03:17:13.519734+00:00,reversion,0.03,0.05,78.03,0.0441978600560263,0.03161170158933291,38,5,2026-07-29 03:15:55.383000+00:00,1.1421000000000014,0.418499999999999
823194,yes,single,2026-07-26 21:46:05.046463+00:00,2026-07-26 21:46:10.579721+00:00,reversion,0.06,0.08,39.09,0.07918526409079854,0.034878290107461685,49,1,2026-07-26 21:45:50.966000+00:00,0.4260000000000006,0.35579999999999945
823194,yes,walk,2026-07-26 22:27:16.586871+00:00,2026-07-26 22:27:22.866029+00:00,reversion,0.03,0.05,78.03,0.04485389035607925,0.0017309177758191832,68,6,2026-07-26 22:27:10.751000+00:00,1.1420000000000012,0.4185999999999993
823194,no,double,2026-07-26 22:36:28.792655+00:00,2026-07-26 22:38:47.930660+00:00,reversion,0.89,0.99,2.78,0.05503260849965057,0.0022253979406504473,72,2,2026-07-26 22:36:27.062000+00:00,0.25689999999999946,0.021100000000000563
823196,no,triple,2026-07-25 03:30:38.831136+00:00,2026-07-25 03:30:41.196538+00:00,reversion,0.21,0.26005319148936173,11.28,0.7485212493019834,0.6387696704180681,36,2,2026-07-25 03:30:33.228000+00:00,0.28150000000000047,0.28309999999999996
823197,yes,single,2026-07-25 20:51:48.023569+00:00,2026-07-25 20:52:43.709783+00:00,reversion,0.71,0.76,3.45,0.7493546155445758,0.6691489984884507,26,2,2026-07-25 20:51:35.334000+00:00,0.07860000000000067,0.09389999999999965
823197,yes,single,2026-07-25 21:10:16.046373+00:00,2026-07-25 21:14:22.723294+00:00,timeout,0.96,0.98,2.59,0.9799413082801508,0.9793042743148174,35,5,2026-07-25 21:10:11.856000+00:00,0.0411999999999999,0.010600000000000165
823197,no,double,2026-07-25 21:22:40.085291+00:00,,settlement,0.01,,233.79,0.9678540518779585,0.9622438644680018,40,4,2026-07-25 21:22:35.153000+00:00,-0.32439999999999963,0.32430000000000003
823266,no,single,2026-08-08 02:23:41.051529+00:00,2026-08-08 02:25:08.778763+00:00,reversion,0.82,0.8499999999999999,3.01,0.14921923968831013,0.1056688337417031,22,3,2026-08-08 02:23:35.289000+00:00,0.03229999999999933,0.05800000000000072
823266,yes,triple,2026-08-08 02:52:08.061643+00:00,2026-08-08 02:56:12.837199+00:00,timeout,0.23,0.17,10.31,0.3104059698482868,0.19047703480185993,35,5,2026-08-08 02:52:04.965000+00:00,-0.8483999999999998,0.22979999999999978
823269,yes,double,2026-08-02 00:59:55.988197+00:00,,settlement,0.77,,3.19,0.8090883424502151,0.7418706964986166,8,4,2026-08-02 00:59:54.074000+00:00,0.055500000000000514,0.0739999999999996
823270,no,single,2026-08-02 21:23:02.677606+00:00,2026-08-02 21:23:58.443443+00:00,reversion,0.27,0.3654545454545454,8.8,0.6892102162786338,0.6842095275162383,32,4,2026-08-02 21:22:57.842000+00:00,0.5754,0.2645999999999998
823271,no,hit_by_pitch,2026-07-31 02:44:02.452991+00:00,2026-07-31 02:44:18.094732+00:00,reversion,0.74,0.7800000000000001,3.31,0.22164580251483726,0.1214255169294155,31,4,2026-07-31 02:43:59.912000+00:00,0.04800000000000048,0.08440000000000003
823272,no,walk,2026-08-01 03:50:49.728310+00:00,2026-08-01 03:56:53.254105+00:00,timeout,0.01,0.01,233.79,0.973301395122969,0.9798901363891361,55,6,2026-08-01 03:50:43.927000+00:00,-0.32420000000000027,0.32420000000000027
823273,yes,hit_by_pitch,2026-07-29 21:14:01.241949+00:00,2026-07-29 21:16:15.297352+00:00,reversion,0.79,0.85,3.11,0.8377881784461968,0.7315985732155519,28,4,2026-07-29 21:13:58.784000+00:00,0.12259999999999982,0.06400000000000006
823273,yes,single,2026-07-29 21:16:26.676202+00:00,2026-07-29 21:18:15.185529+00:00,reversion,0.86,0.9100000000000001,2.87,0.8937273694256391,0.8370637273383482,29,5,2026-07-29 21:16:23.853000+00:00,0.10280000000000067,0.040699999999999736
823273,yes,single,2026-07-29 22:04:38.968695+00:00,2026-07-29 22:06:45.837975+00:00,reversion,0.86,0.9062020905923345,2.87,0.888982974712217,0.7861579096246843,49,4,2026-07-29 22:04:36.687000+00:00,0.0912000000000005,0.04139999999999977
823275,yes,single,2026-07-29 02:17:08.954736+00:00,2026-07-29 02:20:22.725196+00:00,reversion,0.79,0.77,3.11,0.8515006188301525,0.7556985335456814,16,1,2026-07-29 02:17:03.142000+00:00,-0.13700000000000045,0.0748000000000002
823275,yes,field_error,2026-07-29 03:11:24.970527+00:00,2026-07-29 03:11:27.979823+00:00,reversion,0.47,0.6,5.12,0.5837747909012394,0.3780165436663704,40,2,2026-07-29 03:11:15.719000+00:00,0.4902000000000002,0.17539999999999978
823275,yes,single,2026-07-29 03:59:22.020964+00:00,2026-07-29 03:59:53.879260+00:00,reversion,0.43,0.48,5.59,0.47632404502915554,0.2382679214221767,61,1,2026-07-29 03:59:18.372000+00:00,0.08579999999999988,0.1937000000000002
823275,yes,field_error,2026-07-29 04:05:53.131748+00:00,2026-07-29 04:09:53.450590+00:00,timeout,0.65,0.67,3.75,0.7799822178271495,0.4785837018611233,64,2,2026-07-29 04:05:39.115000+00:00,-0.04289999999999994,0.11790000000000012
823275,no,walk,2026-07-29 04:26:44.002685+00:00,2026-07-29 04:26:49.787716+00:00,reversion,0.64,0.69,3.81,0.31016900541211584,0.07979084662058422,72,6,2026-07-29 04:26:38.743000+00:00,0.07189999999999985,0.11859999999999982
823275,yes,single,2026-07-29 04:33:58.125693+00:00,2026-07-29 04:33:58.998526+00:00,reversion,0.4,0.551652754590985,5.99,0.4677583144453524,0.19323644493546419,74,6,2026-07-29 04:33:55.452000+00:00,0.7043000000000006,0.20409999999999956
823345,no,hit_by_pitch,2026-08-09 17:41:35.647849+00:00,2026-08-09 17:42:50.761433+00:00,reversion,0.5,0.59,4.83,0.4481181853001753,0.34609273728443257,2,3,2026-08-09 17:41:28.156000+00:00,0.26829999999999954,0.16640000000000033
823345,yes,double,2026-08-09 18:40:49.134269+00:00,2026-08-09 18:44:52.853513+00:00,timeout,0.03,0.02,78.03,0.060400890050686,0.02567857480297675,32,5,2026-08-09 18:40:41.662000+00:00,-1.0463999999999998,0.2660999999999998
823348,yes,single,2026-08-08 23:31:53.649378+00:00,2026-08-08 23:32:42.968172+00:00,reversion,0.88,0.89,2.81,0.9171795808779344,0.917946334679486,27,4,2026-08-08 23:31:44.398000+00:00,-0.011999999999999567,0.0400999999999998
823348,yes,walk,2026-08-08 23:50:26.947773+00:00,2026-08-08 23:54:12.631039+00:00,reversion,0.96,0.99,2.59,0.9770728708415064,0.9711431819205004,36,5,2026-08-08 23:50:08.181000+00:00,0.06889999999999974,0.008800000000000363
823349,no,single,2026-08-08 00:24:25.524250+00:00,2026-08-08 00:28:26.469649+00:00,timeout,0.94,0.95,2.64,0.035556970877369976,0.022059261422815335,30,5,2026-08-08 00:24:20.319000+00:00,0.007099999999999884,0.019300000000000317
823349,yes,single,2026-08-08 02:10:23.524024+00:00,2026-08-08 02:10:48.155259+00:00,reversion,0.02,0.04,116.97,0.03424730623573679,0.001247432721239557,78,5,2026-08-08 02:10:20.266000+00:00,1.8644000000000003,0.47499999999999964
823350,yes,double,2026-07-28 22:51:25.466524+00:00,2026-07-28 22:55:27.290989+00:00,timeout,0.45,0.46,5.34,0.49632576343724705,0.41675622627352765,6,2,2026-07-28 22:51:20.830000+00:00,-0.13210000000000033,0.18550000000000022
823350,yes,single,2026-07-28 23:35:58.417157+00:00,2026-07-28 23:40:04.452205+00:00,timeout,0.14,0.11000000000000001,16.84,0.1693278255250787,0.09958045213143873,25,4,2026-07-28 23:35:51.053000+00:00,-0.7626999999999999,0.25749999999999973
823350,yes,single,2026-07-29 00:23:42.079729+00:00,2026-07-29 00:25:41.639032+00:00,reversion,0.03,0.03,78.03,0.044665509458200935,0.03237068605570492,47,2,2026-07-29 00:23:37.752000+00:00,-0.31799999999999995,0.31799999999999995
823350,no,double,2026-07-29 01:48:06.374722+00:00,,settlement,0.21,,11.28,0.6856461264233892,0.011238510000366964,83,1,2026-07-29 01:48:03.967000+00:00,1.2749999999999992,0.3107000000000004
823351,yes,single,2026-07-29 17:55:38.083212+00:00,2026-07-29 17:59:38.940596+00:00,timeout,0.13,0.13,18.12,0.15871237542977573,0.07078845697167269,40,5,2026-07-29 17:55:32.860000+00:00,-0.28699999999999903,0.28699999999999903
823352,yes,single,2026-07-25 00:27:27.717724+00:00,2026-07-25 00:27:40.862209+00:00,reversion,0.58,0.64,4.18,0.6313014378606515,0.50931107784527,54,5,2026-07-25 00:27:24.411000+00:00,0.11199999999999966,0.13880000000000026
823352,no,single,2026-07-25 00:11:04.194082+00:00,,settlement,0.48,,5.02,0.46293993684452756,0.3554723189427028,48,3,2026-07-25 00:10:59.457000+00:00,0.4750999999999997,0.17140000000000033
823353,no,double,2026-07-28 00:05:09.397752+00:00,2026-07-28 00:05:21.762892+00:00,reversion,0.76,0.83,3.23,0.1776695709753995,0.08323287003293822,41,2,2026-07-28 00:05:07.209000+00:00,0.1527999999999996,0.07330000000000014
823353,no,double,2026-07-28 00:36:44.027316+00:00,2026-07-28 00:37:24.505197+00:00,reversion,0.67,0.7400000000000001,3.64,0.2632247335984175,0.14188406237216722,51,3,2026-07-28 00:36:40.586000+00:00,0.14929999999999966,0.10550000000000015
823353,yes,single,2026-07-28 01:25:10.139188+00:00,2026-07-28 01:25:15.513208+00:00,reversion,0.55,0.63,4.4,0.6063270582425352,0.009054936638900444,70,1,2026-07-28 01:25:03.440000+00:00,0.20390000000000041,0.14809999999999945
823354,no,single,2026-07-26 18:33:09.297968+00:00,2026-07-26 18:34:24.701245+00:00,reversion,0.05,0.08447952218430033,46.88,0.9265162573479866,0.9480330454289532,30,2,2026-07-26 18:33:05.847000+00:00,1.2064000000000001,0.4099999999999997
823354,no,triple,2026-07-26 18:39:54.655501+00:00,2026-07-26 18:44:01.448933+00:00,timeout,0.14,0.14,16.84,0.7933394184114135,0.8297504385538754,35,6,2026-07-26 18:39:50.409000+00:00,-0.2840999999999997,0.2840999999999997
823354,yes,single,2026-07-26 18:58:10.871086+00:00,2026-07-26 19:02:07.797600+00:00,reversion,0.93,0.9700000000000001,2.67,0.9552066514045918,0.9426453789557664,45,2,2026-07-26 18:58:04.268000+00:00,0.08900000000000004,0.017799999999999858
823354,no,single,2026-07-26 19:38:24.253674+00:00,2026-07-26 19:39:49.839700+00:00,reversion,0.14,0.21,16.84,0.7951007199908904,0.8000311010647583,64,1,2026-07-26 19:38:22.710000+00:00,0.8411999999999997,0.3376000000000001
823355,no,double,2026-07-25 23:53:11.202195+00:00,2026-07-25 23:54:03.208547+00:00,reversion,0.7,0.78,3.49,0.2591460286299435,0.17241359213301288,34,6,2026-07-25 23:53:06.239000+00:00,0.1858000000000004,0.09339999999999993
823355,no,single,2026-07-26 00:19:14.223164+00:00,2026-07-26 00:19:33.503858+00:00,reversion,0.96,0.98,2.59,0.023907997771077383,0.015573874462545989,46,4,2026-07-26 00:19:11.474000+00:00,0.0411999999999999,0.010600000000000165
823425,yes,walk,2026-08-09 19:58:45.024356+00:00,2026-08-09 19:58:46.683585+00:00,reversion,0.71,0.7,3.45,0.7539871054509111,0.45302418392566635,69,5,2026-08-09 19:58:41.780000+00:00,-0.1351,0.10060000000000002
823425,no,single,2026-08-09 20:05:30.145826+00:00,2026-08-09 20:09:30.792387+00:00,timeout,0.56,0.34,4.33,0.34760719079490937,0.007699562942167004,74,1,2026-08-09 20:05:26.342000+00:00,-1.0953999999999995,0.14279999999999937
823426,yes,double,2026-08-09 00:05:29.997660+00:00,2026-08-09 00:05:45.295550+00:00,reversion,0.69,0.77,3.54,0.7696344651993312,0.5737497549428247,47,2,2026-08-09 00:05:28.195000+00:00,0.18619999999999992,0.0970000000000002
823426,yes,triple,2026-08-09 00:09:11.092024+00:00,2026-08-09 00:13:11.782988+00:00,timeout,0.88,0.87,2.81,0.9124803798005074,0.8538327434790883,49,4,2026-08-09 00:09:09.332000+00:00,-0.07119999999999971,0.043099999999999916
823428,yes,catcher_interf,2026-08-08 03:48:14.612090+00:00,2026-08-08 03:49:19.844658+00:00,reversion,0.22,0.35,10.77,0.3440178357699845,0.005226469933405014,78,1,2026-08-08 03:48:08.922000+00:00,1.099099999999999,0.3010000000000006
823428,yes,single,2026-08-08 03:53:10.032733+00:00,2026-08-08 03:53:17.368042+00:00,reversion,0.12,0.3494903160040775,19.62,0.32744729214570106,0.004615386132971579,80,5,2026-08-08 03:53:07.152000+00:00,4.0451000000000015,0.4574999999999995
823428,no,single,2026-08-08 01:43:28.278184+00:00,,settlement,0.53,,4.56,0.40350633626550025,0.2686782817077976,32,3,2026-08-08 01:43:20.826000+00:00,-0.19990000000000022,0.15910000000000002
823429,no,single,2026-08-05 23:14:36.156871+00:00,2026-08-05 23:15:17.046494+00:00,reversion,0.44,0.44999999999999996,5.46,0.5065839271173442,0.33848178369864745,5,1,2026-08-05 23:14:19.747000+00:00,-0.13420000000000032,0.18880000000000008
823429,no,single,2026-08-06 01:40:46.136955+00:00,2026-08-06 01:40:48.036302+00:00,reversion,0.33,0.39000000000000007,7.23,0.6150462430357104,0.01099418231720628,69,7,2026-08-06 01:40:42.317000+00:00,0.20140000000000102,0.2323999999999991
823430,no,double,2026-08-06 22:21:21.269092+00:00,2026-08-06 22:21:21.752191+00:00,reversion,0.07,0.1,33.53,0.9092217120092709,0.8242589600242094,8,5,2026-08-06 22:21:19.908000+00:00,0.6418000000000008,0.3640999999999992
823430,yes,single,2026-08-06 23:03:13.883725+00:00,2026-08-06 23:05:59.662626+00:00,reversion,0.94,0.98,2.64,0.9629226047225843,0.9550861906771674,28,6,2026-08-06 23:03:12.229000+00:00,0.09140000000000015,0.014200000000000212
823430,yes,double,2026-08-06 23:05:50.736955+00:00,2026-08-06 23:06:01.251094+00:00,reversion,0.95,0.98,2.62,0.9722336382918555,0.9693311241540229,29,6,2026-08-06 23:05:49.269000+00:00,0.06609999999999996,0.012499999999999983
823430,no,triple,2026-08-06 23:53:33.585104+00:00,2026-08-06 23:54:07.014562+00:00,reversion,0.05,0.07,46.88,0.9302091372074394,0.9388843727755994,50,3,2026-08-06 23:53:32.351000+00:00,0.5679000000000011,0.3696999999999992
823430,yes,double,2026-08-07 00:06:54.536849+00:00,2026-08-07 00:07:44.549961+00:00,reversion,0.94,0.9600000000000001,2.64,0.959898336760098,0.9544206776430573,55,5,2026-08-07 00:06:51.326000+00:00,0.03500000000000014,0.01780000000000026
823430,no,single,2026-08-06 23:58:38.030998+00:00,,settlement,0.14,,16.84,0.826782038211739,0.8450223308457432,52,2,2026-08-06 23:58:32.984000+00:00,-1.24,0.2287999999999999
823431,yes,single,2026-08-04 00:01:44.676095+00:00,2026-08-04 00:02:49.344422+00:00,reversion,0.25,0.19990526315789472,9.5,0.29950731164234723,0.16002806036906062,37,3,2026-08-04 00:01:39.922000+00:00,-0.7071999999999998,0.23129999999999992
823431,no,field_error,2026-08-04 00:16:04.563438+00:00,2026-08-04 00:16:11.930964+00:00,reversion,0.88,0.91,2.81,0.09461152340542746,0.034417838473997375,47,1,2026-08-04 00:16:02.962000+00:00,0.04730000000000034,0.03699999999999992
823431,yes,hit_by_pitch,2026-08-04 00:32:47.786561+00:00,2026-08-04 00:33:57.156487+00:00,reversion,0.11,0.14,21.39,0.13492118631558184,0.06705810049220189,53,3,2026-08-04 00:32:41.900000+00:00,0.3148000000000004,0.32689999999999975
823432,yes,single,2026-08-04 22:53:07.247715+00:00,2026-08-04 22:57:07.983756+00:00,timeout,0.84,0.84,2.94,0.8736232308031805,0.7123254803814173,7,3,2026-08-04 22:53:01.405000+00:00,-0.05540000000000056,0.05540000000000056
823432,yes,double,2026-08-04 23:33:22.598364+00:00,2026-08-04 23:37:22.970184+00:00,timeout,0.95,0.95,2.62,0.97243321524833,0.9387255862310714,26,2,2026-08-04 23:33:02.851000+00:00,-0.017599999999999838,0.017599999999999838
823432,yes,double,2026-08-04 23:27:37.089869+00:00,,settlement,0.9,,2.75,0.939794147516368,0.8871111569705389,23,8,2026-08-04 23:27:27.932000+00:00,0.08229999999999985,0.028299999999999992
823433,no,single,2026-07-26 23:23:53.314641+00:00,2026-07-26 23:26:38.643392+00:00,reversion,0.35,0.36,6.83,0.6055977244069238,0.43601552684185585,1,4,2026-07-26 23:23:51.286000+00:00,-0.1506999999999996,0.21899999999999986
823433,no,hit_by_pitch,2026-07-27 00:43:04.297503+00:00,2026-07-27 00:47:05.565879+00:00,timeout,0.02,0.04,116.97,0.9659562015821318,0.9819439647133111,35,2,2026-07-27 00:42:54.576000+00:00,1.8643999999999998,0.47500000000000014
823433,no,double,2026-07-27 00:59:54.842993+00:00,2026-07-27 01:03:55.277129+00:00,timeout,0.13,0.09778145695364238,18.12,0.8410639318175858,0.8714768257564013,43,3,2026-07-27 00:59:50.860000+00:00,-0.8393999999999996,0.25559999999999944
823433,no,field_error,2026-07-27 01:25:58.875854+00:00,2026-07-27 01:26:02.810159+00:00,reversion,0.06,0.08,39.09,0.9214059435878931,0.9236617478364227,54,2,2026-07-27 01:25:55.821000+00:00,0.42590000000000044,0.35589999999999977
823434,yes,hit_by_pitch,2026-07-25 00:51:46.163930+00:00,2026-07-25 00:54:53.659757+00:00,reversion,0.27,0.38,8.8,0.3732676344133756,0.19427195850818813,56,1,2026-07-25 00:51:44.375000+00:00,0.7013000000000007,0.26669999999999927
823434,yes,single,2026-07-25 00:56:20.017603+00:00,2026-07-25 00:56:21.623321+00:00,reversion,0.38,0.5184126984126984,6.3,0.4868417520504888,0.2884081827736741,57,5,2026-07-25 00:56:16.609000+00:00,0.6578999999999999,0.21409999999999996
823435,yes,single,2026-07-25 23:47:21.943292+00:00,2026-07-25 23:51:22.392268+00:00,timeout,0.29,0.33,8.21,0.34342329185133424,0.22434787968518127,47,4,2026-07-25 23:47:19.477000+00:00,0.08290000000000086,0.24549999999999939
823514,no,double,2026-08-08 19:26:15.939091+00:00,2026-08-08 19:26:21.622117+00:00,reversion,0.52,0.5709892473118279,4.65,0.4068581081439865,0.3636677295514278,8,6,2026-08-08 19:26:11.583000+00:00,0.07600000000000016,0.16109999999999958
823514,yes,single,2026-08-08 19:38:05.364151+00:00,2026-08-08 19:42:05.694997+00:00,timeout,0.56,0.58,4.33,0.6260011826214776,0.5277805961929434,14,1,2026-08-08 19:38:01.329000+00:00,-0.06199999999999983,0.14859999999999962
823514,no,double,2026-08-08 20:09:32.147095+00:00,2026-08-08 20:10:02.453455+00:00,reversion,0.61,0.67,3.98,0.34479294464438315,0.275824870139596,30,2,2026-08-08 20:09:28.504000+00:00,0.11090000000000044,0.1278999999999999
823514,yes,walk,2026-08-08 20:22:11.225112+00:00,2026-08-08 20:22:28.847898+00:00,reversion,0.35,0.41,6.83,0.3961035860192325,0.277944977248335,36,8,2026-08-08 20:22:07.542000+00:00,0.18530000000000024,0.22449999999999992
823514,yes,triple,2026-08-08 20:28:25.570581+00:00,2026-08-08 20:29:16.801072+00:00,reversion,0.56,0.67,4.33,0.6603229280578892,0.49538250844435006,37,8,2026-08-08 20:28:23.326000+00:00,0.33450000000000024,0.14179999999999948
823514,yes,double,2026-08-08 20:34:55.214681+00:00,2026-08-08 20:36:41.360203+00:00,reversion,0.67,0.73,3.64,0.726178456142068,0.6230712834695458,39,3,2026-08-08 20:34:53.379000+00:00,0.11169999999999991,0.10670000000000002
823514,no,single,2026-08-08 20:12:02.397508+00:00,,settlement,0.77,,3.19,0.18606711755819363,0.13728345277081888,32,3,2026-08-08 20:11:58.678000+00:00,-0.3051999999999996,0.08609999999999962
823514,no,single,2026-08-08 21:54:42.553435+00:00,,settlement,0.07,,33.53,0.8891970982578272,0.7792084433701376,71,6,2026-08-08 21:54:35.982000+00:00,-2.4999,0.1527999999999996
823515,yes,double,2026-08-08 02:03:15.939259+00:00,2026-08-08 02:05:11.796488+00:00,reversion,0.58,0.53,4.18,0.6497721781063737,0.5792544857040861,27,4,2026-08-08 02:03:14.835000+00:00,-0.3532000000000002,0.1442000000000001
823515,yes,hit_by_pitch,2026-08-08 03:52:38.349569+00:00,2026-08-08 03:53:19.497135+00:00,reversion,0.61,0.62,3.98,0.6847171221238542,0.012979531248252378,73,2,2026-08-08 03:52:37.044000+00:00,-0.09220000000000006,0.13200000000000012
823516,yes,walk,2026-08-06 02:23:06.868478+00:00,2026-08-06 02:23:10.712533+00:00,reversion,0.28,0.49,8.5,0.386388812825102,0.21431612844403433,51,6,2026-08-06 02:23:02.631000+00:00,1.5163000000000002,0.2686999999999995
823520,no,double,2026-08-03 23:41:01.709739+00:00,2026-08-03 23:41:46.025629+00:00,reversion,0.67,0.72,3.64,0.2620558196678645,0.12459573430614224,11,3,2026-08-03 23:40:59.523000+00:00,0.07419999999999982,0.10780000000000012
823520,no,single,2026-08-04 00:08:05.051474+00:00,2026-08-04 00:08:42.467334+00:00,reversion,0.79,0.8,3.11,0.16614313249536486,0.07794609363988403,22,2,2026-08-04 00:08:02.578000+00:00,-0.04000000000000015,0.07110000000000005
823520,yes,single,2026-08-04 00:34:37.449791+00:00,2026-08-04 00:36:40.056547+00:00,reversion,0.08,0.12,29.35,0.10867013312484317,0.032764182825664234,34,5,2026-08-04 00:34:22.598000+00:00,0.8057000000000007,0.3682999999999992
823520,yes,walk,2026-08-04 00:50:45.424456+00:00,2026-08-04 00:54:49.066097+00:00,timeout,0.05,0.08,46.88,0.06962759387374855,0.01376195494840693,40,6,2026-08-04 00:50:35.054000+00:00,1.008900000000001,0.3974999999999991
823520,yes,single,2026-08-04 01:18:33.195111+00:00,2026-08-04 01:19:39.160903+00:00,reversion,0.19,0.23000000000000004,12.45,0.22601962054760583,0.0940764719065201,52,1,2026-08-04 01:18:19.289000+00:00,0.20940000000000047,0.28859999999999975
823592,no,double,2026-08-02 19:53:59.700031+00:00,2026-08-02 19:55:11.561061+00:00,reversion,0.51,0.6499999999999999,4.73,0.40668427269835383,0.18089187030465717,57,2,2026-08-02 19:53:57.628000+00:00,0.5040000000000003,0.15819999999999967
823592,yes,single,2026-08-02 20:06:41.588915+00:00,2026-08-02 20:10:43.622521+00:00,timeout,0.07,0.08,33.53,0.08926303791896614,0.0013781434038059315,63,4,2026-08-02 20:06:29.087000+00:00,0.00970000000000093,0.3255999999999992
823593,yes,double,2026-08-01 00:01:43.447157+00:00,2026-08-01 00:04:34.176516+00:00,reversion,0.58,0.53,4.18,0.6269858206599674,0.5200441806224465,26,1,2026-08-01 00:01:29.224000+00:00,-0.35330000000000034,0.1443000000000002
823593,no,double,2026-08-01 00:14:04.090041+00:00,2026-08-01 00:17:25.186050+00:00,reversion,0.75,0.81,3.27,0.198621766750386,0.100527303397833,30,4,2026-08-01 00:13:59.360000+00:00,0.11790000000000056,0.07829999999999959
823593,yes,single,2026-08-01 00:32:37.649893+00:00,2026-08-01 00:36:40.216133+00:00,timeout,0.17,0.13,13.89,0.21933428245876446,0.11750899848340028,40,1,2026-08-01 00:32:25.405000+00:00,-0.8028999999999994,0.24729999999999935
823595,yes,field_error,2026-07-31 01:59:05.568872+00:00,2026-07-31 02:03:06.074469+00:00,timeout,0.76,0.75,3.23,0.8030496866860279,0.7092135028547265,47,1,2026-07-31 01:59:03.059000+00:00,-0.11600000000000055,0.08370000000000033
823595,yes,single,2026-07-31 02:40:13.746616+00:00,2026-07-31 02:40:14.042540+00:00,reversion,0.49,0.58,4.92,0.5783417808272161,0.3564110973744712,63,8,2026-07-31 02:40:10.693000+00:00,0.27269999999999944,0.17010000000000036
823596,yes,double,2026-07-29 18:24:56.040674+00:00,2026-07-29 18:28:57.609589+00:00,timeout,0.76,0.81,3.23,0.8466007296995799,0.8357335273081414,38,2,2026-07-29 18:24:53.300000+00:00,0.08540000000000036,0.07609999999999983
823597,yes,double,2026-07-28 01:09:29.275153+00:00,2026-07-28 01:09:51.641666+00:00,reversion,0.98,0.9900000000000001,2.54,0.9929716590809197,0.9861533248367095,61,2,2026-07-28 01:09:19.959000+00:00,0.02010000000000023,0.005300000000000082
823599,yes,double,2026-07-26 17:53:59.649679+00:00,2026-07-26 17:56:23.480276+00:00,reversion,0.5,0.5517184265010352,4.83,0.5550888100321046,0.49757980108884636,6,3,2026-07-26 17:53:58.394000+00:00,0.08140000000000036,0.16839999999999988
823599,no,single,2026-07-26 18:53:16.306716+00:00,2026-07-26 18:53:24.537253+00:00,reversion,0.78,0.85,3.15,0.1556244761326037,0.11313256945201222,31,5,2026-07-26 18:53:15.273000+00:00,0.15439999999999943,0.06610000000000049
823599,no,single,2026-07-26 20:18:41.996037+00:00,2026-07-26 20:20:52.434704+00:00,reversion,0.01,0.03,233.79,0.9699828578343707,0.9643589133749643,67,4,2026-07-26 20:18:36.075000+00:00,4.037399999999998,0.6384000000000012
823600,yes,fielders_choice,2026-07-25 23:51:42.229725+00:00,2026-07-25 23:53:14.697105+00:00,reversion,0.23,0.23999999999999996,10.31,0.2257250592056952,0.20649103623726017,18,2,2026-07-25 23:51:31.103000+00:00,-0.15660000000000018,0.2596999999999998
823600,no,double,2026-07-26 00:24:10.746061+00:00,2026-07-26 00:25:13.480384+00:00,reversion,0.91,0.9299999999999999,2.73,0.06812379251637356,0.06025370830557708,33,2,2026-07-26 00:24:04.567000+00:00,0.026399999999999757,0.028200000000000003
823600,yes,single,2026-07-26 00:35:28.033461+00:00,2026-07-26 00:38:06.511437+00:00,reversion,0.11,0.12000000000000001,21.39,0.1378100467615834,0.0985586422495762,40,3,2026-07-26 00:35:26.522000+00:00,-0.09089999999999954,0.30479999999999974
823600,yes,single,2026-07-26 00:43:57.542214+00:00,2026-07-26 00:44:04.962413+00:00,reversion,0.12,0.12203873598369014,19.62,0.16669723189682611,0.108508575969634,43,6,2026-07-26 00:43:55.644000+00:00,-0.25229999999999986,0.2922999999999999
823600,no,double,2026-07-26 01:50:05.055016+00:00,2026-07-26 01:52:49.855052+00:00,reversion,0.83,0.87,2.97,0.12348521197158095,0.08445392370975525,69,2,2026-07-26 01:50:01.615000+00:00,0.06580000000000075,0.05299999999999949
823601,no,double,2026-07-25 00:35:07.729050+00:00,2026-07-25 00:35:13.578061+00:00,reversion,0.62,0.67,3.92,0.3311695039577908,0.22092997846049278,41,3,2026-07-25 00:35:05.083000+00:00,0.07060000000000077,0.1253999999999994
823601,no,single,2026-07-25 00:52:25.906167+00:00,2026-07-25 00:52:27.584347+00:00,reversion,0.71,0.7500000000000001,3.45,0.2500440977906721,0.13883125986793654,48,3,2026-07-25 00:52:24.170000+00:00,0.042900000000000826,0.09509999999999952
823601,no,walk,2026-07-25 00:59:33.802106+00:00,2026-07-25 01:00:31.231563+00:00,reversion,0.73,0.73,3.36,0.1992845508506132,0.11511921245567425,51,8,2026-07-25 00:59:30.105000+00:00,-0.09280000000000044,0.09280000000000044
823674,yes,double,2026-07-30 18:41:53.533470+00:00,2026-07-30 18:42:42.727950+00:00,reversion,0.15,0.22,15.73,0.20240957866921389,0.09432173899643526,32,2,2026-07-30 18:41:52.004000+00:00,0.7717,0.3293999999999997
823674,yes,walk,2026-07-30 18:56:23.312803+00:00,2026-07-30 18:56:32.979262+00:00,reversion,0.19,0.23000000000000004,12.45,0.22359471752607782,0.12192555420510233,40,5,2026-07-30 18:56:17.878000+00:00,0.20940000000000047,0.28859999999999975
823674,yes,single,2026-07-30 19:29:48.902947+00:00,2026-07-30 19:29:57.379904+00:00,reversion,0.05,0.08,46.88,0.07307119311445129,0.018992196782637638,53,8,2026-07-30 19:29:46.163000+00:00,1.0089000000000008,0.3974999999999992
823677,yes,double,2026-07-30 01:04:54.645076+00:00,2026-07-30 01:07:39.898162+00:00,reversion,0.08,0.11,29.35,0.10367480565875659,0.03915964478606615,43,5,2026-07-30 01:04:53.024000+00:00,0.5280000000000004,0.3524999999999997
823678,yes,single,2026-07-26 19:00:51.231002+00:00,2026-07-26 19:05:25.223633+00:00,timeout,0.94,0.95,2.64,0.9648936183942536,0.9638853118133869,18,4,2026-07-26 19:00:44.700000+00:00,0.007099999999999884,0.019300000000000317
823678,yes,triple,2026-07-26 20:51:43.775156+00:00,2026-07-26 20:53:03.921014+00:00,reversion,0.97,0.99,2.57,0.9925482024884253,0.9877259923088292,67,5,2026-07-26 20:51:32.829000+00:00,0.04429999999999934,0.007100000000000772
823679,yes,single,2026-07-26 00:59:58.562653+00:00,2026-07-26 01:00:00.125255+00:00,reversion,0.78,0.8600000000000001,3.15,0.8285469655066331,0.8229296450591569,47,2,2026-07-26 00:59:56.846000+00:00,0.18750000000000044,0.06449999999999978
823679,no,fielders_choice,2026-07-26 01:23:58.451851+00:00,2026-07-26 01:23:59.841031+00:00,reversion,0.24,0.36,9.89,0.6710336334186074,0.6415067495460245,57,4,2026-07-26 01:23:49.643000+00:00,0.9009,0.2858999999999998
823750,yes,double,2026-08-08 00:41:37.658439+00:00,2026-08-08 00:44:16.686182+00:00,reversion,0.55,0.6431818181818182,4.4,0.6163998721576475,0.42974423456202293,33,2,2026-08-08 00:41:36.075000+00:00,0.2629999999999998,0.14700000000000002
823750,no,single,2026-08-08 00:55:43.549876+00:00,2026-08-08 00:56:21.631891+00:00,reversion,0.76,0.77,3.23,0.1960835569102855,0.10169396372961381,41,1,2026-08-08 00:55:37.494000+00:00,-0.04910000000000059,0.08140000000000036
823750,yes,single,2026-08-08 01:04:21.121301+00:00,2026-08-08 01:07:00.161909+00:00,reversion,0.47,0.56,5.12,0.5169951208098084,0.359195572856604,45,5,2026-08-08 01:04:16.411000+00:00,0.283100000000001,0.1776999999999993
823751,yes,single,2026-08-09 20:04:24.744686+00:00,2026-08-09 20:06:49.704824+00:00,reversion,0.37,0.51,6.47,0.46099241634767885,0.18332437106170785,49,6,2026-08-09 20:04:23.135000+00:00,0.6870000000000003,0.21879999999999988
823751,no,fielders_choice,2026-08-09 20:31:07.836355+00:00,2026-08-09 20:31:11.049540+00:00,reversion,0.46,0.51,5.23,0.49099134692327856,0.16650759092862444,61,10,2026-08-09 20:31:01.424000+00:00,0.07900000000000107,0.18249999999999922
823752,no,double,2026-08-08 23:46:23.348674+00:00,2026-08-08 23:50:31.119703+00:00,timeout,0.63,0.63,3.86,0.3007836797478721,0.24747639349942474,19,5,2026-08-08 23:46:21.841000+00:00,-0.12600000000000033,0.12600000000000033
823753,yes,walk,2026-08-06 01:34:23.033180+00:00,2026-08-06 01:34:24.862354+00:00,reversion,0.84,0.9100000000000001,2.94,0.9050596505364416,0.8625269868835489,48,6,2026-08-06 01:34:06.373000+00:00,0.16120000000000045,0.04459999999999997
823754,yes,single,2026-08-06 19:08:23.472577+00:00,,settlement,0.48,,5.02,0.556767564195295,0.42100075279547,25,1,2026-08-06 19:08:22.119000+00:00,0.2822999999999994,0.1738000000000004
823756,no,hit_by_pitch,2026-08-05 01:44:37.477196+00:00,2026-08-05 01:44:59.611938+00:00,reversion,0.1,0.14,23.51,0.86633008800533,0.7873856866812792,61,3,2026-08-05 01:44:33.930000+00:00,0.5940000000000007,0.34639999999999915
823757,no,double,2026-08-04 00:18:24.292858+00:00,2026-08-04 00:18:25.827964+00:00,reversion,0.64,0.7,3.81,0.31016900541211584,0.1614254052080515,21,3,2026-08-04 00:18:22.661000+00:00,0.11099999999999977,0.11759999999999993
823757,no,single,2026-08-04 00:36:34.706926+00:00,2026-08-04 00:40:37.588171+00:00,timeout,0.84,0.81,2.94,0.1236901035269802,0.062057643034610255,29,3,2026-08-04 00:36:28.968000+00:00,-0.14759999999999973,0.05940000000000012
823757,no,hit_by_pitch,2026-08-04 01:24:37.468510+00:00,2026-08-04 01:24:43.453863+00:00,reversion,0.44,0.5316849816849818,5.46,0.4799898229690069,0.2679398746586604,53,4,2026-08-04 01:24:32.855000+00:00,0.3112000000000007,0.1893999999999995
823758,no,double,2026-07-25 23:55:24.315710+00:00,2026-07-25 23:55:26.388252+00:00,reversion,0.24,0.31448938321536907,9.89,0.7078506969034134,0.5666307479751569,24,1,2026-07-25 23:55:17.548000+00:00,0.4610000000000003,0.2756999999999996
823758,no,single,2026-07-25 23:57:49.663721+00:00,2026-07-25 23:57:52.226860+00:00,reversion,0.39,0.44,6.14,0.5615010731815424,0.39752951175334994,25,6,2026-07-25 23:57:47.489000+00:00,0.09870000000000001,0.20829999999999993
823758,no,single,2026-07-26 01:52:34.822004+00:00,,settlement,0.01,,233.79,0.9732763690106048,0.9557252154837987,76,3,2026-07-26 01:52:32.537000+00:00,4.037100000000001,0.6383999999999992
823834,yes,double,2026-08-08 21:01:10.197699+00:00,2026-08-08 21:02:05.388943+00:00,reversion,0.85,0.9,2.91,0.8907682274269642,0.8278022033032909,24,5,2026-08-08 21:01:03.619000+00:00,0.10110000000000063,0.04439999999999955
823834,no,triple,2026-08-08 21:33:52.156258+00:00,2026-08-08 21:38:00.854714+00:00,timeout,0.02,0.025088484226724803,116.97,0.964010845736181,0.9594000667343646,38,1,2026-08-08 21:33:42.404000+00:00,0.23450000000000015,0.3606999999999998
823835,yes,single,2026-08-09 18:01:05.209555+00:00,2026-08-09 18:03:39.706495+00:00,reversion,0.76,0.8199999999999998,3.23,0.8001596210203152,0.7260733152503762,8,5,2026-08-09 18:01:01.258000+00:00,0.1190999999999991,0.07470000000000043
823835,yes,single,2026-08-09 19:18:14.427379+00:00,2026-08-09 19:18:38.169886+00:00,reversion,0.97,0.99,2.57,0.9899350285688252,0.9780428196930558,49,2,2026-08-09 19:18:01.938000+00:00,0.04429999999999934,0.007100000000000772
823836,yes,single,2026-08-07 23:17:36.476867+00:00,2026-08-07 23:21:38.866040+00:00,timeout,0.55,0.53,4.4,0.6003920804050854,0.44179512525856734,5,2,2026-08-07 23:17:32.258000+00:00,-0.24109999999999943,0.15309999999999935
823836,no,walk,2026-08-08 00:33:23.710909+00:00,,settlement,0.42,,5.72,0.5110366716641004,0.3592347714735793,40,6,2026-08-08 00:33:22.602000+00:00,-0.14970000000000044,0.19550000000000034
823837,no,single,2026-07-29 17:20:01.749634+00:00,2026-07-29 17:24:02.572457+00:00,timeout,0.97,0.97,2.57,0.012533386989484797,0.014203867657464286,37,5,2026-07-29 17:19:57.346000+00:00,-0.010600000000001053,0.010600000000001053
823837,yes,double,2026-07-29 17:41:16.131810+00:00,2026-07-29 17:43:33.487284+00:00,reversion,0.11,0.1,21.39,0.13681954436494786,0.08854638666369309,50,2,2026-07-29 17:41:13.717000+00:00,-0.4952999999999994,0.28139999999999965
823837,no,single,2026-07-29 18:11:26.531628+00:00,2026-07-29 18:15:28.159060+00:00,timeout,0.44,0.53,5.46,0.3737067087082392,0.3367686292243269,62,3,2026-07-29 18:11:25.168000+00:00,0.3019000000000005,0.18949999999999967
823839,no,single,2026-07-28 00:30:01.656084+00:00,2026-07-28 00:30:04.891690+00:00,reversion,0.54,0.66,4.48,0.3750876249730197,0.18650599867526652,52,3,2026-07-28 00:29:59.023000+00:00,0.3893000000000004,0.14829999999999943
823839,no,single,2026-07-28 01:02:48.160957+00:00,2026-07-28 01:02:51.086606+00:00,reversion,0.89,0.92,2.78,0.08211716788883484,0.036156036310098894,66,2,2026-07-28 01:02:29.364000+00:00,0.04989999999999961,0.03350000000000053
823839,no,single,2026-07-28 01:36:04.842242+00:00,2026-07-28 01:37:15.067166+00:00,reversion,0.07,0.17,33.53,0.8485674561067525,0.029203284292601606,80,1,2026-07-28 01:36:03.651000+00:00,2.868900000000002,0.48409999999999886
823839,no,single,2026-07-28 01:35:02.432521+00:00,2026-07-28 01:39:02.481589+00:00,timeout,0.19,0.20755823293172695,12.45,0.6328939796504168,0.017654818312708303,79,6,2026-07-28 01:35:01.300000+00:00,-0.05899999999999972,0.27759999999999974
823841,no,single,2026-07-25 21:00:53.310630+00:00,2026-07-25 21:03:29.710859+00:00,reversion,0.57,0.62,4.25,0.3188622196450124,0.25723876752291763,20,1,2026-07-25 21:00:51.364000+00:00,0.0693999999999999,0.1431
823841,yes,single,2026-07-25 21:04:58.032733+00:00,2026-07-25 21:07:12.576101+00:00,reversion,0.45,0.49000000000000005,5.34,0.5075668678723451,0.4226475626318691,22,2,2026-07-25 21:04:54.293000+00:00,0.027499999999999858,0.18610000000000015
823841,yes,single,2026-07-25 22:49:28.239671+00:00,2026-07-25 22:53:31.276989+00:00,timeout,0.01,0.018151332392317893,233.79,0.0238908314287502,0.00917104856827522,59,1,2026-07-25 22:49:21.698000+00:00,1.4521000000000002,0.4536
823841,yes,single,2026-07-25 22:55:47.196773+00:00,,settlement,0.01,,233.79,0.03430886526415531,0.02009290233947977,61,4,2026-07-25 22:55:39.371000+00:00,2.6048,0.5363
823843,yes,double,2026-07-25 01:32:04.801716+00:00,2026-07-25 01:36:05.320325+00:00,timeout,0.58,0.57,4.18,0.6245482878996736,0.4236934054028125,61,5,2026-07-25 01:31:48.025000+00:00,-0.18490000000000073,0.14310000000000045
823843,yes,double,2026-07-25 01:38:59.379273+00:00,2026-07-25 01:41:22.362277+00:00,reversion,0.33,0.4099999999999999,7.23,0.37097267657426536,0.1669576759604533,63,2,2026-07-25 01:38:55.651000+00:00,0.34399999999999986,0.23439999999999972
823843,yes,single,2026-07-24 23:26:38.385348+00:00,,settlement,0.53,,4.56,0.5883646851546878,0.5239326507496863,8,1,2026-07-24 23:26:35.156000+00:00,0.2032999999999989,0.15540000000000065
823919,no,single,2026-08-02 23:31:54.767793+00:00,2026-08-02 23:31:57.077137+00:00,reversion,0.56,0.61,4.33,0.3902656123213399,0.27417377951021027,6,2,2026-08-02 23:31:53.181000+00:00,0.06960000000000077,0.14689999999999914
823919,no,single,2026-08-03 01:31:02.032199+00:00,2026-08-03 01:31:02.881113+00:00,reversion,0.77,0.83,3.19,0.1792389355347253,0.07756990728723542,58,5,2026-08-03 01:31:00.690000+00:00,0.12020000000000008,0.07119999999999971
823920,yes,single,2026-08-02 02:55:52.011531+00:00,2026-08-02 02:59:52.540512+00:00,timeout,0.29,0.35,8.21,0.3891336070986627,0.1421192100981622,55,1,2026-08-02 02:55:48.336000+00:00,0.24339999999999984,0.2492000000000001
823921,yes,walk,2026-07-31 02:23:18.622411+00:00,2026-07-31 02:25:03.089385+00:00,reversion,0.61,0.73,3.98,0.6829052428873652,0.5603215142919233,5,6,2026-07-31 02:23:15.990000+00:00,0.3562999999999996,0.12130000000000019
823921,no,triple,2026-07-31 03:41:10.447408+00:00,2026-07-31 03:41:46.811130+00:00,reversion,0.05,0.09,46.88,0.9307722685785277,0.915117890049259,41,3,2026-07-31 03:41:00.227000+00:00,1.4504000000000006,0.4247999999999994
823921,no,walk,2026-07-31 03:49:05.779160+00:00,2026-07-31 03:53:07.257166+00:00,timeout,0.23,0.09,10.31,0.7066050121518667,0.7634493265129798,46,5,2026-07-31 03:48:59.660000+00:00,-1.6305,0.18709999999999982
823922,no,field_error,2026-08-01 02:56:53.892752+00:00,2026-08-01 02:56:57.862948+00:00,reversion,0.75,0.85,3.27,0.19739603590051566,0.1274847278005251,20,2,2026-08-01 02:56:52.675000+00:00,0.25480000000000036,0.0721999999999996
823922,no,single,2026-08-01 04:16:11.737405+00:00,2026-08-01 04:16:57.143647+00:00,reversion,0.65,0.73,3.75,0.2996027231637907,0.124599940087596,59,1,2026-08-01 04:16:10.824000+00:00,0.18839999999999968,0.11160000000000014
823922,no,double,2026-08-01 04:19:23.588194+00:00,2026-08-01 04:19:30.435187+00:00,reversion,0.84,0.9,2.94,0.10408109837799066,0.032821288793010384,61,5,2026-08-01 04:19:21.474000+00:00,0.13009999999999955,0.04630000000000045
823922,yes,single,2026-08-01 04:38:38.755682+00:00,2026-08-01 04:40:24.422918+00:00,reversion,0.08,0.1,29.35,0.10259675007751796,0.025297908495238473,71,3,2026-08-01 04:38:31.826000+00:00,0.25070000000000103,0.33629999999999916
823923,yes,walk,2026-07-29 04:46:20.515215+00:00,2026-07-29 04:47:54.389870+00:00,reversion,0.18,0.2461919268849962,13.13,0.22944641929952755,0.0034950407655392293,77,9,2026-07-29 04:46:18.654000+00:00,0.5627,0.3064000000000001
823924,no,single,2026-07-30 03:30:12.482936+00:00,2026-07-30 03:31:06.298947+00:00,reversion,0.06,0.08488360194423127,39.09,0.9191025757756571,0.8865135889592186,35,6,2026-07-30 03:30:08.574000+00:00,0.6056000000000004,0.36709999999999976
823999,yes,single,2026-08-01 02:56:16.589732+00:00,2026-08-01 03:00:18.325111+00:00,timeout,0.03,0.04,78.03,0.057542673630700744,0.02674186570434036,40,2,2026-08-01 02:56:12.402000+00:00,0.4115000000000002,0.3687999999999998
823999,yes,walk,2026-08-01 03:03:47.556943+00:00,2026-08-01 03:07:53.492736+00:00,timeout,0.06,0.06,39.09,0.08092299744781935,0.03684722247483701,44,7,2026-08-01 03:03:38.661000+00:00,-0.30879999999999974,0.30879999999999974
824001,yes,double,2026-07-28 02:47:20.189737+00:00,2026-07-28 02:51:20.745437+00:00,timeout,0.89,0.89,2.78,0.9225879398229053,0.9165636024287037,28,5,2026-07-28 02:47:08.530000+00:00,-0.03820000000000068,0.03820000000000068
824001,no,field_error,2026-07-28 04:43:57.107551+00:00,2026-07-28 04:44:11.972272+00:00,reversion,0.91,0.94,2.73,0.06543495742067987,0.0012946001892837344,77,5,2026-07-28 04:43:51.336000+00:00,0.05539999999999967,0.026499999999999968
824001,no,fielders_choice,2026-07-28 04:28:00.089880+00:00,,settlement,0.41,,5.85,0.5192945361246378,0.5075739812918106,71,2,2026-07-28 04:27:56.835000+00:00,0.27180000000000026,0.20129999999999992
824002,no,single,2026-07-30 04:21:59.325981+00:00,2026-07-30 04:23:09.535901+00:00,reversion,0.95,0.98,2.62,0.026943781141446976,0.0004752799173409761,77,6,2026-07-30 04:21:57.105000+00:00,0.06610000000000024,0.012500000000000011
824003,yes,single,2026-07-29 04:23:17.904366+00:00,2026-07-29 04:24:49.108022+00:00,reversion,0.26,0.41094091903719915,9.14,0.35392570698798215,0.006673703000410591,70,2,2026-07-29 04:23:15.641000+00:00,1.1016000000000006,0.27799999999999936
824003,yes,double,2026-07-29 04:20:31.845368+00:00,,settlement,0.28,,8.5,0.32667033177967225,0.005892577029259161,68,4,2026-07-29 04:20:24.286000+00:00,0.7918000000000003,0.2632999999999996
824079,yes,single,2026-08-08 23:36:14.230209+00:00,2026-08-08 23:37:33.372547+00:00,reversion,0.72,0.75,3.4,0.7855042614613569,0.80170628261153,14,3,2026-08-08 23:36:10.375000+00:00,0.009299999999999642,0.09270000000000023
824079,yes,double,2026-08-09 01:34:12.568485+00:00,2026-08-09 01:36:35.182446+00:00,reversion,0.93,0.96,2.67,0.9500347952957665,0.891532131367622,70,6,2026-08-09 01:34:10.537000+00:00,0.060699999999999754,0.019400000000000084
824080,yes,single,2026-08-07 00:29:42.091938+00:00,2026-08-07 00:33:45.359480+00:00,timeout,0.73,0.76,3.36,0.7896427566575951,0.7427848024322193,22,3,2026-08-07 00:29:40.771000+00:00,0.011399999999999633,0.08940000000000037
824080,yes,double,2026-08-07 01:18:03.119345+00:00,2026-08-07 01:19:48.578595+00:00,reversion,0.78,0.82,3.15,0.8285572524743363,0.7729019309677603,43,3,2026-08-07 01:18:00.476000+00:00,0.05549999999999944,0.07050000000000045
824080,no,single,2026-08-07 01:52:00.653862+00:00,2026-08-07 01:52:02.918068+00:00,reversion,0.28,0.3758823529411765,8.5,0.6594266680749657,0.5610950878168193,58,4,2026-08-07 01:51:57.889000+00:00,0.5554000000000001,0.2595999999999996
824080,no,hit_by_pitch,2026-08-07 01:55:57.079200+00:00,2026-08-07 01:56:55.702575+00:00,reversion,0.42,0.47,5.72,0.5317057481855927,0.4506958797443915,59,4,2026-08-07 01:55:55.419000+00:00,0.08859999999999957,0.19740000000000046
824080,no,single,2026-08-07 01:58:13.788309+00:00,2026-08-07 01:58:17.656450+00:00,reversion,0.7,0.76,3.49,0.25349793471669285,0.058757104841187346,60,4,2026-08-07 01:58:11.351000+00:00,0.11339999999999995,0.09600000000000009
824080,no,walk,2026-08-07 02:00:12.516007+00:00,2026-08-07 02:00:19.722386+00:00,reversion,0.77,0.85,3.19,0.15903651405291563,0.04062105923690851,61,5,2026-08-07 02:00:08.488000+00:00,0.18710000000000004,0.06809999999999983
824080,yes,single,2026-08-07 00:57:28.117298+00:00,,settlement,0.48,,5.02,0.6212267620327285,0.5093024061104096,35,4,2026-08-07 00:57:25.083000+00:00,0.5770999999999997,0.16960000000000042
824081,yes,walk,2026-08-08 02:30:53.870542+00:00,2026-08-08 02:34:57.332713+00:00,reversion,0.12,0.06,19.62,0.1469755252093981,0.06334745419656712,69,6,2026-08-08 02:30:43.729000+00:00,-1.3997999999999997,0.2225999999999997
824082,yes,walk,2026-08-06 01:01:26.798467+00:00,2026-08-06 01:01:43.820225+00:00,reversion,0.55,0.6236363636363635,4.4,0.6006238500640445,0.46573874050496555,36,5,2026-08-06 01:01:21.998000+00:00,0.17539999999999983,0.14859999999999984
824084,yes,fielders_choice,2026-08-05 01:14:38.796271+00:00,2026-08-05 01:15:03.728661+00:00,reversion,0.91,0.94,2.73,0.9353756572011089,0.915606980731377,42,5,2026-08-05 01:14:35.583000+00:00,0.05539999999999967,0.026499999999999968
824084,yes,walk,2026-08-05 00:45:29.971307+00:00,,settlement,0.53,,4.56,0.6391393426231222,0.4864169851012835,28,5,2026-08-05 00:45:19.420000+00:00,-0.1542999999999999,0.1589999999999998
824084,yes,walk,2026-08-05 01:33:04.048507+00:00,,settlement,0.93,,2.67,0.952001513414822,0.9306965942414793,50,6,2026-08-05 01:32:55.674000+00:00,0.032799999999999725,0.02110000000000023
824158,no,double,2026-08-05 19:38:37.635574+00:00,2026-08-05 19:39:51.440184+00:00,reversion,0.07,0.08,33.53,0.9066422600424912,0.8716807703587219,41,2,2026-08-05 19:38:36.117000+00:00,0.00970000000000093,0.3255999999999992
824160,yes,single,2026-08-04 01:13:22.504435+00:00,2026-08-04 01:14:46.465437+00:00,reversion,0.28,0.28,8.5,0.3308470875745906,0.1536768598900226,34,1,2026-08-04 01:13:20.309000+00:00,-0.23999999999999932,0.23999999999999932
824161,yes,single,2026-08-05 01:17:47.738419+00:00,2026-08-05 01:19:53.394467+00:00,reversion,0.73,0.79,3.36,0.7783278849251264,0.6548862553319145,32,2,2026-08-05 01:17:43.006000+00:00,0.11609999999999987,0.08550000000000013
824161,yes,single,2026-08-05 01:20:03.143232+00:00,2026-08-05 01:24:11.585024+00:00,timeout,0.82,0.8299999999999998,3.01,0.8738313942165319,0.8059162303756979,33,3,2026-08-05 01:20:01.723000+00:00,-0.030800000000000605,0.06090000000000062
824162,yes,single,2026-08-02 00:07:16.825547+00:00,2026-08-02 00:09:42.956573+00:00,reversion,0.73,0.78,3.36,0.8137969761389666,0.7224041924362107,28,1,2026-08-02 00:07:13.437000+00:00,0.08119999999999994,0.08680000000000021
824163,no,single,2026-08-02 19:25:48.501143+00:00,2026-08-02 19:26:37.880873+00:00,reversion,0.22,0.26,10.77,0.7427026456817319,0.6591907137876443,37,3,2026-08-02 19:25:35.793000+00:00,0.15629999999999944,0.27450000000000063
824163,yes,single,2026-08-02 20:34:17.073327+00:00,2026-08-02 20:35:42.671919+00:00,reversion,0.9,0.95,2.75,0.9512329504610932,0.9226202943422335,64,3,2026-08-02 20:34:13.479000+00:00,0.11079999999999968,0.026700000000000168
824164,yes,single,2026-08-01 02:13:00.200239+00:00,2026-08-01 02:17:18.209002+00:00,timeout,0.95,0.9699999999999999,2.62,0.9760546767606999,0.9319236606356239,51,4,2026-08-01 02:12:45.480000+00:00,0.03819999999999979,0.014200000000000212
824242,yes,double,2026-07-29 17:45:05.764394+00:00,2026-07-29 17:45:37.536628+00:00,reversion,0.68,0.81,3.59,0.7861043086433869,0.6903681978341683,19,4,2026-07-29 17:45:04.577000+00:00,0.37320000000000053,0.09349999999999947
824242,no,single,2026-07-29 18:58:59.673183+00:00,2026-07-29 18:59:08.215954+00:00,reversion,0.02,0.05,116.97,0.9519446666775111,0.9476016335928011,55,4,2026-07-29 18:58:58.011000+00:00,2.9596000000000013,0.5494999999999992
824243,yes,triple,2026-07-28 22:59:50.750374+00:00,2026-07-28 23:03:51.767894+00:00,timeout,0.74,0.76,3.31,0.8095844370355472,0.7478889850484233,9,5,2026-07-28 22:59:47.985000+00:00,-0.02070000000000017,0.08690000000000042
824243,yes,single,2026-07-28 23:30:35.916709+00:00,2026-07-28 23:34:37.195828+00:00,timeout,0.96,0.96,2.59,0.976534362281532,0.9671446717266478,28,3,2026-07-28 23:30:33.149000+00:00,-0.014000000000000234,0.014000000000000234
824244,yes,double,2026-07-25 17:35:38.197599+00:00,2026-07-25 17:36:49.859925+00:00,reversion,0.58,0.66,4.18,0.6276441581960487,0.4532951388289272,13,1,2026-07-25 17:35:34.730000+00:00,0.19740000000000002,0.137
824244,yes,double,2026-07-25 17:37:05.029865+00:00,2026-07-25 17:38:46.711735+00:00,reversion,0.68,0.68,3.59,0.7238578952262379,0.5872730557958067,14,3,2026-07-25 17:36:59.853000+00:00,-0.10939999999999905,0.10939999999999905
824244,no,single,2026-07-25 19:28:03.236302+00:00,2026-07-25 19:30:35.582197+00:00,reversion,0.61,0.78,3.98,0.24641595150649165,0.00520918017792608,69,5,2026-07-25 19:28:02.516000+00:00,0.5624000000000002,0.11419999999999986
824245,yes,triple,2026-07-27 23:15:33.202809+00:00,2026-07-27 23:17:14.589583+00:00,reversion,0.29,0.3424482338611449,8.21,0.37755594274548615,0.2706153043242714,18,1,2026-07-27 23:15:25.723000+00:00,0.18270000000000047,0.24789999999999981
824245,yes,double,2026-07-28 00:18:07.909187+00:00,2026-07-28 00:19:57.333070+00:00,reversion,0.2,0.29999999999999993,11.83,0.277639694444727,0.1457019111300859,48,5,2026-07-28 00:18:06.122000+00:00,0.8764999999999992,0.3065000000000002
824246,no,hit_by_pitch,2026-07-26 17:46:31.815427+00:00,2026-07-26 17:47:33.951139+00:00,reversion,0.52,0.54,4.65,0.4229080147462432,0.27755018881668914,3,3,2026-07-26 17:46:24.888000+00:00,-0.0691999999999986,0.162199999999999
824246,yes,double,2026-07-26 19:23:38.361376+00:00,2026-07-26 19:24:11.120973+00:00,reversion,0.5,0.61,4.83,0.6133621657378808,0.4301413043756521,46,9,2026-07-26 19:23:27.687000+00:00,0.36619999999999964,0.16510000000000025
824246,no,single,2026-07-26 20:39:45.951109+00:00,2026-07-26 20:40:46.242183+00:00,reversion,0.46,0.57,5.23,0.4677954845874784,0.008243811837359272,77,3,2026-07-26 20:39:42.546000+00:00,0.3945000000000003,0.18079999999999963
824248,yes,single,2026-07-24 22:50:57.819687+00:00,2026-07-24 22:52:59.626378+00:00,reversion,0.79,0.8399999999999999,3.11,0.8258408564182795,0.6134883471305311,5,2,2026-07-24 22:50:54.976000+00:00,0.08999999999999897,0.06550000000000056
824321,yes,single,2026-08-05 01:25:32.223599+00:00,2026-08-05 01:26:13.992797+00:00,reversion,0.2,0.28,11.83,0.24414401129104232,0.17070471734595893,23,10,2026-08-05 01:25:17.919000+00:00,0.6469000000000005,0.29949999999999966
824321,no,double,2026-08-05 03:22:42.412021+00:00,2026-08-05 03:23:29.413352+00:00,reversion,0.44,0.52,5.46,0.49090851510798594,0.0072141533021918705,77,1,2026-08-05 03:22:39.129000+00:00,0.24719999999999986,0.1896
824322,yes,double,2026-08-05 19:48:33.265285+00:00,2026-08-05 19:52:43.636019+00:00,timeout,0.23,0.23,10.31,0.27497409710748094,0.20132235665310225,17,2,2026-08-05 19:48:32.118000+00:00,-0.2557999999999998,0.2557999999999998
824322,yes,walk,2026-08-05 21:30:51.379776+00:00,2026-08-05 21:34:52.019539+00:00,timeout,0.02,0.03,116.97,0.043766800852744175,0.014580096326262122,61,6,2026-08-05 21:30:47.002000+00:00,0.7708999999999997,0.39880000000000004
824324,no,single,2026-08-04 01:08:07.696109+00:00,2026-08-04 01:10:07.669201+00:00,reversion,0.93,0.94,2.67,0.05075615321199752,0.04814761549914626,13,5,2026-08-04 01:07:59.210000+00:00,0.0038999999999997925,0.022800000000000153
824324,no,single,2026-08-04 01:11:01.059972+00:00,2026-08-04 01:15:08.782810+00:00,timeout,0.94,0.95,2.64,0.033169002438167096,0.03137248500877132,15,3,2026-08-04 01:10:49.838000+00:00,0.007099999999999884,0.019300000000000317
824324,yes,triple,2026-08-04 01:15:26.611999+00:00,2026-08-04 01:17:50.698365+00:00,reversion,0.07,0.07,33.53,0.08932876206892638,0.036999559589628174,18,1,2026-08-04 01:15:23.753000+00:00,-0.3055999999999992,0.3055999999999992
824325,yes,field_error,2026-08-01 02:35:45.903991+00:00,2026-08-01 02:36:41.203931+00:00,reversion,0.75,0.81,3.27,0.7991468229402395,0.7812938354986454,29,2,2026-08-01 02:35:41.449000+00:00,0.11790000000000056,0.07829999999999959
824325,no,double,2026-08-01 02:36:57.980962+00:00,2026-08-01 02:37:32.385964+00:00,reversion,0.16,0.17,14.75,0.8496243245588435,0.862903574775267,30,2,2026-08-01 02:36:49.908000+00:00,-0.13699999999999957,0.2845
824325,yes,field_error,2026-08-01 03:00:02.106450+00:00,2026-08-01 03:00:51.278148+00:00,reversion,0.83,0.86,2.97,0.863027418939653,0.8669079461805073,43,2,2026-08-01 02:59:55.565000+00:00,0.03460000000000063,0.05449999999999955
824325,yes,triple,2026-08-01 01:59:59.032545+00:00,,settlement,0.53,,4.56,0.5922649984963693,0.6356274834044993,12,4,2026-08-01 01:59:45.101000+00:00,0.21329999999999869,0.15540000000000065
824326,yes,walk,2026-08-02 00:52:29.799705+00:00,2026-08-02 00:53:27.883694+00:00,reversion,0.24,0.3,9.89,0.27715198339525604,0.12066458983726142,21,5,2026-08-02 00:52:24.461000+00:00,0.3217000000000003,0.2716999999999996
824326,no,single,2026-08-02 01:18:07.828552+00:00,2026-08-02 01:20:42.074993+00:00,reversion,0.29,0.35999999999999993,8.21,0.6632252212264076,0.6435889827291739,34,4,2026-08-02 01:18:04.573000+00:00,0.32379999999999953,0.2509000000000001
824326,yes,double,2026-08-02 00:59:44.900160+00:00,,settlement,0.48,,5.02,0.5261301607920772,0.3575826837601298,25,4,2026-08-02 00:59:43.414000+00:00,-0.17020000000000032,0.17540000000000022
824401,yes,single,2026-08-06 18:36:05.888155+00:00,2026-08-06 18:38:00.024023+00:00,reversion,0.1,0.15,23.51,0.1272737809331264,0.060434669008853546,47,1,2026-08-06 18:35:58.283000+00:00,0.8173999999999999,0.35809999999999964
824402,yes,walk,2026-08-05 23:45:43.519819+00:00,2026-08-05 23:46:18.548194+00:00,reversion,0.17,0.23,13.89,0.23066241411069713,0.19529871281256797,28,7,2026-08-05 23:45:29.094000+00:00,0.5240000000000005,0.30939999999999923
824402,yes,double,2026-08-05 23:47:55.871423+00:00,2026-08-05 23:48:31.524650+00:00,reversion,0.3,0.3887405541561713,7.94,0.35490611848267273,0.32039089321826963,29,5,2026-08-05 23:47:52.301000+00:00,0.45570000000000077,0.24889999999999973
824403,yes,walk,2026-08-04 23:29:44.408832+00:00,2026-08-04 23:32:55.468220+00:00,reversion,0.25,0.28,9.5,0.29328095100798923,0.17166773599157026,27,6,2026-08-04 23:29:38.311000+00:00,0.026200000000000667,0.2587999999999995
824403,yes,double,2026-08-04 23:33:07.165795+00:00,2026-08-04 23:34:25.910620+00:00,reversion,0.3,0.25,7.94,0.3652087673367938,0.25396823053275963,29,2,2026-08-04 23:33:02.580000+00:00,-0.6181,0.22110000000000013
824403,yes,field_error,2026-08-05 00:28:21.992332+00:00,2026-08-05 00:28:39.761045+00:00,reversion,0.12,0.16,19.62,0.150021448837279,0.08947007576825425,60,1,2026-08-05 00:28:16.191000+00:00,0.4551000000000007,0.32969999999999944
824403,yes,walk,2026-08-05 00:30:10.295280+00:00,2026-08-05 00:34:13.509644+00:00,timeout,0.2,0.16,11.83,0.25066873554884206,0.13648352820033377,61,5,2026-08-05 00:30:02.894000+00:00,-0.7170000000000001,0.24380000000000002
824404,no,walk,2026-08-02 20:53:43.868853+00:00,2026-08-02 20:53:45.635657+00:00,reversion,0.03,0.06,78.03,0.9523571347531703,0.9082949053203142,45,6,2026-08-02 20:53:38.560000+00:00,1.8738000000000006,0.4670999999999994
824405,no,single,2026-08-02 00:45:28.130061+00:00,2026-08-02 00:45:44.711923+00:00,reversion,0.34,0.4,7.02,0.6113547585600261,0.4502699699971956,39,5,2026-08-02 00:45:20.674000+00:00,0.1928999999999994,0.2283000000000004
824405,no,double,2026-08-02 01:39:23.353238+00:00,2026-08-02 01:39:25.551413+00:00,reversion,0.89,0.93,2.78,0.07006917301571441,0.022688892879161537,61,2,2026-08-02 01:39:21.287000+00:00,0.07939999999999969,0.031800000000000495
824407,no,single,2026-08-01 01:19:52.955553+00:00,2026-08-01 01:20:42.373802+00:00,reversion,0.65,0.7900000000000001,3.75,0.30160695497087375,0.12525499419671637,58,3,2026-08-01 01:19:51.351000+00:00,0.42160000000000064,0.10339999999999971
824481,no,single,2026-08-06 17:24:39.420824+00:00,2026-08-06 17:27:14.610321+00:00,reversion,0.4,0.5599999999999999,5.99,0.5454576605966673,0.4263373842110688,21,2,2026-08-06 17:24:38.237000+00:00,0.7543000000000009,0.2040999999999994
824481,yes,walk,2026-08-06 18:10:43.088698+00:00,2026-08-06 18:12:44.222673+00:00,reversion,0.76,0.87,3.23,0.8504233007272377,0.7222159233531643,43,4,2026-08-06 18:10:38.302000+00:00,0.2883999999999993,0.0669000000000004
824481,yes,single,2026-08-06 19:18:01.858736+00:00,,settlement,0.97,,2.57,0.9849469411273288,0.9467748313834456,70,7,2026-08-06 19:17:51.102000+00:00,-0.06480000000000083,0.01390000000000069
824482,yes,single,2026-08-05 23:12:39.989199+00:00,2026-08-05 23:16:48.422031+00:00,timeout,0.61,0.59,3.98,0.6600970519234897,0.4683824115235576,15,8,2026-08-05 23:12:32.150000+00:00,-0.21330000000000027,0.13370000000000015
824483,yes,single,2026-08-02 18:41:32.176271+00:00,2026-08-02 18:42:35.542443+00:00,reversion,0.96,0.98,2.59,0.977963835508086,0.9663491916456114,28,1,2026-08-02 18:41:29.255000+00:00,0.0411999999999999,0.010600000000000165
824484,no,single,2026-08-04 23:27:45.177094+00:00,2026-08-04 23:31:47.939695+00:00,timeout,0.54,0.52,4.48,0.40629209224350893,0.2801977323411272,24,1,2026-08-04 23:27:40.885000+00:00,-0.24580000000000002,0.15619999999999967
824485,yes,walk,2026-08-01 23:21:31.928818+00:00,2026-08-01 23:21:32.226334+00:00,reversion,0.1,0.1314929817099107,23.51,0.12658045559996997,0.08793452474070629,19,6,2026-08-01 23:21:26.441000+00:00,0.40420000000000056,0.33619999999999955
824485,yes,hit_by_pitch,2026-08-01 23:46:38.397470+00:00,2026-08-01 23:49:42.870793+00:00,reversion,0.18,0.19000000000000003,13.13,0.229411555254777,0.16349264650645987,30,3,2026-08-01 23:46:34.091000+00:00,-0.14589999999999925,0.27719999999999967
824486,yes,single,2026-07-31 22:34:21.510177+00:00,2026-07-31 22:36:44.387926+00:00,reversion,0.46,0.48999999999999994,5.23,0.5309112633260604,0.4208010286193488,12,5,2026-07-31 22:34:17.973000+00:00,-0.025599999999999845,0.18249999999999966
824486,yes,triple,2026-07-31 23:28:07.719106+00:00,2026-07-31 23:28:53.140541+00:00,reversion,0.58,0.67,4.18,0.6420122119277822,0.4973841694665158,38,4,2026-07-31 23:28:02.937000+00:00,0.24019999999999975,0.13600000000000012
824486,no,single,2026-08-01 00:36:50.927575+00:00,2026-08-01 00:37:45.336141+00:00,reversion,0.83,0.8800000000000001,2.97,0.12682232260048093,0.029966952423288173,72,3,2026-08-01 00:36:49.396000+00:00,0.09710000000000063,0.05139999999999967
824486,yes,single,2026-08-01 00:46:38.065735+00:00,2026-08-01 00:46:42.337648+00:00,reversion,0.3,0.38,7.94,0.3787286930038218,0.15815808657467662,75,3,2026-08-01 00:46:36.289000+00:00,0.3874000000000004,0.2477999999999998
824486,yes,hit_by_pitch,2026-08-01 01:07:09.443749+00:00,2026-08-01 01:09:45.824032+00:00,reversion,0.92,0.99,2.7,0.9572995146589827,0.7529504640875887,84,3,2026-08-01 01:07:06.233000+00:00,0.1730999999999998,0.015899999999999803
824486,no,single,2026-07-31 23:38:42.995045+00:00,,settlement,0.34,,7.02,0.6152737372319391,0.4590865354282303,43,2,2026-07-31 23:38:38.123000+00:00,0.41050000000000014,0.2307999999999999
824487,no,single,2026-07-29 23:53:26.234975+00:00,2026-07-29 23:55:59.628038+00:00,reversion,0.63,0.62,3.86,0.3237546524579745,0.2828261334678286,20,4,2026-07-29 23:53:23.321000+00:00,-0.16530000000000067,0.12670000000000048
824487,no,single,2026-07-30 00:32:31.439134+00:00,2026-07-30 00:34:40.020704+00:00,reversion,0.81,0.8000000000000002,3.04,0.1475245688946676,0.097207481982994,39,2,2026-07-30 00:32:28.506000+00:00,-0.09729999999999928,0.06689999999999952
824487,yes,single,2026-07-30 00:56:31.016479+00:00,2026-07-30 01:00:34.246611+00:00,timeout,0.05,0.06,46.88,0.06936782340808163,0.028064778559729886,49,7,2026-07-30 00:56:11.607000+00:00,0.1276999999999997,0.34109999999999996
824487,yes,single,2026-07-30 01:09:08.014393+00:00,2026-07-30 01:13:10.222197+00:00,timeout,0.16,0.13,14.75,0.20043706841349113,0.12402784417640673,56,3,2026-07-30 01:09:05.633000+00:00,-0.6981000000000002,0.25560000000000027
824487,yes,double,2026-07-30 01:19:52.195565+00:00,2026-07-30 01:24:01.909340+00:00,timeout,0.03,0.03,78.03,0.050851049640844796,0.01617426270581368,60,1,2026-07-30 01:19:48.227000+00:00,-0.3180999999999998,0.3180999999999998
824487,no,walk,2026-07-30 00:37:56.726408+00:00,,settlement,0.88,,2.81,0.09057384457679463,0.05267423789830561,42,6,2026-07-30 00:37:53.261000+00:00,0.048200000000000146,0.036999999999999755
824488,yes,double,2026-07-31 00:01:00.711176+00:00,2026-07-31 00:02:53.390538+00:00,reversion,0.68,0.7400000000000001,3.59,0.7229866813442622,0.6808891630312115,21,4,2026-07-31 00:00:55.768000+00:00,0.11230000000000029,0.10309999999999953
824488,yes,single,2026-07-31 00:03:03.142850+00:00,2026-07-31 00:06:46.814782+00:00,reversion,0.71,0.73,3.45,0.7739011944756663,0.7591324791656271,22,4,2026-07-31 00:03:00.800000+00:00,-0.02839999999999998,0.09739999999999993
824488,yes,single,2026-07-31 01:02:05.700981+00:00,2026-07-31 01:06:09.808112+00:00,timeout,0.66,0.59,3.69,0.7057969999358704,0.5350244411781786,48,5,2026-07-31 01:02:04.675000+00:00,-0.3788,0.12049999999999983
824488,no,hit_by_pitch,2026-07-31 01:20:54.460777+00:00,2026-07-31 01:22:28.532321+00:00,reversion,0.52,0.57,4.65,0.427767613516756,0.21730885146631318,56,6,2026-07-31 01:20:48.378000+00:00,0.07140000000000013,0.1610999999999998
824488,no,double,2026-07-31 02:04:03.842866+00:00,2026-07-31 02:05:07.874623+00:00,reversion,0.22,0.21999999999999997,10.77,0.738431966064607,0.013030221584950732,74,3,2026-07-31 02:03:47.411000+00:00,-0.2588000000000008,0.2588000000000008
824564,no,walk,2026-08-09 18:13:42.412008+00:00,2026-08-09 18:14:07.068883+00:00,reversion,0.61,0.68,3.98,0.3453468526517743,0.2650770801966008,2,6,2026-08-09 18:13:37.516000+00:00,0.15160000000000062,0.12699999999999978
824565,yes,hit_by_pitch,2026-08-09 01:21:27.600317+00:00,2026-08-09 01:22:26.544103+00:00,reversion,0.32,0.39,7.45,0.37081353443923076,0.22763623362157678,49,4,2026-08-09 01:21:22.625000+00:00,0.28389999999999954,0.2376000000000003
824566,yes,walk,2026-08-08 01:05:08.738968+00:00,2026-08-08 01:07:24.913754+00:00,reversion,0.04,0.049999999999999996,58.56,0.06013527618662638,0.021524077821272743,43,4,2026-08-08 01:04:49.527000+00:00,0.2333000000000005,0.3522999999999996
824567,no,single,2026-07-29 23:48:39.014946+00:00,2026-07-29 23:48:55.140155+00:00,reversion,0.68,0.73,3.59,0.2734549607127457,0.23569990129756058,4,2,2026-07-29 23:48:36.763000+00:00,0.07519999999999971,0.10429999999999984
824569,yes,double,2026-07-29 00:47:47.143501+00:00,2026-07-29 00:49:52.655785+00:00,reversion,0.22,0.29,10.77,0.2570041354239234,0.1801077757740337,28,5,2026-07-29 00:47:43.275000+00:00,0.4691999999999992,0.2847000000000006
824569,yes,single,2026-07-29 02:07:05.874164+00:00,2026-07-29 02:07:35.673341+00:00,reversion,0.05,0.04893344709897611,46.88,0.0708703564637934,0.024346411937413517,64,1,2026-07-29 02:07:01.392000+00:00,-0.35879999999999934,0.3087999999999994
824570,no,double,2026-07-28 02:12:56.809455+00:00,2026-07-28 02:13:01.100980+00:00,reversion,0.58,0.63,4.18,0.37525939583915663,0.20149233985124715,54,3,2026-07-28 02:12:55.152000+00:00,0.0693999999999999,0.13960000000000017
824572,yes,single,2026-07-26 18:55:32.699731+00:00,2026-07-26 18:57:08.429020+00:00,reversion,0.71,0.67,3.45,0.7500758593927157,0.6747657100203769,22,6,2026-07-26 18:55:24.689000+00:00,-0.24119999999999964,0.10319999999999974
824572,no,walk,2026-07-26 19:51:35.114632+00:00,2026-07-26 19:51:35.354287+00:00,reversion,0.1,0.1498894087622288,23.51,0.8627499375653375,0.8384466025884229,49,4,2026-07-26 19:51:24.370000+00:00,0.8149000000000001,0.35799999999999965
824573,yes,single,2026-07-25 01:28:00.562115+00:00,2026-07-25 01:30:15.193790+00:00,reversion,0.94,0.9399999999999998,2.64,0.9591334151858474,0.9209073509596042,48,2,2026-07-25 01:27:58.602000+00:00,-0.021000000000000796,0.021000000000000796
824573,no,hit_by_pitch,2026-07-25 01:30:21.778342+00:00,2026-07-25 01:32:34.369401+00:00,reversion,0.07,0.09999999999999999,33.53,0.9022757685364329,0.8792366349112929,49,5,2026-07-25 01:30:03.695000+00:00,0.6418000000000004,0.3640999999999994
824573,yes,single,2026-07-25 01:34:58.547299+00:00,2026-07-25 01:39:00.750845+00:00,timeout,0.76,0.55,3.23,0.8131101057652166,0.7815795732838694,51,3,2026-07-25 01:34:55.767000+00:00,-0.7755999999999998,0.09729999999999994
824645,no,double,2026-08-05 01:36:51.749335+00:00,2026-08-05 01:36:52.154014+00:00,reversion,0.31,0.4,7.69,0.6218858499471577,0.480126065365178,43,1,2026-08-05 01:36:49.760000+00:00,0.4477000000000011,0.24439999999999928
824645,yes,single,2026-08-05 01:40:24.399557+00:00,2026-08-05 01:44:24.433946+00:00,timeout,0.65,0.63,3.75,0.7231207370445809,0.6288519478008748,45,3,2026-08-05 01:40:20.737000+00:00,-0.19600000000000062,0.12100000000000044
824646,yes,double,2026-08-05 18:56:33.683152+00:00,2026-08-05 19:00:35.192099+00:00,timeout,0.64,0.63,3.81,0.6906435758152764,0.6782711095526099,17,3,2026-08-05 18:56:29.588000+00:00,-0.1617999999999995,0.12369999999999948
824646,no,single,2026-08-05 19:43:33.515418+00:00,2026-08-05 19:47:34.756786+00:00,timeout,0.06,0.07,39.09,0.9177171670194167,0.9447934359471903,39,1,2026-08-05 19:43:24.044000+00:00,0.05830000000000091,0.33259999999999934
824646,no,hit_by_pitch,2026-08-05 20:10:12.192326+00:00,2026-08-05 20:10:12.772079+00:00,reversion,0.04,0.060000000000000005,58.56,0.9421963706817851,0.9517895250573106,50,2,2026-08-05 20:10:06.206000+00:00,0.7824000000000008,0.38879999999999937
824646,no,hit_by_pitch,2026-08-05 21:05:06.554308+00:00,2026-08-05 21:07:53.729348+00:00,reversion,0.16,0.24,14.75,0.7684943826646596,0.7669565980033853,75,2,2026-08-05 21:05:04.558000+00:00,0.8527999999999998,0.3272000000000004
824647,yes,walk,2026-08-04 02:04:14.380540+00:00,2026-08-04 02:04:52.427796+00:00,reversion,0.8,0.8999999999999999,3.08,0.8826407088472933,0.8911647519907643,58,7,2026-08-04 02:04:09.629000+00:00,0.2539,0.05409999999999965
824647,yes,single,2026-08-04 02:05:16.771862+00:00,2026-08-04 02:05:19.632476+00:00,reversion,0.9,0.93,2.75,0.9270839634906723,0.9442829493874989,59,1,2026-08-04 02:05:02.033000+00:00,0.05250000000000021,0.029999999999999805
824647,yes,single,2026-08-04 00:15:23.370920+00:00,,settlement,0.22,,10.77,0.26080218527416876,0.19196844694639542,8,5,2026-08-04 00:15:07.174000+00:00,0.1637999999999991,0.2744000000000004
824648,yes,walk,2026-08-02 19:59:19.517937+00:00,2026-08-02 20:02:37.159597+00:00,reversion,0.39,0.48,6.14,0.44106299975031976,0.30053552899754254,45,6,2026-08-02 19:59:15.913000+00:00,0.3429999999999991,0.20960000000000045
824648,yes,walk,2026-08-02 20:45:10.422034+00:00,2026-08-02 20:49:10.698671+00:00,timeout,0.35,0.37248901903367493,6.83,0.40124953302473376,0.17673436994265682,61,4,2026-08-02 20:45:06.713000+00:00,-0.0651999999999997,0.21879999999999994
824649,yes,walk,2026-08-02 00:57:18.748314+00:00,2026-08-02 01:00:25.768536+00:00,reversion,0.59,0.6,4.11,0.6593556457145168,0.49443908389119423,44,6,2026-08-02 00:57:08.164000+00:00,-0.09760000000000035,0.13870000000000027
824651,yes,walk,2026-07-31 20:14:43.424071+00:00,2026-07-31 20:14:49.962169+00:00,reversion,0.08,0.11340715502555365,29.35,0.10526983993507065,0.029138907026079464,50,5,2026-07-31 20:14:35.645000+00:00,0.6224000000000003,0.35809999999999964
824651,yes,double,2026-07-31 19:02:00.580736+00:00,,settlement,0.6,,4.05,0.6477311556981763,0.47182404243692355,18,1,2026-07-31 19:01:46.536000+00:00,-0.1829999999999998,0.13660000000000017
824664,no,single,2026-08-06 18:59:04.479612+00:00,2026-08-06 19:00:57.805337+00:00,reversion,0.66,0.74,3.69,0.28064802985139736,0.25031459997000083,18,1,2026-08-06 18:59:01.549000+00:00,0.1875,0.1076999999999999
824664,yes,single,2026-08-06 20:17:52.052321+00:00,,settlement,0.14,,16.84,0.18499392906180334,0.11399853684868255,51,1,2026-08-06 20:17:49.644000+00:00,0.5266999999999992,0.3233999999999997
824724,yes,single,2026-08-09 18:53:08.712856+00:00,2026-08-09 18:53:30.505231+00:00,reversion,0.66,0.73,3.69,0.7245149024767766,0.4882252885368764,38,1,2026-08-09 18:53:03.941000+00:00,0.1493,0.10899999999999999
824724,yes,fielders_choice,2026-08-09 18:54:10.059685+00:00,2026-08-09 18:55:57.382721+00:00,reversion,0.77,0.84,3.19,0.8463267121006504,0.6713963784208735,39,1,2026-08-09 18:53:54.799000+00:00,0.15349999999999986,0.06979999999999986
824724,yes,double,2026-08-09 19:56:51.106924+00:00,2026-08-09 20:00:51.888844+00:00,timeout,0.21,0.19999999999999998,11.28,0.4058951867324963,0.004355875754826655,68,1,2026-08-09 19:56:46.136000+00:00,-0.37020000000000053,0.2574000000000005
824724,yes,walk,2026-08-09 20:11:10.771660+00:00,2026-08-09 20:11:13.468706+00:00,reversion,0.16,0.36,14.75,0.3289091936035768,0.004615386132971579,73,8,2026-08-09 20:11:07.201000+00:00,2.5732,0.3768
824726,yes,walk,2026-08-08 22:32:23.855187+00:00,2026-08-08 22:33:42.660852+00:00,reversion,0.03,0.07,78.03,0.05310558365521187,0.009594207457151933,69,9,2026-08-08 22:32:14.252000+00:00,2.606600000000002,0.5145999999999986
824726,no,double,2026-08-08 22:33:50.855237+00:00,2026-08-08 22:37:52.189718+00:00,timeout,0.92,0.9299999999999999,2.7,0.05844276518045569,0.013881287212713091,70,2,2026-08-08 22:33:48.038000+00:00,0.0005999999999999339,0.026399999999999757
824726,yes,walk,2026-08-08 22:59:45.342984+00:00,2026-08-08 23:00:12.347796+00:00,reversion,0.03,0.06,78.03,0.05233961002971113,0.0006985989976858751,81,7,2026-08-08 22:59:43.977000+00:00,1.8738000000000006,0.4670999999999994
824727,yes,double,2026-08-07 23:49:52.352690+00:00,2026-08-07 23:52:22.333949+00:00,reversion,0.94,0.9738257575757577,2.64,0.9723906305061996,0.9361172545686254,18,1,2026-08-07 23:49:47.664000+00:00,0.07399999999999984,0.015300000000000424
824729,no,single,2026-08-06 23:56:57.830625+00:00,2026-08-06 23:57:37.148642+00:00,reversion,0.75,0.8,3.27,0.19695031331397195,0.08582656476858552,20,2,2026-08-06 23:56:54.698000+00:00,0.08380000000000054,0.07969999999999944
824729,yes,double,2026-08-07 00:20:18.142075+00:00,2026-08-07 00:21:39.864646+00:00,reversion,0.18,0.22,13.13,0.22928900590383,0.11711885370238506,29,6,2026-08-07 00:20:13.259000+00:00,0.23170000000000046,0.29349999999999987
824729,yes,single,2026-08-07 00:34:15.802668+00:00,2026-08-07 00:36:28.697609+00:00,reversion,0.31,0.41,7.69,0.37393154576890525,0.2244329894327013,35,1,2026-08-07 00:34:10.819000+00:00,0.5234999999999997,0.24550000000000005
824729,yes,double,2026-08-07 00:36:38.585891+00:00,2026-08-07 00:38:07.447259+00:00,reversion,0.42,0.49,5.72,0.48458933375696434,0.35257618639829086,36,5,2026-08-07 00:36:36.976000+00:00,0.2027000000000001,0.1977000000000002
824729,yes,double,2026-08-07 01:11:36.565623+00:00,2026-08-07 01:11:54.986859+00:00,reversion,0.35,0.41,6.83,0.4009468941432235,0.23910228985941986,53,2,2026-08-07 01:11:28.953000+00:00,0.18530000000000024,0.22449999999999992
824729,no,double,2026-08-07 02:18:27.357100+00:00,2026-08-07 02:21:23.779190+00:00,reversion,0.55,0.82,4.4,0.26716535604307307,0.005036896887625898,82,4,2026-08-07 02:18:12.993000+00:00,1.0661999999999998,0.12179999999999991
824730,yes,single,2026-07-26 18:24:23.422568+00:00,2026-07-26 18:28:30.161114+00:00,timeout,0.69,0.69,3.54,0.7374833303339489,0.6307671321893134,21,7,2026-07-26 18:24:16.221000+00:00,-0.1062000000000003,0.1062000000000003
824730,yes,walk,2026-07-26 18:41:32.489415+00:00,2026-07-26 18:41:54.970411+00:00,reversion,0.74,0.7800000000000001,3.31,0.7782349704325446,0.6993189823037296,28,6,2026-07-26 18:41:29.396000+00:00,0.04800000000000048,0.08440000000000003
824730,yes,single,2026-07-26 18:43:12.877716+00:00,2026-07-26 18:44:52.921864+00:00,reversion,0.79,0.85,3.11,0.8347649323600302,0.7625695776036931,29,4,2026-07-26 18:43:09.914000+00:00,0.12259999999999982,0.06400000000000006
824731,yes,double,2026-08-04 23:19:35.515102+00:00,2026-08-04 23:20:25.819396+00:00,reversion,0.67,0.72,3.64,0.7140317338885909,0.6002497683941748,5,3,2026-08-04 23:19:22.702000+00:00,0.07419999999999982,0.10780000000000012
824731,yes,single,2026-08-04 23:25:32.899078+00:00,2026-08-04 23:25:59.509608+00:00,reversion,0.75,0.8,3.27,0.7871968832690546,0.6905154812061542,8,6,2026-08-04 23:25:30.089000+00:00,0.08380000000000054,0.07969999999999944
824731,no,single,2026-08-04 23:50:25.033436+00:00,2026-08-04 23:54:36.373322+00:00,timeout,0.05,0.08,46.88,0.9257985653507841,0.9596012316135342,22,5,2026-08-04 23:50:17.037000+00:00,1.0088000000000008,0.3975999999999992
824731,yes,walk,2026-08-05 00:49:00.517513+00:00,2026-08-05 00:49:17.201902+00:00,reversion,0.93,0.96,2.67,0.9556170535045648,0.9420397432359682,47,6,2026-08-05 00:48:55.671000+00:00,0.060699999999999754,0.019400000000000084
824734,yes,double,2026-07-25 20:52:05.096742+00:00,2026-07-25 20:56:05.625365+00:00,timeout,0.09,0.09,26.11,0.11265138791275207,0.08187235198528242,21,2,2026-07-25 20:52:01.948000+00:00,-0.29940000000000033,0.29940000000000033
824804,yes,walk,2026-08-06 19:05:42.231407+00:00,2026-08-06 19:09:45.137782+00:00,timeout,0.13,0.05999999999999999,18.12,0.1564359301774869,0.05677282392434656,67,4,2026-08-06 19:05:38.845000+00:00,-1.4835,0.21509999999999962
824805,yes,hit_by_pitch,2026-08-04 23:17:28.488802+00:00,2026-08-04 23:18:32.176657+00:00,reversion,0.73,0.73,3.36,0.7762358873806307,0.7133879504469174,22,2,2026-08-04 23:17:26.060000+00:00,-0.09280000000000044,0.09280000000000044
824805,no,walk,2026-08-05 00:13:06.797786+00:00,2026-08-05 00:14:34.896488+00:00,reversion,0.11,0.15,21.39,0.8573433287290266,0.797146127460154,50,5,2026-08-05 00:12:54.200000+00:00,0.5179999999999998,0.3376000000000001
824807,yes,single,2026-08-02 20:59:37.275164+00:00,2026-08-02 21:00:04.828307+00:00,reversion,0.04,0.05,58.56,0.059473253803862786,0.028906448149785404,41,2,2026-08-02 20:59:26.233000+00:00,0.23330000000000117,0.35229999999999917
824808,yes,single,2026-08-02 00:44:48.464812+00:00,2026-08-02 00:46:32.780156+00:00,reversion,0.3,0.35,7.94,0.35147086516957454,0.21848205910383944,47,1,2026-08-02 00:44:45.758000+00:00,0.15369999999999973,0.24330000000000007
824808,yes,single,2026-08-02 01:27:35.197085+00:00,2026-08-02 01:28:39.418996+00:00,reversion,0.05,0.07,46.88,0.06882629426549326,0.026139820175494433,61,2,2026-08-02 01:27:31.865000+00:00,0.5680000000000014,0.3695999999999988
824811,yes,single,2026-07-25 23:58:12.521763+00:00,2026-07-26 00:00:29.437790+00:00,reversion,0.66,0.64,3.69,0.70478817917973,0.6754013649521876,26,5,2026-07-25 23:58:08.917000+00:00,-0.19139999999999935,0.11759999999999948
824811,yes,double,2026-07-26 01:37:19.938038+00:00,2026-07-26 01:37:24.281765+00:00,reversion,0.55,0.6423636363636364,4.4,0.6202314651187956,0.010871275418689806,70,7,2026-07-26 01:37:15.676000+00:00,0.25929999999999975,0.1471
824811,yes,field_error,2026-07-26 01:05:52.215512+00:00,,settlement,0.73,,3.36,0.7991633922257597,0.7727695331273976,57,1,2026-07-26 01:05:49.817000+00:00,0.15310000000000007,0.08410000000000023
824812,no,single,2026-07-25 00:04:21.375023+00:00,2026-07-25 00:08:23.877933+00:00,timeout,0.43,0.4099999999999999,5.59,0.5229326786205273,0.43036771565250864,27,6,2026-07-25 00:04:17.330000+00:00,-0.30250000000000066,0.19070000000000054
824812,no,single,2026-07-25 01:47:17.740130+00:00,2026-07-25 01:47:21.071260+00:00,reversion,0.34,0.4,7.02,0.6096740328952026,0.00921379773941481,72,2,2026-07-25 01:47:15.242000+00:00,0.1928999999999994,0.2283000000000004
824885,no,single,2026-08-07 02:23:22.573223+00:00,2026-08-07 02:26:12.508318+00:00,reversion,0.02,0.046235786953919805,116.97,0.9610293725966772,0.962048958155075,54,5,2026-08-07 02:23:15.611000+00:00,2.5477,0.5210999999999999
824888,yes,single,2026-08-05 01:09:01.668621+00:00,2026-08-05 01:13:12.583796+00:00,timeout,0.96,0.9862162162162162,2.59,0.9827182522792762,0.9642172543268492,58,5,2026-08-05 01:08:50.648000+00:00,0.05829999999999991,0.009600000000000053
824888,yes,single,2026-08-05 01:25:32.528080+00:00,2026-08-05 01:27:50.544533+00:00,reversion,0.94,0.89,2.64,0.9634680036185089,0.9397802246265938,67,2,2026-08-05 01:25:27.168000+00:00,-0.16060000000000008,0.028600000000000403
824888,no,single,2026-08-05 01:27:37.272484+00:00,,settlement,0.13,,18.12,0.8301498070190293,0.8261202091824857,68,3,2026-08-05 01:27:34.692000+00:00,-1.6030999999999997,0.19749999999999945
824889,yes,double,2026-08-05 23:41:13.424528+00:00,2026-08-05 23:45:14.214784+00:00,timeout,0.76,0.73,3.23,0.8028915240303157,0.7203365429111299,14,1,2026-08-05 23:41:08.264000+00:00,-0.1828000000000003,0.08590000000000009
824889,yes,single,2026-08-06 00:06:20.693211+00:00,2026-08-06 00:10:26.079847+00:00,timeout,0.92,0.9399999999999998,2.7,0.9453919012418326,0.9155934847211263,25,5,2026-08-06 00:06:14.943000+00:00,0.029299999999999216,0.024700000000000166
824889,no,double,2026-08-06 00:32:20.950898+00:00,2026-08-06 00:32:34.713960+00:00,reversion,0.08,0.11,29.35,0.8927939536663689,0.8543201789389334,36,8,2026-08-06 00:32:13.306000+00:00,0.5280000000000009,0.35249999999999915
824891,yes,hit_by_pitch,2026-08-02 18:33:56.171836+00:00,2026-08-02 18:33:56.451090+00:00,reversion,0.33,0.48,7.23,0.4101870636573422,0.26204610544408735,29,1,2026-08-02 18:33:51.832000+00:00,0.8462000000000005,0.2382999999999993
824891,yes,field_error,2026-08-02 19:04:04.095205+00:00,2026-08-02 19:08:08.431473+00:00,timeout,0.77,0.74,3.19,0.8299274907082945,0.6832867190418491,41,1,2026-08-02 19:04:00.292000+00:00,-0.17830000000000013,0.08259999999999978
824892,yes,single,2026-08-01 00:43:31.768246+00:00,2026-08-01 00:44:12.290494+00:00,reversion,0.82,0.8800000000000001,3.01,0.8756472521929866,0.8303023204218605,47,1,2026-08-01 00:43:25.800000+00:00,0.1272000000000002,0.053400000000000336
824894,no,triple,2026-07-31 01:01:45.794280+00:00,2026-07-31 01:01:56.966686+00:00,reversion,0.24,0.23,9.89,0.7046560479914274,0.6304193268441574,53,2,2026-07-31 01:01:42.224000+00:00,-0.34789999999999954,0.24899999999999964
824972,no,single,2026-08-02 01:45:20.731122+00:00,2026-08-02 01:45:48.650489+00:00,reversion,0.79,0.8,3.11,0.1685915467113878,0.18097834415456615,5,3,2026-08-02 01:45:17.805000+00:00,-0.040000000000000493,0.07110000000000032
824972,yes,single,2026-08-02 02:10:33.659577+00:00,2026-08-02 02:10:47.334192+00:00,reversion,0.24,0.28,9.89,0.2790888418540188,0.24653676915340073,17,2,2026-08-02 02:10:29.347000+00:00,0.12970000000000148,0.2658999999999989
824972,yes,single,2026-08-02 02:41:55.485789+00:00,2026-08-02 02:42:54.612447+00:00,reversion,0.4,0.46734557595993326,5.99,0.4477700218801522,0.35346890161072647,36,2,2026-08-02 02:41:53.173000+00:00,0.1983000000000003,0.20509999999999962
824973,no,single,2026-07-30 03:31:30.301993+00:00,2026-07-30 03:32:03.610899+00:00,reversion,0.55,0.57,4.4,0.3673032765963914,0.3608023223947896,48,5,2026-07-30 03:31:28.321000+00:00,-0.06380000000000008,0.1517999999999997
824974,yes,single,2026-07-31 02:20:10.320683+00:00,2026-07-31 02:21:55.642386+00:00,reversion,0.57,0.51,4.25,0.6595759605596855,0.6783853969504121,20,3,2026-07-31 02:20:08.618000+00:00,-0.40239999999999965,0.14739999999999975
824974,yes,double,2026-07-31 02:36:17.285670+00:00,2026-07-31 02:37:26.144722+00:00,reversion,0.61,0.62,3.98,0.6609884732946242,0.7068477781906284,27,2,2026-07-31 02:36:09.533000+00:00,-0.09220000000000006,0.13200000000000012
824974,yes,double,2026-07-31 02:38:09.299805+00:00,2026-07-31 02:39:12.711329+00:00,reversion,0.7,0.76,3.49,0.7447898392932399,0.7840625978045487,29,1,2026-07-31 02:38:03.989000+00:00,0.11339999999999995,0.09600000000000009
824974,no,hit_by_pitch,2026-07-31 02:50:23.698218+00:00,2026-07-31 02:50:37.561386+00:00,reversion,0.25,0.3,9.5,0.7031431403130062,0.7544154905205189,35,5,2026-07-31 02:50:10.670000+00:00,0.21060000000000034,0.26439999999999975
824974,no,double,2026-07-31 04:02:29.014518+00:00,2026-07-31 04:04:00.924984+00:00,reversion,0.71,0.86,3.45,0.16209479323147033,0.0033920795490295407,72,2,2026-07-31 04:02:27.917000+00:00,0.4386000000000001,0.07889999999999997
824974,no,double,2026-07-31 02:57:27.499388+00:00,,settlement,0.48,,5.02,0.42755959737283017,0.34325198899930065,40,1,2026-07-31 02:57:22.281000+00:00,0.38359999999999955,0.1727000000000003
824975,no,single,2026-08-01 02:42:08.421067+00:00,2026-08-01 02:45:54.505637+00:00,reversion,0.63,0.65,3.86,0.32719017847380577,0.26575290889684544,29,5,2026-08-01 02:42:02.131000+00:00,-0.04730000000000034,0.12450000000000028
824975,no,double,2026-08-01 03:45:13.862272+00:00,2026-08-01 03:45:42.796437+00:00,reversion,0.91,0.94,2.73,0.06511210524597966,0.01689384117542303,61,1,2026-08-01 03:45:10.500000+00:00,0.05539999999999967,0.026499999999999968
824975,no,single,2026-08-01 03:48:22.336552+00:00,2026-08-01 03:48:53.019891+00:00,reversion,0.94,0.97,2.64,0.0384508102271707,0.011088909932457813,62,2,2026-08-01 03:48:19.640000+00:00,0.06329999999999991,0.015900000000000247
824975,no,fielders_choice,2026-08-01 03:50:01.512166+00:00,2026-08-01 03:54:04.897368+00:00,timeout,0.96,0.97,2.59,0.018439549279271016,0.006561301994060131,63,4,2026-08-01 03:49:59.903000+00:00,0.013599999999999834,0.0123000000000002
824976,yes,single,2026-07-29 02:12:26.732649+00:00,2026-07-29 02:16:32.560946+00:00,timeout,0.51,0.55,4.73,0.5832111544619031,0.5277805961929434,16,5,2026-07-29 02:12:22.247000+00:00,0.02440000000000131,0.16479999999999917
824976,yes,walk,2026-07-29 03:25:43.894689+00:00,2026-07-29 03:26:03.966829+00:00,reversion,0.72,0.78,3.4,0.7799681943947999,0.7075065503718655,51,6,2026-07-29 03:25:40.496000+00:00,0.11510000000000042,0.08889999999999976
824976,no,single,2026-07-29 03:53:18.687065+00:00,2026-07-29 03:57:21.904593+00:00,timeout,0.16,0.08,14.75,0.7660342906062885,0.8033950940433909,61,6,2026-07-29 03:53:15.891000+00:00,-1.3948000000000003,0.21480000000000032
824977,yes,hit_by_pitch,2026-07-28 03:44:18.879291+00:00,2026-07-28 03:45:13.906474+00:00,reversion,0.06,0.09,39.09,0.08360953361145729,0.03249519588367211,57,6,2026-07-28 03:44:11.684000+00:00,0.7940999999999998,0.37860000000000005
824977,no,hit_by_pitch,2026-07-28 02:30:30.551068+00:00,,settlement,0.53,,4.56,0.4129559235957903,0.4490625865695186,24,3,2026-07-28 02:30:29.530000+00:00,-0.10860000000000072,0.15880000000000027
825049,no,triple,2026-08-09 03:08:15.913812+00:00,2026-08-09 03:12:15.932872+00:00,timeout,0.59,0.25,4.11,0.262732932606858,0.004971730000126794,70,7,2026-08-09 03:08:14.548000+00:00,-1.5209999999999997,0.12359999999999971
825049,no,triple,2026-08-09 03:09:24.074926+00:00,2026-08-09 03:13:17.977639+00:00,reversion,0.12,0.39,19.62,0.6983930450291261,0.013566989831004883,71,2,2026-08-09 03:09:12.889000+00:00,4.825500000000002,0.4718999999999993
825050,yes,double,2026-08-09 20:39:29.011371+00:00,2026-08-09 20:40:32.462136+00:00,reversion,0.71,0.78,3.45,0.7525840895021967,0.7791970057326452,14,3,2026-08-09 20:39:22.708000+00:00,0.15020000000000078,0.09129999999999949
825050,no,double,2026-08-09 20:55:37.399015+00:00,2026-08-09 20:56:16.788886+00:00,reversion,0.16,0.22,14.75,0.6904809962648222,0.7463878895614651,24,1,2026-08-09 20:55:32.540000+00:00,0.569,0.3160000000000003
825050,no,triple,2026-08-09 21:51:47.402856+00:00,2026-08-09 21:52:50.364647+00:00,reversion,0.22,0.24000000000000002,10.77,0.7429366976148778,0.7325384856727684,49,3,2026-08-09 21:51:45.362000+00:00,-0.05160000000000009,0.26700000000000035
825050,no,single,2026-08-09 22:20:00.943539+00:00,2026-08-09 22:20:02.333016+00:00,reversion,0.17,0.23,13.89,0.7912068478962261,0.7366604547233113,60,4,2026-08-09 22:19:58.941000+00:00,0.5240000000000005,0.30939999999999923
825051,yes,triple,2026-08-08 02:54:08.003963+00:00,2026-08-08 02:56:42.886672+00:00,reversion,0.69,0.71,3.54,0.7356897229167679,0.7675226044499318,36,3,2026-08-08 02:54:06.021000+00:00,-0.033399999999999874,0.10420000000000007
825051,no,single,2026-08-08 03:02:14.995922+00:00,2026-08-08 03:04:39.649179+00:00,reversion,0.32,0.39590604026845644,7.45,0.6269212194273561,0.7032728160270008,39,2,2026-08-08 03:02:10.065000+00:00,0.32709999999999984,0.23840000000000014
825051,no,single,2026-08-08 03:28:47.767866+00:00,2026-08-08 03:29:05.390146+00:00,reversion,0.57,0.6499999999999999,4.25,0.35971867724520384,0.399256285740353,48,4,2026-08-08 03:28:40.706000+00:00,0.1991999999999995,0.14080000000000037
825051,no,single,2026-08-08 03:30:37.783165+00:00,2026-08-08 03:34:37.894543+00:00,timeout,0.68,0.69,3.59,0.21723528128785094,0.21561633863236684,50,2,2026-08-08 03:30:35.087000+00:00,-0.07260000000000044,0.10849999999999982
825051,yes,single,2026-08-08 03:35:11.077901+00:00,2026-08-08 03:36:04.503939+00:00,reversion,0.2,0.3,11.83,0.23472685936383436,0.15928721974550053,51,3,2026-08-08 03:34:58.328000+00:00,0.8765000000000001,0.3064999999999998
825053,no,single,2026-08-07 01:42:33.430153+00:00,2026-08-07 01:42:51.054743+00:00,reversion,0.55,0.6131818181818182,4.4,0.402506536971713,0.2951866445373663,2,1,2026-08-07 01:42:13.444000+00:00,0.12860000000000027,0.14939999999999964
825053,yes,single,2026-08-07 03:48:45.940460+00:00,2026-08-07 03:52:48.385099+00:00,timeout,0.03,0.047238241701909524,78.03,0.05454151417931117,0.01932872898643123,57,1,2026-08-07 03:48:31.729000+00:00,0.9402000000000004,0.4048999999999997
825054,yes,fielders_choice,2026-08-05 02:12:12.500671+00:00,2026-08-05 02:12:34.602645+00:00,reversion,0.13,0.1722075055187638,18.12,0.1629002027614338,0.12067551992643277,15,1,2026-08-05 02:12:04.639000+00:00,0.4404000000000005,0.3243999999999995
825054,yes,walk,2026-08-05 03:04:39.870351+00:00,2026-08-05 03:04:53.397101+00:00,reversion,0.04,0.07,58.56,0.06770275982481663,0.032787551350743245,41,6,2026-08-05 03:04:30.882000+00:00,1.3324000000000011,0.42439999999999944
825054,yes,single,2026-08-05 03:13:53.447718+00:00,2026-08-05 03:17:54.832651+00:00,timeout,0.02,0.01,116.97,0.03869550158826276,0.017126185545717654,46,1,2026-08-05 03:13:42.061000+00:00,-1.4112999999999998,0.24159999999999981
825054,yes,single,2026-08-05 03:57:45.725472+00:00,2026-08-05 03:59:44.917177+00:00,reversion,0.07,0.05,33.53,0.08952656077055475,0.022309470679473354,65,4,2026-08-05 03:57:35.550000+00:00,-0.9348999999999993,0.26429999999999937
825095,yes,single,2026-08-04 03:28:59.226705+00:00,2026-08-04 03:33:00.316439+00:00,timeout,0.9,0.82,2.75,0.91172119701662,0.90220774743609,51,5,2026-08-04 03:28:51.410000+00:00,-0.2659,0.04589999999999983
