dataset_version,atomic_play_input,game_pk,game_date,home_win,trigger_at_bat,trigger_pitch,trigger_time,signal_time,next_update_time,market_home_price,market_logit,local_fair_after,local_fair_before,fair_logit_move,market_logit_move,anchored_state_target,market_target_residual,anchor_age_seconds,observation_delay_seconds,inning_after,inning_topbot_after,outs_when_up_after,score_diff_after,balls_after,strikes_after,runner_on_first_after,runner_on_second_after,runner_on_third_after,delta_inning,delta_outs,delta_score_diff,delta_balls,delta_strikes,delta_runner_on_first,delta_runner_on_second,delta_runner_on_third,pre_trade_count_2s,pre_volume_2s,pre_flow_imbalance_2s,pre_price_volatility_2s,future_market_price,future_market_seconds,future_logit_move,fair_probability,model_side,side,execution_contract,fill_time,fill_price,contracts,entry_fee,predicted_expected_pnl,pnl,exit_reason,exit_time,exit_price,exit_fee,evaluation_fold
1,True,822747,2026-04-21,1,43,4,2026-04-22 00:20:36.993000+00:00,2026-04-22 00:20:42.539860+00:00,2026-04-22 00:21:07.332000+00:00,0.59,0.3639653772014115,0.5245657396218523,0.47320001684580637,0.20564490911252514,-0.08334684084225336,0.6576765347773694,-0.06767653477736946,1.678456,5.54686,5.0,0.0,2.0,1.0,0.0,0.0,0.0,0.0,0.0,0.0,1.0,0.0,-2.0,-1.0,0.0,0.0,0.0,0.0,0.0,0.0,0.0,0.59,4.23517,0.0,0.6162005533214336,yes,yes,home_yes,2026-04-22 00:20:44.041118+00:00,0.59,3.29,0.05580000000000007,0.03039982042751671,1.2931000000000001,,,,,april
1,True,822748,2026-04-22,0,27,2,2026-04-22 23:33:28.810000+00:00,2026-04-22 23:33:32.201250+00:00,2026-04-22 23:33:49.872000+00:00,0.33,-0.7081850579244856,0.2852911789876008,0.4176194493710569,-0.58581138557693,0.0,0.21517713947420689,0.11482286052579313,4.108564,3.39125,3.0,0.0,2.0,-1.0,0.0,0.0,0.0,0.0,0.0,0.0,0.0,-1.0,-1.0,0.0,0.0,0.0,0.0,0.0,0.0,0.0,0.0,0.32,4.619584,-0.04558674445189448,0.29033692369077946,no,away_yes,away_yes,2026-04-22 23:33:32.373609+00:00,0.68,2.87,0.04379999999999984,0.04133302900746298,0.8746,,,,,april
1,True,822749,2026-04-20,0,25,5,2026-04-20 23:34:31.115000+00:00,2026-04-20 23:34:33.535513+00:00,2026-04-20 23:34:50.221000+00:00,0.46,-0.16034265007517937,0.31062840528029745,0.5389243466663262,-0.9531961566897942,0.12150850206580852,0.22529924971819643,0.2347007502818036,0.677458,2.420513,4.0,0.0,1.0,0.0,0.0,0.0,0.0,0.0,0.0,0.0,0.0,-2.0,-3.0,-1.0,-1.0,0.0,0.0,0.0,0.0,0.0,0.0,0.45,4.850461,-0.04032804538697188,0.4087944298755483,no,away_yes,away_yes,2026-04-20 23:34:35.088757+00:00,0.56,3.46,0.059699999999999864,0.04827127263060259,1.4627,,,,,april
1,True,822749,2026-04-20,0,40,2,2026-04-21 00:02:01.835000+00:00,2026-04-21 00:02:03.094494+00:00,2026-04-21 00:02:39.603000+00:00,0.26,-1.0459685551826876,0.09980531133078752,0.25181805947688674,-1.110450315185426,0.0,0.10373292553134514,0.15626707446865487,0.10712,1.259494,6.0,0.0,0.0,-1.0,0.0,0.0,0.0,1.0,0.0,0.0,0.0,-2.0,-1.0,0.0,0.0,0.0,-1.0,5.0,19.0,-1.0,0.012649110640673514,0.28,4.904291,0.10150694634183643,0.2237127207522224,no,away_yes,away_yes,2026-04-21 00:02:05.985703+00:00,0.73,2.68,0.03699999999999992,0.08704990838404418,0.6866000000000001,,,,,april
1,True,822750,2026-04-19,1,40,6,2026-04-19 19:02:38.148000+00:00,2026-04-19 19:02:40.249841+00:00,2026-04-19 19:03:21.318000+00:00,0.66,0.6632942174102643,0.7039844090520834,0.5171110736368402,0.7978730516486827,-0.18400364297693916,0.8382373168061475,-0.17823731680614752,0.631982,2.101841,5.0,1.0,0.0,1.0,0.0,0.0,0.0,1.0,0.0,0.0,0.0,1.0,-3.0,-2.0,0.0,0.0,0.0,0.0,0.0,0.0,0.0,0.7,4.837027,0.18400364297693916,0.7100713763322285,yes,yes,home_yes,2026-04-19 19:02:42.138983+00:00,0.67,2.91,0.045099999999999696,0.07150770512678513,0.9152000000000002,,,,,april
1,True,822751,2026-04-18,0,13,3,2026-04-18 20:34:45.015000+00:00,2026-04-18 20:34:46.087263+00:00,2026-04-18 20:35:44.174000+00:00,0.63,0.5322168137473082,0.4229013345582888,0.5675978739281242,-0.5829315458792258,0.3718741636721288,0.39589741637762815,0.23410258362237185,0.465848,1.072263,2.0,0.0,2.0,0.0,0.0,0.0,1.0,0.0,0.0,0.0,0.0,-1.0,0.0,-2.0,1.0,-1.0,0.0,4.0,156.7,-0.2763241863433312,0.004330127018922197,0.56,4.715469,-0.29105475693042,0.5727309029783281,no,away_yes,away_yes,2026-04-18 20:34:46.694621+00:00,0.4,4.79,0.0804999999999998,0.050118974733808636,2.7935,,,,,april
1,True,822751,2026-04-18,0,101,1,2026-04-18 23:35:29.006000+00:00,2026-04-18 23:35:30.697911+00:00,2026-04-18 23:35:59.827000+00:00,0.34,-0.663294217410264,0.0024061937567098407,0.003729731662496445,-0.4396177569342248,-0.13107740366295573,0.2745149844194558,0.0654850155805442,0.683061,1.691911,12.0,1.0,1.0,-1.0,0.0,0.0,0.0,1.0,0.0,0.0,1.0,0.0,0.0,0.0,0.0,0.0,0.0,1.0,0.67,1.0,0.0,0.3,4.86845,-0.1840036429769396,0.31855966320461404,no,away_yes,away_yes,2026-04-18 23:35:30.732758+00:00,0.6,3.24,0.05449999999999999,0.2093666912170506,1.2415000000000003,,,,,april
1,True,822752,2026-04-17,0,10,4,2026-04-17 23:03:04.268000+00:00,2026-04-17 23:03:05.409141+00:00,2026-04-17 23:03:32.881000+00:00,0.22,-1.2656663733312759,0.1293003739675742,0.3068888275606009,-1.092454026791466,-0.057355167406741625,0.09105960459910255,0.12894039540089747,0.515656,1.141141,2.0,0.0,0.0,-3.0,0.0,0.0,0.0,0.0,0.0,0.0,0.0,-3.0,-1.0,-2.0,-1.0,0.0,-1.0,0.0,0.0,0.0,0.0,0.19,3.877215,-0.18434380217472257,0.18436036850752688,no,away_yes,away_yes,2026-04-17 23:03:05.409453+00:00,0.79,2.49,0.028999999999999693,0.03484268241625822,0.4939000000000002,,,,,april
1,True,822753,2026-04-08,0,17,2,2026-04-08 20:35:40.652000+00:00,2026-04-08 20:35:41.943719+00:00,2026-04-08 20:36:54.580000+00:00,0.34,-0.663294217410264,0.18270076381983602,0.3742005781659412,-0.983917697408423,-0.044255009004040446,0.16756875212464295,0.17243124787535707,0.331571,1.291719,2.0,0.0,2.0,-2.0,0.0,0.0,1.0,1.0,0.0,0.0,0.0,-2.0,0.0,-1.0,0.0,0.0,-1.0,1.0,7.0,-1.0,0.0,0.29,4.904133,-0.23208982964457736,0.2953903854171284,no,away_yes,away_yes,2026-04-08 20:35:43.228553+00:00,0.68,2.87,0.04379999999999984,0.026829593852841296,0.8746,,,,,april
1,True,822753,2026-04-08,0,37,8,2026-04-08 21:20:54.149000+00:00,2026-04-08 21:20:56.227083+00:00,2026-04-08 21:21:19.663000+00:00,0.28,-0.9444616088408512,0.13891054722402052,0.22574043596157767,-0.5918468666191887,0.0,0.17707255475537848,0.10292744524462155,2.375188,2.078083,5.0,0.0,1.0,-2.0,0.0,0.0,0.0,0.0,0.0,0.0,0.0,-1.0,-3.0,-2.0,0.0,0.0,0.0,0.0,0.0,0.0,0.0,0.26,3.015152,-0.10150694634183643,0.23889270984135705,no,away_yes,away_yes,2026-04-08 21:20:56.503032+00:00,0.73,2.68,0.03699999999999992,0.04636753762516331,0.6866000000000001,,,,,april
1,True,822754,2026-04-07,0,42,2,2026-04-08 00:21:44.589000+00:00,2026-04-08 00:21:50.123308+00:00,2026-04-08 00:22:07.249000+00:00,0.68,0.7537718023763803,0.6110647782928336,0.39589819398945425,0.8743758135057769,0.09047758496611602,0.8231257609720809,-0.14312576097208085,0.207813,5.534308,5.0,1.0,1.0,1.0,0.0,0.0,0.0,0.0,0.0,0.0,0.0,1.0,-1.0,0.0,0.0,0.0,0.0,0.0,0.0,0.0,0.0,0.69,3.716263,0.046347497735732546,0.7110806243995275,yes,yes,home_yes,2026-04-08 00:21:51.073886+00:00,0.69,2.83,0.042400000000000215,0.017258167050662652,-1.9951,,,,,april
1,True,822755,2026-04-06,1,75,5,2026-04-07 01:23:32.189000+00:00,2026-04-07 01:23:34.463459+00:00,2026-04-07 01:26:23.611000+00:00,0.59,0.3639653772014115,0.261311556265179,0.048649194937691556,1.9340847715029854,0.32396004258771227,0.8780497527730108,-0.2880497527730108,0.942766,2.274459,8.0,1.0,1.0,0.0,0.0,0.0,0.0,0.0,0.0,0.0,0.0,3.0,-2.0,-2.0,-1.0,-1.0,0.0,0.0,0.0,0.0,0.0,0.57,3.991971,-0.08211422506042398,0.6227679667902719,yes,yes,home_yes,2026-04-07 01:23:38.455430+00:00,0.57,3.4,0.05840000000000023,0.12101108708692443,1.4036,,,,,april
1,True,822756,2026-04-05,0,66,6,2026-04-05 22:08:35.020000+00:00,2026-04-05 22:08:36.133666+00:00,2026-04-05 22:09:29.206000+00:00,0.39,-0.4473122180436648,0.33762797593517746,0.5166730278034808,-0.7405995889423345,0.08490459570364345,0.21877551161453174,0.17122448838546828,0.848617,1.113666,8.0,0.0,0.0,1.0,0.0,0.0,1.0,1.0,0.0,0.0,0.0,-2.0,-1.0,-2.0,0.0,0.0,-1.0,2.0,8.0,-1.0,0.0,0.36,4.296957,-0.12805192685989703,0.34845864702666635,no,away_yes,away_yes,2026-04-05 22:08:36.827480+00:00,0.6,3.24,0.05449999999999999,0.11249398363360094,1.2415000000000003,,,,,april
1,True,822758,2026-04-03,0,11,6,2026-04-03 17:25:27.673000+00:00,2026-04-03 17:25:32.234922+00:00,2026-04-03 17:25:56.796000+00:00,0.64,0.5753641449035619,0.7268049996427963,0.6976942059929747,0.14213054979659556,0.0,0.6720550933789314,-0.03205509337893142,0.555071,4.561922,2.0,0.0,2.0,3.0,0.0,0.0,0.0,0.0,0.0,0.0,1.0,0.0,-2.0,-2.0,0.0,0.0,0.0,0.0,0.0,0.0,0.0,0.64,4.268835,0.0,0.6641115953846135,yes,yes,home_yes,2026-04-03 17:25:33.125312+00:00,0.64,3.04,0.04909999999999992,0.024199249969225095,-1.9947,,,,,april
1,True,822823,2026-04-28,1,25,5,2026-04-28 23:52:53.588000+00:00,2026-04-28 23:52:56.873262+00:00,2026-04-28 23:57:16.109000+00:00,0.68,0.7537718023763803,0.7255473251153493,0.5022178655094723,0.9632759397139918,-0.19068980646447098,0.8707647597888271,-0.190764759788827,1.933632,3.285262,4.0,0.0,0.0,2.0,0.0,0.0,0.0,0.0,0.0,1.0,-2.0,2.0,-2.0,-2.0,0.0,-1.0,-1.0,0.0,0.0,0.0,0.0,0.42,4.887935,-1.0765451946394315,0.7201595240121828,yes,yes,home_yes,2026-04-28 23:52:57.647379+00:00,0.7,2.79,0.041100000000000136,0.015145071993989859,0.7959,,,,,april
1,True,822826,2026-04-25,1,24,7,2026-04-25 19:55:19.337000+00:00,2026-04-25 19:55:20.729902+00:00,2026-04-25 19:55:59.251000+00:00,0.36,-0.5753641449035618,0.20138512502959405,0.26273169034703825,-0.34584114123765564,0.043675063502661704,0.2759021323538099,0.0840978676461901,1.846477,1.392902,4.0,0.0,0.0,-1.0,0.0,0.0,0.0,1.0,0.0,0.0,0.0,0.0,-1.0,-2.0,0.0,1.0,0.0,0.0,0.0,0.0,0.0,0.36,3.863929,0.0,0.32269192884966275,no,away_yes,away_yes,2026-04-25 19:55:22.254108+00:00,0.64,3.04,0.04909999999999992,0.06431653629702512,-1.9947,,,,,april
1,True,822828,2026-04-12,0,13,2,2026-04-12 18:07:29.988000+00:00,2026-04-12 18:07:31.322586+00:00,2026-04-12 18:07:54.301000+00:00,0.36,-0.5753641449035618,0.232198526351167,0.5290773109167874,-1.3123791072088251,0.0,0.13150199658714615,0.22849800341285384,2.629452,1.334586,2.0,0.0,1.0,-2.0,0.0,0.0,0.0,0.0,0.0,0.0,0.0,-3.0,0.0,-1.0,-1.0,-1.0,0.0,1.0,11.0,1.0,0.0,0.36,3.844713,0.0,0.3115100702390911,no,away_yes,away_yes,2026-04-12 18:07:36.097218+00:00,0.64,3.04,0.04909999999999992,0.0983093864731629,1.0453000000000001,,,,,april
1,True,822829,2026-04-10,1,38,3,2026-04-11 00:22:03.688000+00:00,2026-04-11 00:22:08.660096+00:00,2026-04-11 00:22:38.596000+00:00,0.43,-0.2818511521409879,0.2992590831498176,0.19407633650431222,0.5729089280206492,0.0,0.5722550742362698,-0.14225507423626976,4.412793,4.972096,4.0,1.0,2.0,-1.0,0.0,0.0,1.0,0.0,0.0,0.0,0.0,1.0,0.0,-2.0,1.0,-1.0,0.0,0.0,0.0,0.0,0.0,0.46,4.215243,0.12150850206580852,0.4704041387761074,yes,yes,home_yes,2026-04-11 00:22:10.153387+00:00,0.44,1.0,0.017299999999999982,0.013104138776107388,0.5427000000000001,,,,,april
1,True,822830,2026-04-11,0,16,2,2026-04-11 19:39:43.916000+00:00,2026-04-11 19:39:45.072061+00:00,2026-04-11 19:40:08.391000+00:00,0.68,0.7537718023763803,0.5900006805165148,0.7180761039670991,-0.5709702051057434,0.04558674445189426,0.5342499920627152,0.14575000793728488,0.023408,1.156061,3.0,0.0,0.0,1.0,0.0,0.0,0.0,0.0,0.0,0.0,0.0,-1.0,0.0,-1.0,0.0,0.0,0.0,0.0,0.0,0.0,0.0,0.67,4.220595,-0.04558674445189426,0.6475827422371976,no,away_yes,away_yes,2026-04-11 19:39:47.799496+00:00,0.33,5.78,0.08949999999999969,0.0400717498689982,3.7831000000000006,,,,,april
1,True,822833,2026-04-08,1,28,5,2026-04-08 20:11:42.395000+00:00,2026-04-08 20:11:44.015547+00:00,2026-04-08 20:12:05.294000+00:00,0.41,-0.3639653772014119,0.3781183349725825,0.3781183349725825,0.0,0.38980642517496816,0.32,0.08999999999999997,2.206554,1.620547,4.0,0.0,1.0,0.0,2.0,2.0,1.0,0.0,0.0,0.0,0.0,0.0,0.0,0.0,0.0,0.0,0.0,2.0,11.0,1.0,0.0,0.4,4.855601,-0.04149973090675235,0.37933897937030964,no,away_yes,away_yes,2026-04-08 20:11:44.815073+00:00,0.6,3.24,0.05449999999999999,0.012441706840196687,-1.9985,,,,,april
1,True,822833,2026-04-08,1,48,4,2026-04-08 20:58:03.808000+00:00,2026-04-08 20:58:06.338081+00:00,2026-04-08 20:58:46.312000+00:00,0.35,-0.6190392084062235,0.22351896568392338,0.30880245110482685,-0.4395520339237967,0.13473259397015658,0.23266499742747632,0.11733500257252366,1.19806,2.530081,6.0,1.0,1.0,-1.0,0.0,0.0,1.0,0.0,0.0,0.0,1.0,0.0,-1.0,-2.0,1.0,-1.0,0.0,0.0,0.0,0.0,0.0,0.36,3.293926,0.043675063502661704,0.2993669226162742,no,away_yes,away_yes,2026-04-08 20:58:06.489784+00:00,0.68,2.87,0.04379999999999984,0.015416932091293134,-1.9954,,,,,april
1,True,822835,2026-04-01,0,57,4,2026-04-01 19:21:02.626000+00:00,2026-04-01 19:21:03.932878+00:00,2026-04-01 19:21:58.643000+00:00,0.57,0.2818511521409875,0.2975870651030862,0.6087463414153464,-1.300860191016051,-0.04092224012206336,0.27327156950768244,0.2967284304923175,1.771373,1.306878,8.0,0.0,0.0,0.0,0.0,0.0,1.0,0.0,0.0,0.0,0.0,-1.0,-1.0,-2.0,1.0,-1.0,0.0,0.0,0.0,0.0,0.0,0.55,3.970677,-0.08118045667883608,0.5297059482326296,no,away_yes,away_yes,2026-04-01 19:21:08.334580+00:00,0.42,4.57,0.07800000000000007,0.15184381657688265,2.5726000000000004,,,,,april
1,True,822908,2026-04-28,0,71,5,2026-04-29 02:50:32.246000+00:00,2026-04-29 02:50:35.413795+00:00,2026-04-29 02:51:19.006000+00:00,0.39,-0.4473122180436648,0.003950503495533717,0.0021353843470400657,0.6170170453177253,-0.08334684084225286,0.5629274773438173,-0.1729274773438173,0.163403,3.167795,9.0,1.0,1.0,-1.0,0.0,0.0,1.0,1.0,0.0,0.0,0.0,1.0,-1.0,-2.0,0.0,1.0,-1.0,0.0,0.0,0.0,0.0,0.32,4.347415,-0.3064595843327153,0.4297983813278772,yes,yes,home_yes,2026-04-29 02:50:36.080088+00:00,0.34,3.0,0.04719999999999991,0.22219514398363155,-1.0672,,,,,april
1,True,822910,2026-04-25,1,27,5,2026-04-26 00:05:58.361000+00:00,2026-04-26 00:06:00.126920+00:00,2026-04-26 00:06:51.477000+00:00,0.44,-0.2411620568168881,0.3087007425784647,0.3766103145921497,-0.3022396548431695,0.08161133544616309,0.3486421724502005,0.09135782754979949,0.441526,1.76592,3.0,1.0,1.0,-2.0,0.0,0.0,1.0,1.0,0.0,0.0,1.0,1.0,-3.0,-1.0,0.0,0.0,-1.0,0.0,0.0,0.0,0.0,0.49,4.440938,0.20115672220318886,0.393538956349161,no,away_yes,away_yes,2026-04-26 00:06:00.636619+00:00,0.56,3.46,0.059699999999999864,0.10105521103190318,0.37379999999999924,profitable_reversal,2026-04-26 00:08:34.994570+00:00,0.7,0.05090000000000039,april
1,True,822910,2026-04-25,1,29,2,2026-04-26 00:08:52.968000+00:00,2026-04-26 00:08:55.263068+00:00,2026-04-26 00:09:41.106000+00:00,0.38,-0.4895482253187058,0.36058997178329566,0.24757486739042822,0.5387840496311671,0.04266858842860244,0.5016418030702484,-0.12164180307024841,4.811685,2.295068,3.0,1.0,2.0,-1.0,0.0,0.0,1.0,0.0,1.0,0.0,0.0,1.0,0.0,-1.0,0.0,-1.0,1.0,0.0,0.0,0.0,0.0,0.39,4.856052,0.04223600727504101,0.4164295262950614,yes,yes,home_yes,2026-04-26 00:08:57.682685+00:00,0.37,0.5,0.008200000000000013,0.015014763147530696,0.14939999999999995,profitable_reversal,2026-04-26 01:00:21.503251+00:00,0.7,0.007400000000000018,april
1,True,822911,2026-04-26,0,51,4,2026-04-26 20:25:27.041000+00:00,2026-04-26 20:25:29.031566+00:00,2026-04-26 20:26:34.955000+00:00,0.65,0.6190392084062236,0.4269413024281211,0.5214199413556503,-0.380073849741804,-0.1347325939701567,0.5923522310358359,0.057647768964164126,0.710985,1.990566,6.0,1.0,1.0,-1.0,0.0,0.0,1.0,1.0,1.0,0.0,1.0,0.0,-1.0,-2.0,0.0,0.0,0.0,0.0,0.0,0.0,0.0,0.58,4.87499,-0.29626581614317277,0.6297864927846116,no,away_yes,away_yes,2026-04-26 20:25:29.422151+00:00,0.35,3.0,0.04780000000000029,0.012840521646164893,0.6517999999999995,profitable_reversal,2026-04-26 20:59:58.175559+00:00,0.6,0.05040000000000022,april
1,True,822911,2026-04-26,0,67,1,2026-04-26 20:59:56.830000+00:00,2026-04-26 20:59:57.930667+00:00,2026-04-26 21:00:31.392000+00:00,0.44,-0.2411620568168881,0.17346747025161252,0.11936600013832041,0.43719851354972206,0.20615016122677668,0.4974715954283915,-0.057471595428391475,1.649281,1.100667,8.0,1.0,0.0,-1.0,0.0,0.0,1.0,0.0,0.0,0.0,0.0,0.0,0.0,0.0,1.0,0.0,0.0,0.0,0.0,0.0,0.0,0.41,3.549979,-0.12280332038452382,0.4641604946441736,yes,yes,home_yes,2026-04-26 20:59:58.312104+00:00,0.44,4.37,0.07539999999999991,0.030181361595038633,-1.9982,,,,,april
1,True,822913,2026-04-22,0,36,3,2026-04-23 01:16:34.602000+00:00,2026-04-23 01:16:35.648445+00:00,2026-04-23 01:19:39.160000+00:00,0.35,-0.6190392084062235,0.1682259984300244,0.38804504561740716,-1.1427152210333242,-0.3371880562652356,0.19394671831131852,0.15605328168868146,4.618648,1.046445,5.0,0.0,2.0,-2.0,0.0,0.0,0.0,1.0,0.0,0.0,0.0,-2.0,-2.0,0.0,-1.0,0.0,0.0,0.0,0.0,0.0,0.0,0.35,4.780932,0.0,0.31206119876047084,no,away_yes,away_yes,2026-04-23 01:16:36.543269+00:00,0.65,3.0,0.04779999999999984,0.06601640371858741,1.0022,,,,,april
1,True,822916,2026-04-07,1,61,4,2026-04-08 02:15:37.025000+00:00,2026-04-08 02:15:38.353777+00:00,2026-04-08 02:16:07.211000+00:00,0.57,0.2818511521409875,0.6664654041525248,0.775844038883336,-0.5493678187227615,0.0,0.43351685104883647,0.13648314895116348,0.454643,1.328777,9.0,0.0,0.0,1.0,0.0,0.0,1.0,0.0,0.0,0.0,0.0,0.0,-1.0,-2.0,1.0,0.0,0.0,1.0,8.0,1.0,0.0,0.7,3.685968,0.565446708246216,0.5400771073521669,no,away_yes,away_yes,2026-04-08 02:15:41.476676+00:00,0.33,5.0,0.07739999999999991,0.5722144632391657,-1.7274,,,,,april
1,True,822917,2026-04-05,0,58,5,2026-04-05 20:50:24.073000+00:00,2026-04-05 20:50:28.042901+00:00,2026-04-05 20:50:58.567000+00:00,0.28,-0.9444616088408512,0.07655814358937607,0.1866223456143976,-1.0179488499914133,-0.09716374845364761,0.13409267640093545,0.14590732359906458,0.115663,3.969901,8.0,0.0,0.0,-1.0,0.0,0.0,1.0,0.0,0.0,0.0,0.0,-1.0,-2.0,-2.0,1.0,-1.0,0.0,0.0,0.0,0.0,0.0,0.21,4.963581,-0.38046380590274753,0.24599007044163446,no,away_yes,away_yes,2026-04-05 20:50:28.740334+00:00,0.7,2.79,0.041100000000000136,0.10958770346783986,0.7959,,,,,april
1,True,822919,2026-04-03,0,58,4,2026-04-03 22:01:42.770000+00:00,2026-04-03 22:01:44.011931+00:00,2026-04-03 22:02:41.061000+00:00,0.63,0.5322168137473082,0.4153881718099585,0.20347484104724897,1.0229817010962212,-0.13107740366295606,0.8437337788710013,-0.2137337788710013,1.179525,1.241931,7.0,1.0,1.0,0.0,0.0,0.0,0.0,1.0,0.0,0.0,0.0,1.0,-1.0,-2.0,0.0,1.0,-1.0,0.0,0.0,0.0,0.0,0.63,4.921313,0.0,0.6736627093524443,yes,yes,home_yes,2026-04-03 22:01:46.350083+00:00,0.65,3.0,0.04779999999999984,0.023188128057333057,-1.9978,,,,,april
1,True,822996,2026-04-11,1,16,2,2026-04-11 22:40:56.134000+00:00,2026-04-11 22:40:57.502932+00:00,2026-04-11 22:41:28.125000+00:00,0.42,-0.3227733922630512,0.45012048699684437,0.3396549060508059,0.46464855687544077,-0.0409222401220633,0.5455725217287799,-0.12557252172877992,1.204966,1.368932,2.0,1.0,1.0,0.0,0.0,0.0,1.0,0.0,0.0,0.0,0.0,1.0,0.0,-1.0,1.0,0.0,-1.0,0.0,0.0,0.0,0.0,0.43,4.035505,0.0409222401220633,0.45964968481992213,yes,yes,home_yes,2026-04-11 22:41:01.538437+00:00,0.43,4.47,0.07669999999999999,0.05583409114505197,-0.02039999999999975,profitable_reversal,2026-04-12 00:25:07.139079+00:00,0.46,0.07779999999999987,april
1,True,822996,2026-04-11,1,66,3,2026-04-12 00:25:30.641000+00:00,2026-04-12 00:25:32.235510+00:00,2026-04-12 00:28:02.031000+00:00,0.43,-0.2818511521409879,0.006705293586358296,0.2158084906460286,-3.707868236327254,-0.08118045667883664,0.019674931012081606,0.4103250689879184,0.045864,1.59451,9.0,0.0,0.0,0.0,0.0,0.0,0.0,0.0,0.0,1.0,-2.0,0.0,0.0,-2.0,-1.0,0.0,0.0,2.0,16.0,-0.25,0.0,0.44,4.872182,0.04068909532409978,0.3986557244363587,no,away_yes,away_yes,2026-04-12 00:25:33.130077+00:00,0.57,3.4,0.05840000000000023,0.048170536916380485,-1.9964,,,,,april
1,True,822998,2026-04-12,1,49,2,2026-04-12 19:25:55.488000+00:00,2026-04-12 19:25:57.863699+00:00,2026-04-12 19:26:30.729000+00:00,0.64,0.5753641449035619,0.6069325355853522,0.7446049703074795,-0.6356059754620207,0.04314733115625369,0.4741757091471946,0.16582429085280542,0.197517,2.375699,7.0,0.0,0.0,2.0,0.0,0.0,1.0,1.0,0.0,0.0,0.0,-1.0,-1.0,0.0,0.0,0.0,0.0,0.0,0.0,0.0,0.0,0.64,4.517528,0.0,0.6115332972313697,no,away_yes,away_yes,2026-04-12 19:26:02.220091+00:00,0.36,3.0,0.0484,0.037000108305890844,-1.1284,,,,,april
1,True,823002,2026-04-06,1,14,2,2026-04-06 20:36:48.007000+00:00,2026-04-06 20:36:49.146141+00:00,2026-04-06 20:37:21.062000+00:00,0.37,-0.5322168137473082,0.18818132658363296,0.3584898333205644,-0.8799462740007483,-0.08490459570364345,0.20961320435424788,0.16038679564575212,1.364565,1.139141,2.0,0.0,2.0,-2.0,0.0,0.0,1.0,1.0,0.0,0.0,0.0,-2.0,-1.0,0.0,0.0,0.0,-1.0,6.0,190.0,1.0,0.00687184270936275,0.37,4.938487,0.0,0.32265788049647776,no,away_yes,away_yes,2026-04-06 20:36:49.151176+00:00,0.64,3.04,0.04909999999999992,0.06442004329070783,-1.9947,,,,,april
1,True,823069,2026-04-24,0,46,4,2026-04-25 01:58:27.573000+00:00,2026-04-25 01:58:28.761554+00:00,2026-04-25 02:00:51.291000+00:00,0.36,-0.5753641449035618,0.2632730096659978,0.15888457769880215,0.6375250459966804,0.08793007250670215,0.4935580636234179,-0.13355806362341793,1.286845,1.188554,6.0,1.0,0.0,-1.0,0.0,0.0,0.0,0.0,0.0,0.0,-1.0,0.0,-2.0,-1.0,-1.0,-1.0,0.0,2.0,50.0,1.0,0.0,0.37,3.446052,0.04314733115625358,0.3918891380467171,yes,yes,home_yes,2026-04-25 01:58:31.804265+00:00,0.36,5.31,0.08570000000000033,0.08363132302806753,-1.9973,,,,,april
1,True,823070,2026-04-25,0,14,2,2026-04-25 18:38:38.613000+00:00,2026-04-25 18:38:40.997357+00:00,2026-04-25 18:39:06.843000+00:00,0.34,-0.663294217410264,0.19559086829753536,0.3930984212930735,-0.9797763213831725,-0.044255009004040446,0.16814722602399787,0.17185277397600215,0.216731,2.384357,2.0,0.0,1.0,-2.0,0.0,0.0,0.0,0.0,0.0,0.0,0.0,-2.0,-1.0,0.0,-1.0,0.0,0.0,7.0,866.1800000000001,1.0,5.551115123125783e-17,0.26,4.538175,-0.38267433777242366,0.2927480613849432,no,away_yes,away_yes,2026-04-25 18:38:41.397750+00:00,0.68,1.0,0.01529999999999998,0.011951938615056834,0.30469999999999997,,,,,april
1,True,823074,2026-04-11,0,25,2,2026-04-12 00:09:39.485000+00:00,2026-04-12 00:09:40.702824+00:00,2026-04-12 00:10:50.752000+00:00,0.21,-1.3249254147435987,0.16069673868782308,0.3480371969780979,-1.0253749709205406,-0.33030283959953677,0.11711924461817291,0.09288075538182708,0.222265,1.217824,4.0,0.0,1.0,-2.0,0.0,0.0,0.0,1.0,0.0,0.0,0.0,-2.0,-1.0,0.0,-1.0,0.0,0.0,0.0,0.0,0.0,0.0,0.21,3.280968,0.0,0.18795546699471352,no,away_yes,away_yes,2026-04-12 00:09:42.563718+00:00,0.76,2.58,0.03299999999999992,0.1012748951536391,0.5862,,,,,april
1,True,823076,2026-04-10,1,56,2,2026-04-11 02:17:20.701000+00:00,2026-04-11 02:17:22.493090+00:00,2026-04-11 02:17:51.834000+00:00,0.71,0.8953840470548413,0.7582886084198959,0.7174185978172469,0.21162681511993386,0.0,0.7515714238659642,-0.04157142386596424,1.729888,1.79209,7.0,0.0,2.0,1.0,0.0,0.0,0.0,0.0,0.0,0.0,1.0,0.0,-1.0,0.0,0.0,0.0,0.0,0.0,0.0,0.0,0.0,0.71,4.305734,0.0,0.7312558782293197,yes,yes,home_yes,2026-04-11 02:17:23.497994+00:00,0.71,2.0,0.028900000000000148,0.013611756458639324,0.024799999999999933,profitable_reversal,2026-04-11 02:30:24.649751+00:00,0.75,0.02629999999999999,april
1,True,823076,2026-04-10,1,60,1,2026-04-11 02:26:06.990000+00:00,2026-04-11 02:26:10.181760+00:00,2026-04-11 02:26:22.517000+00:00,0.76,1.1526795099383855,0.724281884163881,0.7208892834794849,0.016924605683622307,-0.5819215454497209,0.8521451291077662,-0.09214512910776618,0.303714,3.19176,7.0,1.0,2.0,1.0,1.0,0.0,0.0,0.0,0.0,0.0,0.0,0.0,1.0,0.0,0.0,0.0,0.0,0.0,0.0,0.0,0.0,0.75,4.446183,-0.054067221270275745,0.7860139193651938,yes,yes,home_yes,2026-04-11 02:26:11.606467+00:00,0.76,2.58,0.03299999999999992,0.034115911962200124,-0.0927,profitable_reversal,2026-04-11 02:30:24.649751+00:00,0.75,0.03390000000000004,april
1,True,823076,2026-04-10,1,61,4,2026-04-11 02:31:00.922000+00:00,2026-04-11 02:31:02.196641+00:00,2026-04-11 02:31:36.091000+00:00,0.71,0.8953840470548413,0.5961886762788187,0.7387062160897369,-0.6496454767279111,-0.04907756178600997,0.5731747908432019,0.13682520915679808,0.309238,1.274641,8.0,0.0,0.0,1.0,0.0,0.0,0.0,1.0,0.0,0.0,0.0,0.0,-1.0,-2.0,0.0,1.0,0.0,0.0,0.0,0.0,0.0,0.59,4.389697,-0.5314186698534298,0.6822202368714259,no,away_yes,away_yes,2026-04-11 02:31:02.200890+00:00,0.29,6.57,0.0947,0.08781304375473226,-2.0,,,,,april
1,True,823078,2026-04-01,1,79,3,2026-04-01 21:20:29.008000+00:00,2026-04-01 21:20:30.348907+00:00,2026-04-01 21:21:01.902000+00:00,0.41,-0.3639653772014119,0.005202904743811798,0.0031107680238563473,0.5164482959576109,-0.08211422506042404,0.5583817738377629,-0.1483817738377629,0.954896,1.340907,11.0,0.0,2.0,0.0,0.0,0.0,1.0,1.0,1.0,0.0,1.0,0.0,-1.0,-1.0,0.0,0.0,0.0,2.0,5.0,1.0,0.0,0.44,4.824273,0.12280332038452382,0.45611981629888737,yes,yes,home_yes,2026-04-01 21:20:31.615078+00:00,0.43,4.47,0.07669999999999999,0.04005557885602658,1.1564999999999992,profitable_reversal,2026-04-01 21:25:36.838314+00:00,0.72,0.06310000000000038,april
1,True,823078,2026-04-01,1,82,4,2026-04-01 21:25:32.884000+00:00,2026-04-01 21:25:35.247506+00:00,,0.68,0.7537718023763803,0.005968948137532306,0.013358280974635112,-0.8130272416619091,0.09047758496611602,0.4626365252249363,0.21736347477506374,0.128428,2.363506,11.0,1.0,2.0,0.0,0.0,0.0,0.0,0.0,1.0,0.0,2.0,0.0,-1.0,-2.0,-1.0,-1.0,1.0,4.0,31.0,-1.0,0.012990381056766592,0.65,4.688944,-0.1347325939701567,0.6258015318684407,no,away_yes,away_yes,2026-04-01 21:25:37.106199+00:00,0.33,5.78,0.08949999999999969,0.1659671458004131,-1.9969,,,,,april
1,True,823147,2026-04-22,1,62,6,2026-04-22 22:26:16.602000+00:00,2026-04-22 22:26:20.461878+00:00,2026-04-22 22:27:27.193000+00:00,0.73,0.9946225751440619,0.5358563285859207,0.4031701180987831,0.5359454561840311,-0.05134598003862567,0.8294754178839215,-0.09947541788392156,0.248602,3.859878,7.0,1.0,1.0,0.0,0.0,0.0,0.0,1.0,1.0,0.0,0.0,0.0,-3.0,-2.0,-1.0,1.0,1.0,0.0,0.0,0.0,0.0,0.71,4.840759,-0.09923852808922062,0.7679159039222008,yes,yes,home_yes,2026-04-22 22:26:24.479326+00:00,0.72,2.72,0.03839999999999977,0.09193125866838642,-0.21649999999999947,profitable_reversal,2026-04-22 22:58:57.704135+00:00,0.67,0.042099999999999804,april
1,True,823147,2026-04-22,1,77,4,2026-04-22 22:58:54.485000+00:00,2026-04-22 22:58:57.636722+00:00,2026-04-22 22:59:41.671000+00:00,0.67,0.708185057924486,0.004108003009979506,0.008817451977060424,-0.768536003719972,-0.2864375172195759,0.5562821078710981,0.11371789212890193,0.841978,3.151722,9.0,1.0,2.0,0.0,0.0,0.0,0.0,0.0,0.0,0.0,2.0,0.0,-2.0,-1.0,-1.0,0.0,0.0,0.0,0.0,0.0,0.0,0.65,4.332269,-0.08914584951826243,0.6168007510388819,no,away_yes,away_yes,2026-04-22 22:58:58.983398+00:00,0.33,5.78,0.08949999999999969,0.21799165899526296,-1.9969,,,,,april
1,True,823148,2026-04-21,0,62,6,2026-04-22 03:57:32.959000+00:00,2026-04-22 03:57:36.608652+00:00,2026-04-22 04:00:03.545000+00:00,0.23,-1.2083112059245342,0.11315558997156819,0.09547204919628735,0.18967389882064412,-0.26384959708368305,0.31977897893237095,-0.08977897893237094,0.46715,3.649652,7.0,1.0,2.0,-2.0,0.0,0.0,1.0,1.0,0.0,0.0,0.0,0.0,-3.0,-2.0,0.0,1.0,0.0,0.0,0.0,0.0,0.0,0.23,4.749147,0.0,0.2508186100681583,yes,yes,home_yes,2026-04-22 03:57:40.319344+00:00,0.23,8.25,0.10229999999999984,0.06945353306230614,-1.9998,,,,,april
1,True,823149,2026-04-20,0,15,5,2026-04-21 02:12:42.574000+00:00,2026-04-21 02:12:44.422934+00:00,2026-04-21 02:13:09.629000+00:00,0.87,1.900958761193047,0.8527447363516055,0.7677434486991617,0.5606796395886586,-0.09147140349715932,0.9277821564634453,-0.05778215646344531,2.22301,1.848934,2.0,1.0,0.0,3.0,0.0,0.0,0.0,0.0,0.0,0.0,0.0,1.0,-1.0,-2.0,0.0,0.0,0.0,0.0,0.0,0.0,0.0,0.87,3.983954,0.0,0.8914001393846137,yes,yes,home_yes,2026-04-21 02:12:48.406888+00:00,0.87,2.27,0.017999999999999794,0.03057831640307334,-1.9929,,,,,april
1,True,823151,2026-04-18,1,29,6,2026-04-19 00:24:57.245000+00:00,2026-04-19 00:24:58.532713+00:00,2026-04-19 00:26:11.563000+00:00,0.6,0.4054651081081642,0.48230403677333045,0.3739234901033859,0.44460794985922375,0.08269171584511337,0.6829541534113068,-0.08295415341130685,2.891178,1.287713,4.0,0.0,2.0,1.0,0.0,0.0,1.0,1.0,1.0,0.0,1.0,0.0,-3.0,-2.0,0.0,0.0,0.0,3.0,15.0,-1.0,0.0,0.59,4.880703,-0.04149973090675274,0.6353557027937906,yes,yes,home_yes,2026-04-19 00:25:02.833477+00:00,0.61,3.19,0.053200000000000136,0.027684691912191958,1.1908999999999998,,,,,april
1,True,823152,2026-04-17,0,21,2,2026-04-18 02:21:48.420000+00:00,2026-04-18 02:21:54.123687+00:00,2026-04-18 02:23:10.154000+00:00,0.36,-0.5753641449035618,0.229053964893703,0.282475506938469,-0.28144550938962776,0.22475515520855127,0.25321000522833154,0.10678999477166845,3.334991,5.703687,3.0,0.0,0.0,-1.0,0.0,0.0,0.0,1.0,0.0,0.0,0.0,0.0,-1.0,0.0,0.0,1.0,0.0,0.0,0.0,0.0,0.0,0.36,3.111677,0.0,0.3199709969635528,no,away_yes,away_yes,2026-04-18 02:21:56.767076+00:00,0.65,3.0,0.04779999999999984,0.04228700910934169,1.0022,,,,,april
1,True,823155,2026-04-11,1,13,8,2026-04-12 02:08:45.165000+00:00,2026-04-12 02:08:47.342783+00:00,2026-04-12 02:09:15.086000+00:00,0.72,0.9444616088408513,0.6741434103693951,0.5830960896869457,0.3914892600501402,-0.10150694634183632,0.8080606708384863,-0.08806067083848634,1.002637,2.177783,2.0,0.0,2.0,2.0,0.0,0.0,1.0,1.0,1.0,0.0,1.0,0.0,-3.0,-2.0,0.0,0.0,0.0,1.0,11.0,1.0,0.0,0.72,3.538492,0.0,0.7627660002072061,yes,yes,home_yes,2026-04-12 02:08:47.779086+00:00,0.74,2.65,0.035700000000000065,0.024629900549096084,0.6533,,,,,april
1,True,823157,2026-04-01,0,12,4,2026-04-01 20:33:26.365000+00:00,2026-04-01 20:33:27.992953+00:00,2026-04-01 20:35:53.785000+00:00,0.4,-0.4054651081081643,0.37068603410034645,0.31328657204150323,0.2555238844803741,0.0,0.46258476643613944,-0.06258476643613942,0.35036,1.627953,2.0,1.0,0.0,-1.0,0.0,0.0,0.0,0.0,0.0,0.0,-1.0,0.0,-1.0,-2.0,-1.0,0.0,0.0,0.0,0.0,0.0,0.0,0.4,3.745495,0.0,0.42508305602294083,yes,yes,home_yes,2026-04-01 20:33:31.558840+00:00,0.4,2.0,0.03359999999999996,0.016566112045881654,-0.8336,,,,,april
1,True,823229,2026-04-25,1,15,1,2026-04-25 20:44:44.913000+00:00,2026-04-25 20:44:50.150966+00:00,2026-04-25 20:45:27.287000+00:00,0.56,0.24116205681688824,0.520020285706885,0.470455793304068,0.19843863208308027,0.0,0.6081638787926194,-0.0481638787926193,4.361694,5.237966,2.0,1.0,1.0,0.0,0.0,0.0,0.0,1.0,0.0,0.0,0.0,0.0,0.0,0.0,0.0,1.0,0.0,0.0,0.0,0.0,0.0,0.56,3.023002,0.0,0.5803639671369212,yes,yes,home_yes,2026-04-25 20:44:53.173968+00:00,0.56,3.46,0.059699999999999864,0.01075932629374722,1.4627,,,,,april
1,True,823229,2026-04-25,1,38,5,2026-04-25 21:40:10.392000+00:00,2026-04-25 21:40:12.155410+00:00,2026-04-25 21:40:46.576000+00:00,0.59,0.3639653772014115,0.45327027849889523,0.31155375852649697,0.6053993507285285,0.041191984938360626,0.7167044276616753,-0.12670442766167533,4.146924,1.76341,5.0,1.0,0.0,0.0,0.0,0.0,0.0,0.0,0.0,0.0,0.0,1.0,-3.0,-1.0,0.0,0.0,0.0,0.0,0.0,0.0,0.0,0.56,3.12736,-0.12280332038452324,0.6312616258763076,yes,yes,home_yes,2026-04-25 21:40:13.197460+00:00,0.57,3.4,0.05840000000000023,0.14988952797944588,1.4036,,,,,april
1,True,823230,2026-04-26,1,12,3,2026-04-26 20:30:46.378000+00:00,2026-04-26 20:30:47.457921+00:00,2026-04-26 20:31:10.574000+00:00,0.3,-0.8472978603872036,0.17149473831128093,0.4731168021619415,-1.4674340110167958,-0.13911280246271795,0.10196137001772577,0.19803862998227423,0.278535,1.079921,2.0,0.0,2.0,-3.0,0.0,0.0,0.0,0.0,0.0,0.0,0.0,-3.0,0.0,-2.0,-1.0,-1.0,0.0,2.0,277.0,1.0,0.0,0.24,4.434543,-0.30538164955118197,0.25869859669315554,no,away_yes,away_yes,2026-04-26 20:30:47.839553+00:00,0.71,2.76,0.03980000000000028,0.04659187312689053,-1.9994,,,,,april
1,True,823231,2026-04-22,1,46,4,2026-04-23 03:14:35.212000+00:00,2026-04-23 03:14:36.254991+00:00,2026-04-23 03:16:51.668000+00:00,0.4,-0.4054651081081643,0.2976307772138279,0.4160752907680619,-0.5196996878134559,-0.08269171584511309,0.30101418053752094,0.09898581946247909,0.184479,1.042991,7.0,0.0,0.0,0.0,0.0,0.0,0.0,0.0,0.0,1.0,-2.0,0.0,-1.0,-2.0,0.0,-1.0,-1.0,2.0,2738.0,1.0,0.0,0.4,4.805205,0.0,0.36699314613366685,no,away_yes,away_yes,2026-04-23 03:14:38.562546+00:00,0.61,3.19,0.053200000000000136,0.020191863833602663,-1.9991,,,,,april
1,True,823234,2026-04-08,1,44,4,2026-04-08 21:15:40.471000+00:00,2026-04-08 21:15:41.721402+00:00,2026-04-08 21:16:18.304000+00:00,0.59,0.3639653772014115,0.47737800693825705,0.40803920987672354,0.28152733566181115,0.0,0.6559940382242279,-0.06599403822422789,1.929874,1.250402,6.0,1.0,1.0,0.0,0.0,0.0,0.0,1.0,0.0,0.0,0.0,0.0,-2.0,-1.0,0.0,1.0,0.0,0.0,0.0,0.0,0.0,0.59,4.564335,0.0,0.6168563673397907,yes,yes,home_yes,2026-04-08 21:15:46.285737+00:00,0.59,3.29,0.05580000000000007,0.03255744854791129,1.2931000000000001,,,,,april
1,True,823235,2026-04-07,1,36,7,2026-04-08 03:05:32.994000+00:00,2026-04-08 03:05:37.249539+00:00,2026-04-08 03:06:18.218000+00:00,0.75,1.0986122886681098,0.7349522605536893,0.6680804715431115,0.32037950956802996,-0.1670540846631663,0.8300590590037957,-0.08005905900379573,0.035969,4.255539,5.0,1.0,0.0,1.0,0.0,0.0,1.0,1.0,0.0,0.0,0.0,0.0,-2.0,-2.0,0.0,1.0,0.0,0.0,0.0,0.0,0.0,0.73,3.352221,-0.10398971352404784,0.7757337412311127,yes,yes,home_yes,2026-04-08 03:05:38.516715+00:00,0.74,2.65,0.035700000000000065,0.058994414262448655,0.6533,,,,,april
1,True,823236,2026-04-21,1,31,4,2026-04-22 02:48:41.603000+00:00,2026-04-22 02:48:43.095186+00:00,2026-04-22 02:51:18.610000+00:00,0.6,0.4054651081081642,0.6419976859638905,0.4292287439472513,0.8690437966317861,0.24512245803298474,0.7367969284404549,-0.13679692844045488,2.035759,1.492186,4.0,1.0,0.0,2.0,0.0,0.0,0.0,0.0,0.0,0.0,-1.0,0.0,-2.0,-1.0,-1.0,-1.0,-1.0,2.0,31.869999999999997,0.05051772827110128,0.009999999999999953,0.59,4.152475,-0.04149973090675274,0.6395076631469305,yes,yes,home_yes,2026-04-22 02:48:43.095222+00:00,0.6,3.24,0.05449999999999999,0.073504828596055,1.2415000000000003,,,,,april
1,True,823237,2026-04-06,0,23,2,2026-04-07 02:31:33.793000+00:00,2026-04-07 02:31:38.958691+00:00,2026-04-07 02:32:24.961000+00:00,0.69,0.8001193001121129,0.6664489951563075,0.5619068494938579,0.4432632907984059,0.046347497735732546,0.7679969231879684,-0.07799692318796847,0.800614,5.165691,3.0,1.0,0.0,0.0,0.0,0.0,0.0,1.0,1.0,0.0,0.0,0.0,0.0,-1.0,0.0,0.0,1.0,0.0,0.0,0.0,0.0,0.66,3.819963,-0.13682508270184857,0.7197552383101244,yes,yes,home_yes,2026-04-07 02:31:42.778654+00:00,0.66,2.95,0.046399999999999775,0.12987795301486726,-1.9934,,,,,april
1,True,823238,2026-04-05,0,25,2,2026-04-05 20:53:52.622000+00:00,2026-04-05 20:53:54.214931+00:00,2026-04-05 20:56:13.939000+00:00,0.36,-0.5753641449035618,0.27911706177060747,0.1852324211826465,0.5324460321836457,0.08793007250670215,0.4673345465092216,-0.10733454650922164,1.116267,1.592931,4.0,1.0,0.0,-1.0,0.0,0.0,0.0,0.0,0.0,0.0,-1.0,0.0,0.0,-1.0,-1.0,0.0,-1.0,0.0,0.0,0.0,0.0,0.36,4.823129,0.0,0.3892630035539815,yes,yes,home_yes,2026-04-05 20:53:59.038060+00:00,0.36,5.31,0.08570000000000033,0.06968654887164161,1.5869999999999989,profitable_reversal,2026-04-05 22:00:34.552850+00:00,0.69,0.07960000000000056,april
1,True,823238,2026-04-05,0,43,2,2026-04-05 21:28:35.809000+00:00,2026-04-05 21:28:37.094089+00:00,2026-04-05 21:30:10.647000+00:00,0.43,-0.2818511521409879,0.34703195668475145,0.1866513326385049,0.8398062177286871,0.0,0.635979250016777,-0.20597925001677703,0.770947,1.285089,6.0,1.0,2.0,0.0,0.0,0.0,0.0,1.0,0.0,0.0,0.0,1.0,0.0,-1.0,0.0,0.0,0.0,0.0,0.0,0.0,0.0,0.47,4.866492,0.16170684029892454,0.4716222580154643,yes,yes,home_yes,2026-04-05 21:28:37.408715+00:00,0.43,4.47,0.07669999999999999,0.1093514933291255,1.0184999999999989,profitable_reversal,2026-04-05 22:00:34.552850+00:00,0.69,0.06700000000000061,april
1,True,823238,2026-04-05,0,56,4,2026-04-05 22:00:30.194000+00:00,2026-04-05 22:00:32.308632+00:00,2026-04-05 22:01:30.887000+00:00,0.69,0.8001193001121129,0.6036293479365464,0.7018960449412328,-0.4357324571157376,0.046347497735732546,0.5788463513906275,0.11115364860937249,0.953814,2.114632,8.0,0.0,1.0,1.0,0.0,0.0,0.0,1.0,0.0,0.0,0.0,0.0,-2.0,-1.0,0.0,1.0,0.0,1.0,21.0,1.0,0.0,0.7,4.774312,0.0471785602750906,0.6548507683575773,no,away_yes,away_yes,2026-04-05 22:00:35.723098+00:00,0.31,6.15,0.09209999999999985,0.12406777460089996,4.151400000000001,,,,,april
1,True,823239,2026-04-04,0,15,6,2026-04-05 01:41:52.273000+00:00,2026-04-05 01:41:58.592370+00:00,2026-04-05 01:42:47.146000+00:00,0.28,-0.9444616088408512,0.22789449431385092,0.16566347955231323,0.39643989511530564,0.05016096630321076,0.35475957791527535,-0.07475957791527532,2.50842,6.31937,2.0,1.0,0.0,-3.0,0.0,0.0,0.0,1.0,0.0,0.0,0.0,0.0,-1.0,-2.0,0.0,1.0,0.0,0.0,0.0,0.0,0.0,0.28,4.322912,0.0,0.3029492746244027,yes,yes,home_yes,2026-04-05 01:42:02.915282+00:00,0.28,6.8,0.09599999999999986,0.06005506744593822,-2.0,,,,,april
1,True,823310,2026-04-28,0,47,3,2026-04-29 03:19:26.400000+00:00,2026-04-29 03:19:28.011854+00:00,2026-04-29 03:19:57.876000+00:00,0.39,-0.4473122180436648,0.2040810680594174,0.269409230127042,-0.3633580735361135,0.0,0.30774767902139194,0.08225232097860807,0.496359,1.611854,6.0,0.0,1.0,0.0,3.0,0.0,0.0,1.0,1.0,0.0,0.0,0.0,1.0,0.0,-1.0,0.0,1.0,1.0,2.28,1.0,0.0,0.41,3.820404,0.08334684084225286,0.3645568177036647,no,away_yes,away_yes,2026-04-29 03:19:32.928128+00:00,0.61,1.0,0.016700000000000048,0.008743182296335306,0.13090000000000002,profitable_reversal,2026-04-29 03:34:00.272790+00:00,0.77,0.012399999999999967,april
1,True,823310,2026-04-28,0,48,2,2026-04-29 03:22:11.959000+00:00,2026-04-29 03:22:13.114038+00:00,2026-04-29 03:22:52.226000+00:00,0.24,-1.1526795099383855,0.12330570102502869,0.3232085877059908,-1.2224264872709347,-0.054067221270275745,0.08939546283128523,0.15060453716871475,1.16675,1.155038,6.0,0.0,2.0,-2.0,0.0,0.0,0.0,1.0,0.0,0.0,0.0,-2.0,0.0,-1.0,0.0,0.0,-1.0,8.0,5243.0,0.9992180049589928,0.007071067811865474,0.23,4.294553,-0.0556316959861487,0.2033827407661554,no,away_yes,away_yes,2026-04-29 03:22:13.429171+00:00,0.77,2.55,0.031700000000000284,0.03617401104630348,-0.06340000000000057,profitable_reversal,2026-04-29 03:34:00.272790+00:00,0.77,0.031700000000000284,april
1,True,823310,2026-04-28,0,54,5,2026-04-29 03:34:28.852000+00:00,2026-04-29 03:34:30.305000+00:00,2026-04-29 03:37:30.996000+00:00,0.37,-0.5322168137473082,0.25357599516752793,0.15086531563802444,0.6482000751519426,-0.1682514365458963,0.5705841093437811,-0.20058410934378113,1.73797,1.453,6.0,1.0,2.0,-1.0,0.0,0.0,1.0,0.0,1.0,0.0,0.0,1.0,-2.0,-2.0,0.0,-1.0,1.0,12.0,971.92,-0.9053420034570746,0.027788886667555107,0.38,4.314275,0.04266858842860244,0.4166679427691746,yes,yes,home_yes,2026-04-29 03:34:32.576180+00:00,0.39,4.91,0.08179999999999987,0.04913959899664749,-1.9967,,,,,april
1,True,823311,2026-04-27,1,13,6,2026-04-28 02:08:33.169000+00:00,2026-04-28 02:08:34.235152+00:00,2026-04-28 02:08:58.737000+00:00,0.69,0.8001193001121129,0.721213884451011,0.820854973228019,-0.5716598979948184,0.0919342421876268,0.5340783738457776,0.15592162615422234,0.2948,1.066152,2.0,0.0,0.0,2.0,0.0,0.0,0.0,0.0,0.0,0.0,0.0,-1.0,-2.0,-2.0,0.0,0.0,0.0,0.0,0.0,0.0,0.0,0.72,3.852845,0.14434230872873843,0.6601524012595427,no,away_yes,away_yes,2026-04-28 02:08:38.596490+00:00,0.28,6.57,0.09279999999999955,0.300398723724805,0.19810000000000105,profitable_reversal,2026-04-28 03:32:23.229300+00:00,0.34,0.1032999999999995,april
1,True,823311,2026-04-27,1,49,5,2026-04-28 03:32:19.104000+00:00,2026-04-28 03:32:22.164239+00:00,2026-04-28 03:33:41.568000+00:00,0.66,0.6632942174102643,0.6819448428859478,0.33421426039538893,1.4519095822354293,0.2993288402088528,0.8600704183010307,-0.20007041830103067,0.569444,3.060239,5.0,1.0,2.0,1.0,0.0,0.0,0.0,1.0,0.0,0.0,0.0,2.0,-2.0,-2.0,0.0,0.0,-1.0,0.0,0.0,0.0,0.0,0.69,4.533067,0.13682508270184857,0.6977920655736799,yes,yes,home_yes,2026-04-28 03:32:23.296713+00:00,0.67,2.91,0.045099999999999696,0.0357749108194087,0.9152000000000002,,,,,april
1,True,823311,2026-04-27,1,78,2,2026-04-28 04:45:07.808000+00:00,2026-04-28 04:45:09.285574+00:00,2026-04-28 04:45:56.911000+00:00,0.85,1.7346010553881064,0.9235221683323965,0.8854348137378334,0.4462590213483435,-0.16635770580494058,0.9127128278871512,-0.06271282788715127,0.557075,1.477574,9.0,0.0,1.0,3.0,0.0,0.0,1.0,0.0,1.0,0.0,1.0,-1.0,-1.0,0.0,0.0,-1.0,0.0,1.0,1.0,-1.0,0.0,0.84,4.136966,-0.07637297878457416,0.8743104867044146,yes,yes,home_yes,2026-04-28 04:45:12.907650+00:00,0.84,1.0,0.009500000000000064,0.024810486704414547,0.15049999999999997,,,,,april
1,True,823312,2026-04-29,0,26,2,2026-04-29 21:02:10.641000+00:00,2026-04-29 21:02:12.850238+00:00,2026-04-29 21:02:38.071000+00:00,0.29,-0.8953840470548413,0.1201024267523002,0.28847469140342674,-1.0886569413521912,0.0,0.120888724957994,0.16911127504200596,0.404818,2.209238,4.0,0.0,2.0,-3.0,0.0,0.0,0.0,0.0,0.0,0.0,0.0,-2.0,0.0,-1.0,-1.0,0.0,0.0,0.0,0.0,0.0,0.0,0.2,4.838534,-0.49091031406504926,0.24597035949249882,no,away_yes,away_yes,2026-04-29 21:02:13.562337+00:00,0.73,2.68,0.03699999999999992,0.027399436560103366,0.6866000000000001,,,,,april
1,True,823313,2026-04-16,1,13,1,2026-04-17 01:10:44.853000+00:00,2026-04-17 01:10:47.430237+00:00,2026-04-17 01:11:24.223000+00:00,0.64,0.5753641449035619,0.5756822662563961,0.5277992668240296,0.19376148316462166,-0.043675063502661704,0.6927059933741799,-0.052705993374179916,1.374655,2.577237,2.0,1.0,1.0,0.0,0.0,0.0,1.0,0.0,1.0,0.0,0.0,0.0,0.0,0.0,1.0,-1.0,1.0,0.0,0.0,0.0,0.0,0.63,3.145807,-0.04314733115625369,0.6614039259887007,yes,yes,home_yes,2026-04-17 01:10:48.316801+00:00,0.63,3.09,0.05050000000000021,0.04653813130508487,1.0927999999999998,,,,,april
1,True,823314,2026-04-15,1,10,4,2026-04-16 01:56:51.143000+00:00,2026-04-16 01:56:53.284515+00:00,2026-04-16 01:57:30.427000+00:00,0.39,-0.4473122180436648,0.20754836219314687,0.39885929263201847,-0.9295467711553573,-0.041847109935500504,0.20833155002218254,0.18166844997781748,0.532531,2.141515,2.0,0.0,1.0,-2.0,0.0,0.0,0.0,1.0,0.0,0.0,0.0,-2.0,-2.0,-1.0,-1.0,0.0,0.0,0.0,0.0,0.0,0.0,0.33,4.887961,-0.26087283988082083,0.33814517768616636,no,away_yes,away_yes,2026-04-16 01:56:53.411908+00:00,0.62,3.14,0.051799999999999846,0.07962414206543778,-1.9986,,,,,april
1,True,823315,2026-04-14,1,13,6,2026-04-15 02:07:48.875000+00:00,2026-04-15 02:07:50.362786+00:00,2026-04-15 02:10:14.825000+00:00,0.44,-0.2411620568168881,0.35524865292532914,0.2686309023400826,0.4055331677494075,0.0,0.5410005071037549,-0.10100050710375491,0.90391,1.487786,2.0,1.0,0.0,-1.0,0.0,0.0,0.0,0.0,0.0,0.0,-2.0,0.0,-3.0,-2.0,-1.0,0.0,-1.0,0.0,0.0,0.0,0.0,0.44,3.139186,0.0,0.4671730331035854,yes,yes,home_yes,2026-04-15 02:07:53.501972+00:00,0.44,4.0,0.06899999999999995,0.03969213241434155,2.1710000000000003,,,,,april
1,True,823315,2026-04-14,1,28,6,2026-04-15 02:39:18.746000+00:00,2026-04-15 02:39:19.809984+00:00,2026-04-15 02:39:56.322000+00:00,0.7,0.8472978603872034,0.7384238105247112,0.49680524518338853,1.050571525334982,0.18400364297693916,0.8473370168244801,-0.1473370168244802,3.657987,1.063984,3.0,1.0,2.0,2.0,0.0,0.0,1.0,0.0,0.0,0.0,0.0,2.0,-3.0,-2.0,1.0,-1.0,-1.0,3.0,73.0,-0.7808219178082192,0.012472191289246443,0.7,3.892743,0.0,0.7433423404658629,yes,yes,home_yes,2026-04-15 02:39:19.907075+00:00,0.7,2.79,0.041100000000000136,0.07982512989975746,0.7959,,,,,april
1,True,823316,2026-04-11,1,25,3,2026-04-12 01:36:38.652000+00:00,2026-04-12 01:36:40.578539+00:00,2026-04-12 01:37:20.662000+00:00,0.27,-0.9946225751440619,0.1792131299346054,0.11993431474881346,0.47136462099581133,0.10398971352404784,0.34813488245061985,-0.07813488245061984,0.327914,1.926539,3.0,1.0,1.0,-4.0,0.0,0.0,1.0,0.0,1.0,0.0,0.0,0.0,0.0,-2.0,0.0,0.0,1.0,0.0,0.0,0.0,0.0,0.28,4.874424,0.05016096630321076,0.2968853183403851,yes,yes,home_yes,2026-04-12 01:36:40.670602+00:00,0.26,5.0,0.0673999999999999,0.11702659170192564,3.6326,,,,,april
1,True,823318,2026-04-10,1,32,3,2026-04-11 02:46:42.914000+00:00,2026-04-11 02:46:44.081369+00:00,2026-04-11 02:47:07.120000+00:00,0.75,1.0986122886681098,0.6690212213927249,0.4475822830432825,0.9142056205187097,0.1541506798272585,0.865141527136653,-0.11514152713665304,2.565131,1.167369,5.0,1.0,0.0,1.0,0.0,0.0,0.0,0.0,0.0,0.0,0.0,1.0,-1.0,-1.0,0.0,0.0,0.0,13.0,8835.0,1.0,0.013278981924332373,0.78,3.737807,0.1670540846631663,0.7777053583867979,yes,yes,home_yes,2026-04-11 02:46:45.079451+00:00,0.75,2.62,0.034399999999999986,0.03818803897341047,0.6206,,,,,april
1,True,823319,2026-04-09,1,22,4,2026-04-10 02:30:06.498000+00:00,2026-04-10 02:30:07.932618+00:00,2026-04-10 02:30:51.733000+00:00,0.58,0.32277339226305085,0.44185953663079347,0.3547420470593713,0.36464065050635774,-0.041191984938360626,0.674499300450127,-0.094499300450127,0.989472,1.434618,3.0,1.0,1.0,-1.0,0.0,0.0,1.0,0.0,1.0,0.0,0.0,0.0,0.0,-2.0,0.0,0.0,1.0,3.0,162.0,1.0,0.004714045207910321,0.58,4.545784,0.0,0.6131299860382158,yes,yes,home_yes,2026-04-10 02:30:10.458142+00:00,0.58,3.0,0.051200000000000134,0.048189958114647324,0.04980000000000029,profitable_reversal,2026-04-10 04:14:30.497460+00:00,0.63,0.04899999999999993,april
1,True,823319,2026-04-09,1,63,5,2026-04-10 04:14:49.177000+00:00,2026-04-10 04:14:52.118465+00:00,2026-04-10 04:17:12.587000+00:00,0.61,0.44731221804366483,0.006157221227516052,0.24609324325374965,-3.964395253721628,-0.042236007275040954,0.030036444782691973,0.579963555217308,0.92056,2.941465,9.0,0.0,0.0,0.0,0.0,0.0,0.0,0.0,0.0,1.0,-2.0,0.0,-2.0,-2.0,-1.0,0.0,0.0,0.0,0.0,0.0,0.0,0.59,4.991336,-0.08334684084225336,0.579951874693778,no,away_yes,away_yes,2026-04-10 04:14:52.964415+00:00,0.39,4.91,0.08179999999999987,0.06573629525355029,1.7741000000000005,profitable_reversal,2026-04-10 04:37:50.647975+00:00,0.78,0.05899999999999972,april
1,True,823319,2026-04-09,1,70,5,2026-04-10 04:29:52.590000+00:00,2026-04-10 04:29:53.647916+00:00,2026-04-10 04:32:42.327000+00:00,0.59,0.3639653772014115,0.00379768742418618,0.005815170063502534,-0.4281049493595228,-0.08334684084225336,0.5048016695529476,0.08519833044705238,0.037612,1.057916,10.0,0.0,0.0,0.0,0.0,0.0,0.0,1.0,0.0,1.0,-2.0,0.0,-3.0,-1.0,-1.0,1.0,0.0,2.0,38.0,1.0,0.0,0.6,3.678834,0.04149973090675274,0.5567948212312646,no,away_yes,away_yes,2026-04-10 04:29:55.191117+00:00,0.41,4.0,0.06780000000000008,0.06502071507494178,1.3641000000000003,profitable_reversal,2026-04-10 04:37:50.647975+00:00,0.78,0.04809999999999981,april
1,True,823319,2026-04-09,1,80,7,2026-04-10 04:56:41.643000+00:00,2026-04-10 04:56:42.956448+00:00,2026-04-10 04:58:08.252000+00:00,0.28,-0.9444616088408512,0.001028537012308317,0.0038739612107375754,-1.3289925541824896,-0.1443423087287381,0.10629933583042071,0.1737006641695793,0.283442,1.313448,11.0,0.0,0.0,-1.0,0.0,0.0,0.0,1.0,0.0,0.0,0.0,-1.0,-3.0,-2.0,0.0,0.0,0.0,4.0,2267.0,1.0,0.007071067811865481,0.31,4.989141,0.1443423087287381,0.24356529065044238,no,away_yes,away_yes,2026-04-10 04:56:44.096092+00:00,0.71,2.76,0.03980000000000028,0.08835979780477876,-1.9994,,,,,april
1,True,823321,2026-04-01,1,52,2,2026-04-01 22:02:21.064000+00:00,2026-04-01 22:02:22.108759+00:00,2026-04-01 22:03:58.537000+00:00,0.86,1.815289966638249,0.811915302671582,0.8922672831685552,-0.6516087684362633,0.29894247727016077,0.7036497572171477,0.15635024278285226,1.401765,1.044759,7.0,0.0,2.0,2.0,0.0,0.0,1.0,0.0,0.0,0.0,0.0,-1.0,0.0,-1.0,1.0,0.0,-1.0,9.0,1222.0,1.0,0.019116278371205855,0.9,4.49249,0.38193461069797063,0.8355245033838491,no,away_yes,away_yes,2026-04-01 22:02:27.038892+00:00,0.11,2.0,0.013800000000000007,0.0951509932323018,-0.2338,,,,,april
1,True,823391,2026-04-30,0,44,6,2026-04-30 18:16:33.043000+00:00,2026-04-30 18:16:34.283294+00:00,2026-04-30 18:17:09.217000+00:00,0.24,-1.1526795099383855,0.18203826736933673,0.06550754119245078,1.1552396597410248,0.3636679794297031,0.410691418106161,-0.170691418106161,4.300512,1.240294,5.0,1.0,2.0,-2.0,0.0,0.0,0.0,1.0,0.0,0.0,0.0,2.0,-3.0,-2.0,0.0,0.0,-1.0,4.0,30.0,1.0,0.012990381056766582,0.24,3.775795,0.0,0.264130032417842,yes,yes,home_yes,2026-04-30 18:16:34.296321+00:00,0.24,6.0,0.07669999999999999,0.06808019450705205,-1.5167,,,,,april
1,True,823392,2026-04-29,0,38,2,2026-04-30 00:05:59.814000+00:00,2026-04-30 00:06:01.366926+00:00,2026-04-30 00:06:31.965000+00:00,0.36,-0.5753641449035618,0.1941564346638178,0.11686180511606721,0.5992641729985324,-0.2525907526405106,0.5686856829496678,-0.20868568294966783,3.935388,1.552926,5.0,1.0,0.0,-2.0,0.0,0.0,0.0,0.0,0.0,0.0,0.0,1.0,-1.0,0.0,0.0,0.0,0.0,0.0,0.0,0.0,0.0,0.29,4.338674,-0.3200199021512795,0.3936258750357768,yes,yes,home_yes,2026-04-30 00:06:03.261855+00:00,0.33,5.78,0.08949999999999969,0.27825755770679006,0.047300000000000564,profitable_reversal,2026-04-30 01:00:53.052838+00:00,0.37,0.09439999999999982,april
1,True,823392,2026-04-29,0,63,3,2026-04-30 01:00:50.909000+00:00,2026-04-30 01:00:52.045618+00:00,2026-04-30 01:02:07.212000+00:00,0.37,-0.5322168137473082,0.14529118900327317,0.2031368941380773,-0.4052181151584575,0.0,0.2814187660646864,0.08858123393531359,0.490689,1.136618,7.0,1.0,2.0,-2.0,0.0,0.0,1.0,1.0,1.0,0.0,1.0,0.0,0.0,-2.0,0.0,0.0,0.0,0.0,0.0,0.0,0.0,0.31,4.455237,-0.26790248636480485,0.3316599133313121,no,away_yes,away_yes,2026-04-30 01:00:53.431926+00:00,0.64,3.04,0.04909999999999992,0.037053863472811366,1.0453000000000001,,,,,april
1,True,823393,2026-04-19,1,35,5,2026-04-19 18:48:34.980000+00:00,2026-04-19 18:48:37.612779+00:00,2026-04-19 18:49:11.223000+00:00,0.38,-0.4895482253187058,0.38481521715548594,0.2932700981129817,0.4103951188918871,0.0,0.48022204840722765,-0.10022204840722765,1.088489,2.632779,5.0,1.0,0.0,-1.0,0.0,0.0,0.0,1.0,0.0,0.0,0.0,0.0,-1.0,-2.0,0.0,1.0,0.0,0.0,0.0,0.0,0.0,0.43,4.473172,0.2076970731777179,0.41759685590601253,yes,yes,home_yes,2026-04-19 18:48:38.330666+00:00,0.38,5.04,0.08319999999999994,0.10628815376630321,3.0416,,,,,april
1,True,823394,2026-04-18,0,85,6,2026-04-19 01:14:14.419000+00:00,2026-04-19 01:14:17.490181+00:00,2026-04-19 01:14:28.103000+00:00,0.65,0.6190392084062236,0.009124474029824628,0.0145224823732684,-0.47020030869308105,-0.08914584951826243,0.559216962792682,0.09078303720731806,1.013279,3.071181,10.0,1.0,2.0,0.0,0.0,0.0,1.0,1.0,1.0,0.0,1.0,0.0,-2.0,-2.0,0.0,0.0,0.0,0.0,0.0,0.0,0.0,0.7,4.916404,0.22825865198097983,0.6113048573253322,no,away_yes,away_yes,2026-04-19 01:14:18.806371+00:00,0.34,3.82,0.06010000000000004,0.1259154450172307,2.4611,,,,,april
1,True,823396,2026-04-16,0,33,2,2026-04-16 17:42:26.259000+00:00,2026-04-16 17:42:27.996616+00:00,2026-04-16 17:43:02.360000+00:00,0.45,-0.20067069546215124,0.2222519721872228,0.3678671770531752,-0.7112132580670852,-0.04032804538697188,0.29493065305039534,0.15506934694960467,3.336616,1.737616,5.0,0.0,0.0,0.0,0.0,0.0,0.0,1.0,1.0,0.0,0.0,0.0,0.0,-1.0,-1.0,1.0,1.0,1.0,10.0,1.0,0.0,0.43,3.034747,-0.08118045667883664,0.4077381543403331,no,away_yes,away_yes,2026-04-16 17:42:27.997508+00:00,0.57,3.4,0.05840000000000023,0.017290275242867345,0.8631999999999995,profitable_reversal,2026-04-16 18:04:26.584259+00:00,0.85,0.030400000000000205,april
1,True,823396,2026-04-16,0,36,5,2026-04-16 17:50:03.828000+00:00,2026-04-16 17:50:05.810858+00:00,2026-04-16 17:53:35.766000+00:00,0.31,-0.8001193001121131,0.08892122079544007,0.2772415775071241,-1.3686927637516626,0.0,0.10258634606162487,0.20741365393837513,0.668962,1.982858,5.0,0.0,1.0,-3.0,0.0,0.0,0.0,1.0,0.0,0.0,0.0,-3.0,-2.0,-2.0,-1.0,0.0,-1.0,1.0,30.77,1.0,0.0,0.28,4.458181,-0.1443423087287381,0.2628677612833041,no,away_yes,away_yes,2026-04-16 17:50:08.162186+00:00,0.69,2.83,0.042400000000000215,0.09098423556824922,0.3850999999999998,profitable_reversal,2026-04-16 18:04:26.584259+00:00,0.85,0.0253000000000001,april
1,True,823396,2026-04-16,0,43,3,2026-04-16 18:04:38.404000+00:00,2026-04-16 18:04:40.090294+00:00,2026-04-16 18:05:44.180000+00:00,0.24,-1.1526795099383855,0.12372853033429117,0.05430545372899383,0.8997089225825161,-0.8708283577973976,0.6497311752543365,-0.40973117525433655,0.595911,1.686294,5.0,1.0,2.0,-3.0,0.0,0.0,0.0,1.0,1.0,0.0,0.0,1.0,-1.0,-1.0,-1.0,0.0,1.0,0.0,0.0,0.0,0.0,0.19,4.999269,-0.2973306655676129,0.27245186900717316,yes,yes,home_yes,2026-04-16 18:04:41.071909+00:00,0.24,7.91,0.1010000000000002,0.1556942838467396,2.4535,profitable_reversal,2026-04-16 18:28:39.865403+00:00,0.58,0.13490000000000002,april
1,True,823397,2026-04-17,1,50,5,2026-04-18 00:36:15.279000+00:00,2026-04-18 00:36:17.564310+00:00,2026-04-18 00:36:40.777000+00:00,0.8,1.3862943611198908,0.82050846342621,0.4356081836193909,1.7788017109349932,0.12062798778861472,0.9545430961760314,-0.15454309617603135,0.302158,2.28531,6.0,1.0,2.0,2.0,0.0,0.0,0.0,0.0,0.0,0.0,0.0,2.0,-2.0,-2.0,0.0,0.0,-1.0,3.0,17.0,1.0,0.0,0.8,3.912247,0.0,0.8312442984277121,yes,yes,home_yes,2026-04-18 00:36:18.341696+00:00,0.8,2.46,0.02760000000000007,0.04926097413217154,0.4643999999999999,,,,,april
1,True,823398,2026-04-14,0,17,5,2026-04-14 23:41:18.076000+00:00,2026-04-14 23:41:21.965217+00:00,2026-04-14 23:41:45.463000+00:00,0.45,-0.20067069546215124,0.2046525363510264,0.2971611974946892,-0.49661266187825615,-0.12062798778861475,0.3597025556518204,0.0902974443481796,1.239514,3.889217,2.0,1.0,2.0,-2.0,0.0,0.0,0.0,0.0,0.0,0.0,2.0,0.0,-2.0,-2.0,-1.0,0.0,0.0,0.0,0.0,0.0,0.0,0.4,4.664833,-0.20479441264601303,0.3970183853974991,no,away_yes,away_yes,2026-04-14 23:41:22.989174+00:00,0.58,1.0,0.017100000000000004,0.0058816146025009175,0.40290000000000004,,,,,april
1,True,823398,2026-04-14,0,60,5,2026-04-15 01:20:39.217000+00:00,2026-04-15 01:20:42.064633+00:00,2026-04-15 01:23:07.249000+00:00,0.4,-0.4054651081081643,0.08309362570918821,0.3574802461622533,-1.8147199179295628,-1.0687593255184287,0.24022876938470641,0.1597712306152936,2.131883,2.847633,8.0,0.0,0.0,-1.0,0.0,0.0,0.0,0.0,0.0,1.0,-1.0,0.0,-3.0,-1.0,-1.0,-1.0,-1.0,0.0,0.0,0.0,0.0,0.33,3.849125,-0.30271994981632133,0.36198288476978724,no,away_yes,away_yes,2026-04-15 01:20:42.088512+00:00,0.58,3.34,0.05700000000000016,0.1367771648689106,1.3457999999999999,,,,,april
1,True,823400,2026-04-13,1,17,7,2026-04-13 23:20:04.257000+00:00,2026-04-13 23:20:06.991903+00:00,2026-04-13 23:20:36.944000+00:00,0.76,1.1526795099383855,0.6288441136719176,0.5021911057168603,0.518496761874512,-0.0556316959861487,0.8490036688011345,-0.08900366880113453,0.329845,2.734903,2.0,1.0,1.0,0.0,0.0,0.0,1.0,1.0,1.0,0.0,0.0,1.0,-3.0,-2.0,0.0,0.0,0.0,0.0,0.0,0.0,0.0,0.77,4.704176,0.0556316959861487,0.7959566480356918,yes,yes,home_yes,2026-04-13 23:20:09.139164+00:00,0.75,2.62,0.034399999999999986,0.08600641785351246,0.6206,,,,,april
1,True,823403,2026-04-08,0,12,3,2026-04-08 16:58:56.746000+00:00,2026-04-08 16:58:59.250118+00:00,2026-04-08 16:59:34.944000+00:00,0.57,0.2818511521409875,0.5909130719522258,0.513857841064932,0.3122956845659138,0.08118045667883608,0.625501605330515,-0.05550160533051507,1.145761,2.504118,2.0,1.0,0.0,0.0,0.0,0.0,0.0,1.0,0.0,0.0,0.0,0.0,-1.0,-1.0,0.0,1.0,0.0,0.0,0.0,0.0,0.0,0.6,3.369244,0.12361395596717673,0.5905620861520261,yes,yes,home_yes,2026-04-08 16:59:02.619362+00:00,0.57,3.4,0.05840000000000023,0.011511092916888677,-1.9964,,,,,april
1,True,823404,2026-04-04,1,30,5,2026-04-04 21:15:02.866000+00:00,2026-04-04 21:15:04.320358+00:00,2026-04-04 21:15:51.249000+00:00,0.3,-0.8472978603872036,0.22291302829762177,0.17554239844732553,0.2980745280882884,-0.047178560275090486,0.37706026024430817,-0.07706026024430818,2.128674,1.454358,4.0,1.0,0.0,-2.0,0.0,0.0,1.0,0.0,0.0,0.0,0.0,0.0,-1.0,-2.0,1.0,0.0,0.0,0.0,0.0,0.0,0.0,0.29,4.638189,-0.048086186667637754,0.3236938614995751,yes,yes,home_yes,2026-04-04 21:15:05.894226+00:00,0.29,6.57,0.0947,0.1266686700522084,0.45279999999999987,profitable_reversal,2026-04-04 22:27:43.386140+00:00,0.39,0.10950000000000015,april
1,True,823404,2026-04-04,1,60,6,2026-04-04 22:27:39.581000+00:00,2026-04-04 22:27:43.109534+00:00,2026-04-04 22:28:11.638000+00:00,0.39,-0.4473122180436648,0.16000834629328842,0.2188106716002452,-0.38555528180008425,-0.041847109935500504,0.311949613920666,0.07805038607933401,0.154611,3.528534,7.0,1.0,1.0,-1.0,0.0,0.0,1.0,0.0,0.0,0.0,1.0,0.0,-3.0,-2.0,0.0,0.0,0.0,0.0,0.0,0.0,0.0,0.36,4.148656,-0.12805192685989703,0.3655414345819848,no,away_yes,away_yes,2026-04-04 22:27:43.953073+00:00,0.61,3.19,0.053200000000000136,0.024822823683468595,-1.9991,,,,,april
1,True,823472,2026-04-30,1,69,2,2026-04-30 18:55:08.648000+00:00,2026-04-30 18:55:10.851386+00:00,2026-04-30 18:55:33.799000+00:00,0.19,-1.4500101755059984,0.002353098358119842,0.002220378650263559,0.0581881894046834,-0.4553876003619365,0.2816211423919952,-0.0916211423919952,4.07148,2.203386,9.0,1.0,0.0,-1.0,2.0,0.0,0.0,0.0,0.0,0.0,0.0,0.0,1.0,0.0,0.0,0.0,0.0,0.0,0.0,0.0,0.0,0.18,4.557326,-0.06633731386209019,0.2125610234759059,yes,yes,home_yes,2026-04-30 18:55:11.289878+00:00,0.19,8.04,0.08670000000000022,0.09469062874628328,6.425699999999999,,,,,april
1,True,823474,2026-04-18,0,24,2,2026-04-19 00:05:43.968000+00:00,2026-04-19 00:05:45.145017+00:00,2026-04-19 00:06:26.397000+00:00,0.38,-0.4895482253187058,0.13638966413197806,0.2763355245171669,-0.8828936431568503,-0.1667748330556546,0.23046861688112968,0.14953138311887032,3.156631,1.177017,3.0,0.0,2.0,-2.0,0.0,0.0,1.0,1.0,0.0,0.0,0.0,-2.0,-1.0,0.0,0.0,0.0,-1.0,1.0,1.0,-1.0,0.0,0.36,3.146483,-0.08581591958485602,0.3336478465034819,no,away_yes,away_yes,2026-04-19 00:05:46.300062+00:00,0.6,3.24,0.05449999999999999,0.16048097732871877,1.2415000000000003,,,,,april
1,True,823475,2026-04-19,0,18,4,2026-04-20 00:08:20.206000+00:00,2026-04-20 00:08:22.517032+00:00,2026-04-20 00:08:39.946000+00:00,0.64,0.5753641449035619,0.40603290323950236,0.5321203832261643,-0.5090484406796243,0.0,0.5165728528645561,0.1234271471354439,1.758207,2.311032,3.0,0.0,0.0,1.0,0.0,0.0,0.0,0.0,0.0,0.0,0.0,-1.0,-2.0,-1.0,0.0,0.0,0.0,0.0,0.0,0.0,0.0,0.63,4.634538,-0.04314733115625369,0.5995873958903086,no,away_yes,away_yes,2026-04-20 00:08:24.229831+00:00,0.37,5.17,0.08440000000000003,0.0728331632471044,1.0702999999999996,profitable_reversal,2026-04-20 01:08:43.814949+00:00,0.61,0.08610000000000007,april
1,True,823475,2026-04-19,0,45,2,2026-04-20 01:08:40.920000+00:00,2026-04-20 01:08:42.365686+00:00,2026-04-20 01:09:19.642000+00:00,0.43,-0.2818511521409879,0.12457550554114925,0.08741615079848523,0.395803010481409,0.12361395596717639,0.49758449438513674,-0.06758449438513675,0.741525,1.445686,5.0,1.0,2.0,-2.0,0.0,0.0,0.0,1.0,1.0,0.0,0.0,0.0,0.0,-1.0,-1.0,1.0,1.0,7.0,185.0,-0.9459459459459459,0.011605769149479936,0.43,4.349117,0.0,0.45670689534343584,yes,yes,home_yes,2026-04-20 01:08:44.412432+00:00,0.43,1.69,0.029000000000000026,0.016134653130406545,-0.7557,,,,,april
1,True,823479,2026-04-12,0,64,5,2026-04-12 20:04:17.485000+00:00,2026-04-12 20:04:19.186587+00:00,2026-04-12 20:06:52.205000+00:00,0.3,-0.8472978603872036,0.10393067455176391,0.07167435377161546,0.4069558913667173,0.048086186667637754,0.38026392385094365,-0.08026392385094366,0.740751,1.701587,8.0,1.0,0.0,-1.0,0.0,0.0,0.0,0.0,0.0,0.0,-2.0,0.0,-1.0,-2.0,-1.0,0.0,-1.0,0.0,0.0,0.0,0.0,0.33,4.739064,0.13911280246271795,0.32037217880666885,yes,yes,home_yes,2026-04-12 20:04:21.611132+00:00,0.3,5.0,0.0734999999999999,0.028360894033344408,1.0898,profitable_reversal,2026-04-12 20:17:53.151444+00:00,0.55,0.0867,april
1,True,823479,2026-04-12,0,68,5,2026-04-12 20:18:15.391000+00:00,2026-04-12 20:18:17.288630+00:00,2026-04-12 20:20:49.842000+00:00,0.31,-0.8001193001121131,0.001445334719189284,0.193376857445552,-5.109752305179753,-0.3528070820684483,0.0038452479829871036,0.3061547520170129,0.4503,1.89763,9.0,0.0,0.0,-1.0,0.0,0.0,0.0,0.0,0.0,1.0,-1.0,0.0,-3.0,-1.0,-1.0,0.0,-1.0,4.0,156.0,-1.0,0.004330127018922198,0.23,4.95247,-0.40819190581242115,0.27956454921827034,no,away_yes,away_yes,2026-04-12 20:18:17.319299+00:00,0.69,2.83,0.042400000000000215,0.043732325712294864,0.8349,,,,,april
1,True,823480,2026-04-11,1,25,2,2026-04-11 17:54:41.047000+00:00,2026-04-11 17:54:44.856409+00:00,2026-04-11 17:56:03.116000+00:00,0.77,1.2083112059245342,0.7073240669994311,0.5756452521192199,0.5775011495671555,-0.05735516740674185,0.863322894273379,-0.09332289427337903,0.050822,3.809409,3.0,1.0,1.0,2.0,0.0,0.0,0.0,0.0,0.0,0.0,0.0,1.0,-1.0,0.0,0.0,0.0,0.0,0.0,0.0,0.0,0.0,0.78,4.696242,0.05735516740674185,0.8019074805235463,yes,yes,home_yes,2026-04-11 17:54:46.066513+00:00,0.78,2.52,0.030299999999999994,0.024906850919336677,0.5241,,,,,april
1,True,823482,2026-04-10,0,39,1,2026-04-10 23:58:27.282000+00:00,2026-04-10 23:58:28.503929+00:00,2026-04-10 23:59:04.081000+00:00,0.78,1.265666373331276,0.6345163230513169,0.8110406556230019,-0.9051449063016717,-0.05925904141232263,0.60343072626988,0.17656927373012,0.925568,1.221929,5.0,0.0,1.0,2.0,0.0,0.0,1.0,1.0,0.0,0.0,0.0,-2.0,0.0,0.0,0.0,0.0,-1.0,2.0,1426.0,1.0,0.0,0.77,4.632921,-0.05735516740674185,0.7590311061352388,no,away_yes,away_yes,2026-04-10 23:58:28.941838+00:00,0.21,9.0,0.10460000000000003,0.1741200447828506,7.0054,,,,,april
1,True,823560,2026-04-16,0,45,2,2026-04-16 19:27:18.588000+00:00,2026-04-16 19:27:20.165019+00:00,2026-04-16 19:28:02.199000+00:00,0.36,-0.5753641449035618,0.15294570498779425,0.23249774159574754,-0.517420895687134,0.043675063502661704,0.24297088284564966,0.11702911715435033,0.732205,1.577019,6.0,0.0,1.0,-1.0,0.0,0.0,1.0,0.0,1.0,0.0,0.0,-1.0,-1.0,0.0,1.0,-1.0,0.0,3.0,157.95,1.0,0.004714045207910321,0.36,4.685973,0.0,0.3145812297559146,no,away_yes,away_yes,2026-04-16 19:27:21.726474+00:00,0.64,3.04,0.04909999999999992,0.08897306154201959,0.3084000000000007,profitable_reversal,2026-04-16 19:37:54.354937+00:00,0.77,0.03769999999999962,april
1,True,823560,2026-04-16,0,50,1,2026-04-16 19:40:38.941000+00:00,2026-04-16 19:40:40.032258+00:00,2026-04-16 19:43:12.066000+00:00,0.43,-0.2818511521409879,0.15328633479171297,0.08795032258363161,0.6298673821684464,0.0409222401220633,0.5761757790120946,-0.1461757790120946,1.497316,1.091258,6.0,1.0,0.0,-2.0,0.0,0.0,0.0,0.0,0.0,0.0,0.0,1.0,0.0,0.0,0.0,0.0,0.0,4.0,96.32,1.0,0.004330127018922198,0.38,4.915091,-0.2076970731777179,0.46263664292554524,yes,yes,home_yes,2026-04-16 19:40:40.532859+00:00,0.42,4.57,0.07800000000000007,0.11684945816974177,-1.9974,,,,,april
1,True,823561,2026-04-15,1,68,4,2026-04-16 01:23:26.140000+00:00,2026-04-16 01:23:27.917222+00:00,2026-04-16 01:24:34.299000+00:00,0.24,-1.1526795099383855,0.002371270340994981,0.0015343135585125522,0.436181326969181,-0.39890770756200544,0.42126307943347235,-0.18126307943347236,0.897504,1.777222,9.0,1.0,1.0,-1.0,0.0,0.0,1.0,0.0,0.0,0.0,0.0,0.0,-1.0,-2.0,1.0,0.0,0.0,6.0,100.0,-1.0,0.04524623986832742,0.24,4.736961,0.0,0.2735589669548665,yes,yes,home_yes,2026-04-16 01:23:29.150825+00:00,0.24,7.0,0.08940000000000015,0.14551276868406526,5.2306,,,,,april
1,True,823563,2026-04-13,1,37,5,2026-04-14 00:42:48.019000+00:00,2026-04-14 00:42:49.241079+00:00,2026-04-14 00:45:23.906000+00:00,0.59,0.3639653772014115,0.47319279013324395,0.36803609468318377,0.43331950359044774,-0.04149973090675274,0.6982091794511149,-0.10820917945111497,0.182438,1.222079,4.0,1.0,0.0,0.0,0.0,0.0,0.0,0.0,0.0,0.0,-2.0,0.0,-3.0,-1.0,-1.0,-1.0,-1.0,3.0,345.0,-1.0,0.004714045207910321,0.59,4.845687,0.0,0.6148399164637148,yes,yes,home_yes,2026-04-14 00:42:51.193944+00:00,0.59,3.0,0.050799999999999956,0.02371974939114463,0.050799999999999956,profitable_reversal,2026-04-14 01:25:00.652414+00:00,0.64,0.0484,april
1,True,823563,2026-04-13,1,56,6,2026-04-14 01:24:57.482000+00:00,2026-04-14 01:24:58.702872+00:00,2026-04-14 01:25:30.797000+00:00,0.63,0.5322168137473082,0.4384187047264433,0.8636053456357606,-2.0931454802081255,0.04266858842860244,0.16747944918766045,0.46252055081233956,0.273841,1.220872,6.0,0.0,2.0,0.0,0.0,0.0,0.0,0.0,0.0,0.0,0.0,-3.0,-3.0,-2.0,-1.0,-1.0,0.0,1.0,4.0,1.0,0.0,0.64,4.4754,0.04314733115625369,0.5911765295799062,no,away_yes,away_yes,2026-04-14 01:25:01.184654+00:00,0.37,2.0,0.03270000000000006,0.04494694084018758,-0.7727,,,,,april
1,True,823564,2026-04-08,0,41,1,2026-04-09 00:31:43.156000+00:00,2026-04-09 00:31:45.511956+00:00,2026-04-09 00:34:33.044000+00:00,0.64,0.5753641449035619,0.47874015423549243,0.41358331905099033,0.26408091829391916,-0.13282091302092414,0.7255709244425326,-0.08557092444253256,0.496394,2.355956,5.0,0.0,2.0,0.0,0.0,0.0,1.0,1.0,0.0,0.0,1.0,0.0,0.0,0.0,0.0,0.0,0.0,1.0,319.0,-1.0,0.0,0.64,3.383992,0.0,0.663834625082515,yes,yes,home_yes,2026-04-09 00:31:45.878902+00:00,0.64,3.04,0.04909999999999992,0.023357260250845654,-1.9947,,,,,april
1,True,823565,2026-04-09,0,44,2,2026-04-09 19:04:58.184000+00:00,2026-04-09 19:05:01.250055+00:00,2026-04-09 19:06:27.212000+00:00,0.33,-0.7081850579244856,0.13296755427366458,0.22406388311591552,-0.6328322639182722,-0.1328209130209238,0.23002033119703577,0.09997966880296424,0.060584,3.066055,7.0,0.0,0.0,-1.0,0.0,0.0,1.0,0.0,0.0,0.0,0.0,-1.0,0.0,-1.0,1.0,0.0,-1.0,0.0,0.0,0.0,0.0,0.35,4.662726,0.0891458495182621,0.28992946132416386,no,away_yes,away_yes,2026-04-09 19:05:01.310670+00:00,0.67,2.91,0.045099999999999696,0.07150526754668335,0.9152000000000002,,,,,april
1,True,823566,2026-04-05,0,47,5,2026-04-05 22:56:44.804000+00:00,2026-04-05 22:56:47.395489+00:00,2026-04-05 22:59:09.645000+00:00,0.64,0.5753641449035619,0.619209448855278,0.5973749796816363,0.09165472772981759,-0.08793007250670237,0.6802560919735836,-0.040256091973583596,0.203318,2.591489,6.0,0.0,1.0,1.0,0.0,0.0,0.0,0.0,1.0,0.0,1.0,-1.0,-2.0,-2.0,0.0,-1.0,0.0,0.0,0.0,0.0,0.0,0.65,4.591185,0.043675063502661704,0.6617453926410956,yes,yes,home_yes,2026-04-05 22:56:48.941089+00:00,0.64,3.04,0.04909999999999992,0.017005993628930516,-1.9947,,,,,april
1,True,823566,2026-04-05,0,48,3,2026-04-05 23:00:12.109000+00:00,2026-04-05 23:00:14.716130+00:00,2026-04-05 23:02:40.032000+00:00,0.69,0.8001193001121129,0.7303364041015412,0.6019992944043685,0.5825275193926405,0.0919342421876268,0.7842677758602019,-0.09426777586020196,0.855888,2.60713,6.0,0.0,2.0,1.0,0.0,0.0,1.0,0.0,0.0,0.0,1.0,0.0,-2.0,0.0,1.0,0.0,-1.0,0.0,0.0,0.0,0.0,0.65,4.56339,-0.18108009170588923,0.724983839485563,yes,yes,home_yes,2026-04-05 23:00:15.712486+00:00,0.68,1.0,0.01529999999999998,0.02968383948556297,-0.6953,,,,,april
1,True,823567,2026-04-07,1,64,3,2026-04-08 01:39:59.390000+00:00,2026-04-08 01:40:03.871181+00:00,2026-04-08 01:40:28.465000+00:00,0.21,-1.3249254147435987,0.14074075136748612,0.10306412378166196,0.35448189299468646,-0.17224590480521318,0.31041119803972905,-0.10041119803972906,2.032918,4.481181,8.0,1.0,0.0,-2.0,0.0,0.0,1.0,0.0,0.0,0.0,0.0,0.0,-2.0,0.0,1.0,0.0,0.0,0.0,0.0,0.0,0.0,0.28,3.470059,0.38046380590274753,0.23480949604408752,yes,yes,home_yes,2026-04-08 01:40:03.889515+00:00,0.18,10.5,0.10850000000000004,0.46699970846291894,8.5015,,,,,april
1,True,823569,2026-04-04,1,55,5,2026-04-05 01:33:21.612000+00:00,2026-04-05 01:33:22.921334+00:00,2026-04-05 01:34:00.602000+00:00,0.35,-0.6190392084062235,0.3675510843104915,0.27494390206298625,0.4269448062545236,-0.043675063502661704,0.4629631286660519,-0.1129631286660519,2.195816,1.309334,6.0,1.0,0.0,-2.0,0.0,0.0,1.0,1.0,0.0,0.0,0.0,0.0,-2.0,-2.0,0.0,1.0,0.0,0.0,0.0,0.0,0.0,0.38,4.727511,0.12949098308751772,0.3901781632615612,yes,yes,home_yes,2026-04-05 01:33:25.266633+00:00,0.37,5.17,0.08440000000000003,0.019921104062271308,3.1727,,,,,april
1,True,823569,2026-04-04,1,57,1,2026-04-05 01:36:03.014000+00:00,2026-04-05 01:36:04.056131+00:00,2026-04-05 01:36:54.961000+00:00,0.65,0.6190392084062236,0.4181866396057202,0.29161522938095424,0.5573303110812693,0.043675063502661704,0.7563358085587434,-0.10633580855874336,0.149027,1.042131,6.0,1.0,1.0,-1.0,0.0,0.0,1.0,1.0,0.0,0.0,0.0,1.0,0.0,0.0,0.0,0.0,0.0,6.0,2381.0,-0.9823603527929441,0.004714045207910321,0.65,4.665622,0.0,0.6769988088131724,yes,yes,home_yes,2026-04-05 01:36:08.721753+00:00,0.65,3.0,0.04779999999999984,0.03319642643951737,1.0022,,,,,april
1,True,823633,2026-04-29,0,12,6,2026-04-29 23:36:10.698000+00:00,2026-04-29 23:36:12.507876+00:00,2026-04-29 23:38:16.844000+00:00,0.33,-0.7081850579244856,0.24022892452189837,0.36441499181476555,-0.5951723086604992,-0.17596824417717738,0.2446432509013314,0.08535674909866861,0.955528,1.809876,2.0,0.0,0.0,-2.0,0.0,0.0,0.0,0.0,0.0,1.0,-2.0,0.0,-3.0,-2.0,-1.0,-1.0,-1.0,3.0,61.93,1.0,0.0,0.33,3.419794,0.0,0.2991606385803666,no,away_yes,away_yes,2026-04-29 23:36:14.043582+00:00,0.68,2.0,0.03049999999999997,0.011178722839266575,0.6094999999999999,,,,,april
1,True,823634,2026-04-30,0,59,4,2026-04-30 19:08:04.228000+00:00,2026-04-30 19:08:05.906109+00:00,2026-04-30 19:08:30.927000+00:00,0.35,-0.6190392084062235,0.08198936367201781,0.6556408027930729,-3.059547241169488,0.0,0.024636372387428898,0.3253636276125711,1.006592,1.678109,8.0,0.0,1.0,-1.0,0.0,0.0,0.0,0.0,0.0,0.0,0.0,-2.0,-2.0,-1.0,-1.0,0.0,0.0,1.0,5.0,1.0,0.0,0.35,4.693234,0.0,0.3090326277721068,no,away_yes,away_yes,2026-04-30 19:08:07.482565+00:00,0.66,2.95,0.046399999999999775,0.044953748072285,0.9566000000000001,,,,,april
1,True,823635,2026-04-26,0,25,2,2026-04-26 18:37:45.820000+00:00,2026-04-26 18:37:47.273593+00:00,2026-04-26 18:38:16.987000+00:00,0.26,-1.0459685551826876,0.1414939651357935,0.2297062158970613,-0.592965833289302,0.05264373348542217,0.1555684144571778,0.1044315855428222,0.201379,1.453593,4.0,0.0,0.0,-1.0,0.0,0.0,1.0,1.0,1.0,0.0,0.0,-1.0,0.0,-1.0,0.0,0.0,0.0,0.0,0.0,0.0,0.0,0.29,4.03015,0.1505845081278463,0.22393814464084186,no,away_yes,away_yes,2026-04-26 18:37:51.737258+00:00,0.74,2.65,0.035700000000000065,0.059863916701769104,0.6533,,,,,april
1,True,823638,2026-04-24,0,49,6,2026-04-25 00:46:48.993000+00:00,2026-04-25 00:46:51.996767+00:00,2026-04-25 00:47:22.297000+00:00,0.4,-0.4054651081081643,0.1862340780562279,0.32150892203659553,-0.7278223578420933,-0.365459773494465,0.31694920723621195,0.08305079276378807,1.607166,3.003767,6.0,1.0,2.0,-1.0,0.0,0.0,0.0,0.0,0.0,0.0,2.0,0.0,-3.0,-2.0,-1.0,0.0,0.0,0.0,0.0,0.0,0.0,0.36,4.849073,-0.16989903679539753,0.3634196192994419,no,away_yes,away_yes,2026-04-25 00:46:53.084004+00:00,0.6,3.24,0.05449999999999999,0.06402043346980837,1.2415000000000003,,,,,april
1,True,823641,2026-04-22,1,37,2,2026-04-23 00:30:04.166000+00:00,2026-04-23 00:30:05.404117+00:00,2026-04-23 00:30:37.357000+00:00,0.74,1.0459685551826876,0.5938762777654881,0.6763016049476518,-0.35681377159037797,-0.16234265074184662,0.7008811691268231,0.03911883087317691,1.740358,1.238117,5.0,1.0,2.0,1.0,0.0,0.0,0.0,0.0,0.0,0.0,2.0,0.0,0.0,-1.0,-1.0,0.0,0.0,0.0,0.0,0.0,0.0,0.74,4.072056,0.0,0.7193209945798711,no,away_yes,away_yes,2026-04-23 00:30:05.405467+00:00,0.26,5.0,0.0673999999999999,0.035995027100644617,0.9951000000000003,profitable_reversal,2026-04-23 00:43:18.302490+00:00,0.49,0.08749999999999991,april
1,True,823641,2026-04-22,1,45,1,2026-04-23 00:44:36.444000+00:00,2026-04-23 00:44:38.864733+00:00,2026-04-23 00:47:15.601000+00:00,0.63,0.5322168137473082,0.39139678711642323,0.30235759951240504,0.3946515596863638,-0.08682239465891539,0.7337418170265589,-0.10374181702655894,0.651488,2.420733,6.0,1.0,0.0,0.0,0.0,0.0,0.0,0.0,0.0,0.0,-2.0,0.0,0.0,0.0,0.0,-1.0,-1.0,0.0,0.0,0.0,0.0,0.62,4.794293,-0.04266858842860244,0.6557892071802822,yes,yes,home_yes,2026-04-23 00:44:39.026797+00:00,0.62,3.14,0.051799999999999846,0.06057811054608633,-0.03969999999999918,profitable_reversal,2026-04-23 01:32:27.472697+00:00,0.64,0.05069999999999952,april
1,True,823641,2026-04-22,1,64,1,2026-04-23 01:32:25.010000+00:00,2026-04-23 01:32:27.453974+00:00,2026-04-23 01:33:43.351000+00:00,0.64,0.5753641449035619,0.2103250910850384,0.28280290123280555,-0.3923664629857154,0.0,0.5456221746246566,0.09437782537534345,0.064038,2.443974,8.0,1.0,2.0,0.0,1.0,0.0,0.0,0.0,0.0,0.0,1.0,0.0,1.0,0.0,-1.0,0.0,0.0,1.0,7.5,1.0,0.0,0.64,4.730688,0.0,0.5949469273021559,no,away_yes,away_yes,2026-04-23 01:32:27.702815+00:00,0.37,5.17,0.08440000000000003,0.09682438584785386,-1.9973,,,,,april
1,True,823642,2026-04-12,0,26,2,2026-04-12 18:35:13.786000+00:00,2026-04-12 18:35:15.226328+00:00,2026-04-12 18:36:22.060000+00:00,0.42,-0.3227733922630512,0.17882080710226456,0.24885081805499698,-0.4196064368042767,0.04119198493836074,0.3135505893926523,0.1064494106073477,4.307866,1.440328,4.0,0.0,1.0,-1.0,0.0,0.0,0.0,1.0,1.0,0.0,0.0,0.0,0.0,-1.0,-1.0,1.0,1.0,0.0,0.0,0.0,0.0,0.4,3.611663,-0.08269171584511309,0.3719781905694441,no,away_yes,away_yes,2026-04-12 18:35:17.139995+00:00,0.6,3.24,0.05449999999999999,0.03629066255500106,1.2415000000000003,,,,,april
1,True,823643,2026-04-10,0,38,3,2026-04-11 00:32:41.768000+00:00,2026-04-11 00:32:50.664456+00:00,2026-04-11 00:33:15.896000+00:00,0.42,-0.3227733922630512,0.2876869882522042,0.2514502920736936,0.18424789223115523,-0.16243074218787182,0.5059760259530884,-0.08597602595308845,2.163413,8.896456,5.0,1.0,2.0,-1.0,0.0,0.0,1.0,0.0,0.0,0.0,0.0,0.0,0.0,-2.0,1.0,0.0,0.0,0.0,0.0,0.0,0.0,0.42,3.813504,0.0,0.4444388902029723,yes,yes,home_yes,2026-04-11 00:32:54.477960+00:00,0.42,4.57,0.07800000000000007,0.03368572822758334,-1.9974,,,,,april
1,True,823643,2026-04-10,0,45,3,2026-04-11 00:52:26.800000+00:00,2026-04-11 00:52:29.671046+00:00,2026-04-11 00:53:18.290000+00:00,0.6,0.4054651081081642,0.47916803062498914,0.33539058958708784,0.6005275800042151,0.08269171584511337,0.7157142238412642,-0.11571422384126417,4.361881,2.871046,6.0,1.0,0.0,-1.0,0.0,0.0,1.0,0.0,1.0,0.0,0.0,0.0,-1.0,-1.0,0.0,0.0,1.0,0.0,0.0,0.0,0.0,0.59,4.161674,-0.04149973090675274,0.6359407008196811,yes,yes,home_yes,2026-04-11 00:52:31.961816+00:00,0.6,3.24,0.05449999999999999,0.06194787065576693,-1.9985,,,,,april
1,True,823644,2026-04-11,0,21,5,2026-04-11 20:58:44.040000+00:00,2026-04-11 20:58:45.763580+00:00,2026-04-11 20:59:10.864000+00:00,0.26,-1.0459685551826876,0.11326165697432578,0.1924488747649601,-0.6236734241725581,-0.05134598003862567,0.1654400067959925,0.09455999320400751,1.396785,1.72358,3.0,0.0,0.0,-3.0,0.0,0.0,0.0,0.0,0.0,0.0,0.0,-2.0,-3.0,-1.0,0.0,0.0,-1.0,1.0,5.0,1.0,0.0,0.25,4.530394,-0.05264373348542217,0.2193024669653594,no,away_yes,away_yes,2026-04-11 20:58:47.441429+00:00,0.75,2.62,0.034399999999999986,0.04602753655075845,0.6206,,,,,april
1,True,823648,2026-04-07,1,15,1,2026-04-07 20:38:28.631000+00:00,2026-04-07 20:38:29.836322+00:00,2026-04-07 20:39:29.877000+00:00,0.63,0.5322168137473082,0.5728461353784107,0.5293761398740489,0.17583282685519386,-0.13107740366295606,0.6982813295882978,-0.0682813295882978,0.018072,1.205322,2.0,0.0,2.0,1.0,0.0,0.0,0.0,1.0,1.0,0.0,1.0,0.0,0.0,0.0,-1.0,0.0,1.0,1.0,44.0,1.0,0.0,0.62,4.078654,-0.04266858842860244,0.6593995863928591,yes,yes,home_yes,2026-04-07 20:38:30.804927+00:00,0.62,3.14,0.051799999999999846,0.0719147012735778,1.1414000000000002,,,,,april
1,True,823714,2026-04-30,1,49,6,2026-05-01 01:23:15.056000+00:00,2026-05-01 01:23:16.675395+00:00,2026-05-01 01:23:47.948000+00:00,0.8,1.3862943611198908,0.8695397230259441,0.8185036527145328,0.39065289709285445,-0.13005312824819737,0.8706817816882717,-0.07068178168827166,0.757872,1.619395,7.0,0.0,1.0,3.0,0.0,0.0,1.0,0.0,0.0,0.0,1.0,0.0,-3.0,-2.0,0.0,0.0,0.0,0.0,0.0,0.0,0.0,0.82,3.895834,0.13005312824819737,0.8363199064128597,yes,yes,home_yes,2026-05-01 01:23:19.517774+00:00,0.81,2.43,0.02619999999999978,0.037757372583249155,0.4355000000000002,,,,,april
1,True,823717,2026-04-29,0,72,6,2026-04-29 20:37:32.409000+00:00,2026-04-29 20:37:35.375218+00:00,2026-04-29 20:38:26.617000+00:00,0.19,-1.4500101755059984,0.001502509151552922,0.6101997018961448,-6.947266893552862,-0.18434380217472257,0.00027105078546268215,0.1897289492145373,1.487812,2.966218,9.0,0.0,1.0,-1.0,0.0,0.0,1.0,0.0,0.0,0.0,0.0,-2.0,-2.0,-2.0,1.0,-1.0,-1.0,0.0,0.0,0.0,0.0,0.18,4.817532,-0.06633731386209019,0.16659951699561387,no,away_yes,away_yes,2026-04-29 20:37:36.520751+00:00,0.81,2.43,0.02619999999999978,0.03066317370065852,0.4355000000000002,,,,,april
1,True,823718,2026-04-19,0,23,2,2026-04-19 18:53:49.643000+00:00,2026-04-19 18:53:54.851205+00:00,2026-04-19 18:54:27.497000+00:00,0.76,1.1526795099383855,0.8225898057267934,0.7106330677636494,0.6355324568461834,0.0,0.8567079184925704,-0.09670791849257043,1.586598,5.208205,3.0,1.0,1.0,2.0,0.0,0.0,1.0,0.0,1.0,0.0,0.0,1.0,0.0,-1.0,0.0,0.0,0.0,0.0,0.0,0.0,0.0,0.79,3.809921,0.17224590480521318,0.7984750193961506,yes,yes,home_yes,2026-04-19 18:53:54.904139+00:00,0.76,2.58,0.03299999999999992,0.06626555004206866,-1.9938,,,,,april
1,True,823720,2026-04-17,0,26,5,2026-04-18 01:07:56.290000+00:00,2026-04-18 01:07:57.956746+00:00,2026-04-18 01:08:32.896000+00:00,0.33,-0.7081850579244856,0.1876211793902014,0.36262251580664306,-0.9015421474072732,-0.04489084051422165,0.17295375514336028,0.15704624485663973,0.107818,1.666746,4.0,0.0,1.0,-2.0,0.0,0.0,0.0,1.0,0.0,0.0,0.0,-2.0,-2.0,-2.0,0.0,0.0,-1.0,2.0,29.39,-1.0,0.0050000000000000044,0.31,4.187357,-0.09193424218762747,0.28400696710564344,no,away_yes,away_yes,2026-04-18 01:07:58.821869+00:00,0.66,2.95,0.046399999999999775,0.118779447038352,0.9566000000000001,,,,,april
1,True,823721,2026-04-18,0,11,6,2026-04-18 18:34:22.040000+00:00,2026-04-18 18:34:26.882222+00:00,2026-04-18 18:34:50.021000+00:00,0.72,0.9444616088408513,0.7053856347926732,0.647146322872006,0.26655842216822456,0.0,0.7704793820175917,-0.05047938201759172,0.853343,4.842222,2.0,0.0,1.0,2.0,0.0,0.0,1.0,0.0,0.0,0.0,1.0,0.0,-3.0,-2.0,0.0,0.0,0.0,0.0,0.0,0.0,0.0,0.72,3.736576,0.0,0.740156989464813,yes,yes,home_yes,2026-04-18 18:34:28.024561+00:00,0.72,2.72,0.03839999999999977,0.01642701134429169,-1.9968,,,,,april
1,True,823721,2026-04-18,0,46,4,2026-04-18 19:49:16.396000+00:00,2026-04-18 19:49:22.224938+00:00,2026-04-18 19:49:50.578000+00:00,0.79,1.3249254147435987,0.8084117107265304,0.6825266057799773,0.6743152367220594,-0.06136894637629209,0.887015277735487,-0.09701527773548702,0.359965,5.828938,5.0,1.0,2.0,2.0,0.0,0.0,1.0,1.0,0.0,0.0,0.0,1.0,-2.0,-1.0,0.0,0.0,0.0,0.0,0.0,0.0,0.0,0.8,4.407417,0.06136894637629209,0.8245078368006526,yes,yes,home_yes,2026-04-18 19:49:24.552864+00:00,0.8,0.17,0.0020000000000000018,0.0021663322561109415,-0.138,,,,,april
1,True,823724,2026-04-09,1,30,1,2026-04-09 18:39:08.427000+00:00,2026-04-09 18:39:10.383394+00:00,2026-04-09 18:39:34.812000+00:00,0.67,0.708185057924486,0.6560674302878071,0.4834389200600101,0.7120865146225073,0.3854116656614352,0.7378570047176763,-0.0678570047176763,1.622273,1.956394,4.0,1.0,0.0,1.0,0.0,0.0,0.0,0.0,0.0,0.0,0.0,1.0,0.0,0.0,0.0,0.0,0.0,5.0,150.0,1.0,0.019390719429665335,0.62,4.920771,-0.21863683260578026,0.6939065951897959,yes,yes,home_yes,2026-04-09 18:39:14.977283+00:00,0.64,1.0,0.016199999999999992,0.03770659518979591,0.3438,,,,,april
1,True,823728,2026-04-06,1,29,2,2026-04-07 00:41:32.881000+00:00,2026-04-07 00:41:33.957922+00:00,2026-04-07 00:42:14.160000+00:00,0.66,0.6632942174102643,0.47322790713842156,0.6614611408192628,-0.7770032417765995,-0.33132835773379765,0.554191135852322,0.10580886414767798,0.473735,1.076922,4.0,0.0,0.0,2.0,0.0,0.0,0.0,1.0,1.0,0.0,0.0,-1.0,0.0,-1.0,-1.0,0.0,1.0,0.0,0.0,0.0,0.0,0.63,3.772087,-0.13107740366295606,0.6321814828221481,no,away_yes,away_yes,2026-04-07 00:41:35.063320+00:00,0.34,5.62,0.08829999999999982,0.06804006653952746,-1.9991,,,,,april
1,True,823730,2026-04-04,0,13,2,2026-04-04 23:38:57.171000+00:00,2026-04-04 23:38:58.551241+00:00,2026-04-04 23:39:43.553000+00:00,0.35,-0.6190392084062235,0.237793530721924,0.3575392006843019,-0.5787539030740422,-0.17172699036255873,0.2638474791217498,0.0861525208782502,1.214041,1.380241,2.0,0.0,1.0,-1.0,0.0,0.0,1.0,1.0,1.0,0.0,0.0,-1.0,0.0,-1.0,0.0,0.0,0.0,0.0,0.0,0.0,0.0,0.34,4.969069,-0.044255009004040446,0.31820330271539676,no,away_yes,away_yes,2026-04-04 23:38:58.625057+00:00,0.64,3.04,0.04909999999999992,0.07796195974519388,1.0453000000000001,,,,,april
1,True,823732,2026-04-03,1,51,6,2026-04-03 23:00:04.632000+00:00,2026-04-03 23:00:07.854261+00:00,2026-04-03 23:03:01.587000+00:00,0.65,0.6190392084062236,0.5757858914742239,0.4179049124911564,0.6368774651049967,0.25507383120481214,0.7312242592098562,-0.08122425920985621,3.560175,3.222261,6.0,1.0,1.0,0.0,0.0,0.0,0.0,1.0,1.0,0.0,0.0,0.0,-1.0,-2.0,-1.0,1.0,1.0,0.0,0.0,0.0,0.0,0.67,4.704697,0.08914584951826243,0.6833999585191728,yes,yes,home_yes,2026-04-03 23:00:08.206166+00:00,0.65,1.0,0.016000000000000014,0.017399958519172753,0.33399999999999996,,,,,april
1,True,823796,2026-04-29,0,30,2,2026-04-30 00:39:15.339000+00:00,2026-04-30 00:39:17.082612+00:00,2026-04-30 00:39:42.935000+00:00,0.33,-0.7081850579244856,0.19674827104431414,0.5147000544436522,-1.4655602189721222,-0.21863683260577982,0.12399740185031281,0.2060025981496872,2.434469,1.743612,4.0,0.0,1.0,-2.0,0.0,0.0,0.0,0.0,0.0,0.0,0.0,-3.0,0.0,-1.0,-1.0,-1.0,0.0,3.0,228.0,-1.0,0.004714045207910295,0.32,4.378046,-0.04558674445189448,0.2861162826042263,no,away_yes,away_yes,2026-04-30 00:39:17.125816+00:00,0.67,2.91,0.045099999999999696,0.08260161762170173,0.9152000000000002,,,,,april
1,True,823798,2026-04-28,1,31,1,2026-04-29 00:54:48.945000+00:00,2026-04-29 00:54:50.075872+00:00,2026-04-29 00:55:24.581000+00:00,0.85,1.7346010553881064,0.8533859138835515,0.6628537338364686,1.0853705017071866,0.07637297878457416,0.9395508018458378,-0.08955080184583786,1.850528,1.130872,4.0,1.0,2.0,3.0,0.0,0.0,1.0,0.0,0.0,0.0,0.0,2.0,0.0,0.0,1.0,-1.0,-1.0,2.0,46.51,-1.0,0.004999999999999949,0.81,3.979539,-0.28459087988210774,0.8728734723996793,yes,yes,home_yes,2026-04-29 00:54:50.102270+00:00,0.85,2.32,0.02080000000000015,0.03226645596725581,0.32719999999999994,,,,,april
1,True,823799,2026-04-25,0,28,1,2026-04-26 00:06:48.940000+00:00,2026-04-26 00:06:52.579647+00:00,2026-04-26 00:07:31.901000+00:00,0.3,-0.8472978603872036,0.15474094068403244,0.25045929822517354,-0.6017265950977098,-0.09352605801082348,0.20497290478637678,0.09502709521362321,1.276135,3.639647,4.0,0.0,2.0,-2.0,0.0,0.0,1.0,0.0,1.0,0.0,0.0,-1.0,0.0,0.0,0.0,0.0,0.0,0.0,0.0,0.0,0.0,0.29,3.318749,-0.048086186667637754,0.26157832202168235,no,away_yes,away_yes,2026-04-26 00:06:52.582191+00:00,0.7,1.0,0.014700000000000046,0.0237216779783177,0.2853,,,,,april
1,True,823801,2026-04-16,1,28,4,2026-04-16 18:31:13.497000+00:00,2026-04-16 18:31:14.618521+00:00,2026-04-16 18:32:45.640000+00:00,0.56,0.24116205681688824,0.52136808622923,0.43064337111993384,0.364751136714373,-0.08161133544616261,0.6654160198401737,-0.10541601984017368,1.097524,1.121521,4.0,1.0,0.0,-1.0,0.0,0.0,1.0,0.0,1.0,0.0,0.0,0.0,-2.0,-1.0,1.0,-1.0,1.0,0.0,0.0,0.0,0.0,0.56,4.960619,0.0,0.5943427435264519,yes,yes,home_yes,2026-04-16 18:31:19.579140+00:00,0.56,3.46,0.059699999999999864,0.05912589260152348,1.4627,,,,,april
1,True,823801,2026-04-16,1,54,3,2026-04-16 19:27:31.134000+00:00,2026-04-16 19:27:32.938087+00:00,2026-04-16 19:28:32.812000+00:00,0.66,0.6632942174102643,0.7513130709994044,0.49171049255260296,1.1387887132047718,-0.33132835773379765,0.8941084186590109,-0.2341084186590109,0.370075,1.804087,7.0,1.0,2.0,1.0,0.0,0.0,0.0,1.0,0.0,0.0,1.0,1.0,-1.0,-1.0,-1.0,1.0,-1.0,1.0,11.0,-1.0,0.0,0.73,3.40525,0.33132835773379765,0.7059688081633171,yes,yes,home_yes,2026-04-16 19:27:34.672929+00:00,0.67,2.91,0.045099999999999696,0.059569231755252916,0.9152000000000002,,,,,april
1,True,823802,2026-04-14,0,28,3,2026-04-15 00:38:48.605000+00:00,2026-04-15 00:38:50.973081+00:00,2026-04-15 00:39:21.127000+00:00,0.78,1.265666373331276,0.8695430254757468,0.6058409836315517,1.4670612146418138,0.4183685129440726,0.9100592899392209,-0.1300592899392209,1.33922,2.368081,4.0,1.0,0.0,3.0,0.0,0.0,0.0,0.0,0.0,0.0,0.0,3.0,-1.0,-1.0,-1.0,-1.0,0.0,0.0,0.0,0.0,0.0,0.88,3.133882,0.7267637913589302,0.8107827462707768,yes,yes,home_yes,2026-04-15 00:38:51.811712+00:00,0.79,2.49,0.028999999999999693,0.022749038214234567,-1.9961,,,,,april
1,True,823803,2026-04-15,1,61,3,2026-04-16 01:57:23.968000+00:00,2026-04-16 01:57:25.086185+00:00,2026-04-16 01:58:13.179000+00:00,0.84,1.6582280766035322,0.8585114598233333,0.541777263791804,1.6354817281880965,-0.4325130203302372,0.9764827484962489,-0.13648274849624897,1.313928,1.118185,8.0,1.0,1.0,1.0,0.0,0.0,0.0,1.0,0.0,0.0,1.0,1.0,-2.0,0.0,-1.0,1.0,-1.0,8.0,257.0,-0.22178988326848248,0.0699553428981661,0.86,4.867377,0.1570618900347167,0.8674364004887729,yes,yes,home_yes,2026-04-16 01:57:25.433621+00:00,0.81,2.43,0.02619999999999978,0.11337045318771827,0.4355000000000002,,,,,april
1,True,823804,2026-04-12,0,29,1,2026-04-12 19:07:43.836000+00:00,2026-04-12 19:07:47.786242+00:00,2026-04-12 19:08:04.748000+00:00,0.62,0.4895482253187058,0.45976933001118636,0.30154284860347963,0.6786904011363941,0.042236007275040954,0.7551004423987173,-0.13510044239871732,3.792419,3.950242,4.0,1.0,1.0,0.0,0.0,0.0,0.0,0.0,0.0,0.0,0.0,1.0,0.0,0.0,0.0,0.0,0.0,0.0,0.0,0.0,0.0,0.62,4.300745,0.0,0.654118696983118,yes,yes,home_yes,2026-04-12 19:07:48.302639+00:00,0.62,3.14,0.051799999999999846,0.05533270852699061,0.5109000000000001,profitable_reversal,2026-04-12 19:42:50.567386+00:00,0.81,0.03390000000000004,april
1,True,823804,2026-04-12,0,49,5,2026-04-12 19:47:20.476000+00:00,2026-04-12 19:47:22.530715+00:00,2026-04-12 19:48:37.901000+00:00,0.76,1.1526795099383855,0.4980274682247682,0.6579914106970406,-0.6622461939540821,-0.23361485118150527,0.6734978274135153,0.08650217258648474,2.711516,2.054715,7.0,0.0,0.0,1.0,0.0,0.0,0.0,0.0,1.0,0.0,0.0,0.0,-2.0,-2.0,0.0,0.0,1.0,0.0,0.0,0.0,0.0,0.64,4.808305,-0.5773153650348236,0.7340516971663893,no,away_yes,away_yes,2026-04-12 19:47:24.744593+00:00,0.24,7.91,0.1010000000000002,0.10425107541386056,1.0317000000000003,profitable_reversal,2026-04-12 20:22:19.329230+00:00,0.4,0.1328999999999998,april
1,True,823804,2026-04-12,0,55,3,2026-04-12 20:04:01.355000+00:00,2026-04-12 20:04:03.041448+00:00,2026-04-12 20:05:59.997000+00:00,0.4,-0.4054651081081643,0.0940210044012938,0.15759972180252402,-0.5893010348684042,-0.04149973090675235,0.2782283948139823,0.1217716051860177,4.973995,1.686448,7.0,0.0,2.0,-2.0,1.0,2.0,0.0,1.0,0.0,0.0,0.0,-1.0,1.0,0.0,-1.0,1.0,-1.0,0.0,0.0,0.0,0.0,0.37,4.79393,-0.12675170563914395,0.3487245265180422,no,away_yes,away_yes,2026-04-12 20:04:03.902772+00:00,0.6,3.24,0.05449999999999999,0.11163253408154336,-0.7569999999999995,profitable_reversal,2026-04-12 20:22:19.329230+00:00,0.4,0.05449999999999977,april
1,True,823804,2026-04-12,0,61,3,2026-04-12 20:22:15.672000+00:00,2026-04-12 20:22:18.363859+00:00,2026-04-12 20:25:09.224000+00:00,0.63,0.5322168137473082,0.3213365617524844,0.06351722143601234,1.943183780573149,-0.04314733115625369,0.9254319124099205,-0.2954319124099205,3.205611,2.691859,7.0,1.0,2.0,0.0,0.0,0.0,0.0,0.0,0.0,0.0,0.0,3.0,-2.0,0.0,-1.0,-1.0,0.0,0.0,0.0,0.0,0.0,0.58,4.770719,-0.20944342148425737,0.6726178582963723,yes,yes,home_yes,2026-04-12 20:22:19.985387+00:00,0.59,3.29,0.05580000000000007,0.21601275379506502,-1.9969,,,,,april
1,True,823806,2026-04-01,1,17,3,2026-04-01 18:31:57.554000+00:00,2026-04-01 18:31:58.585779+00:00,2026-04-01 18:32:22.862000+00:00,0.46,-0.16034265007517937,0.20946385373617393,0.4102479344461074,-0.9652196672041382,-0.12033731546148012,0.26791536473491934,0.19208463526508068,0.058693,1.031779,3.0,0.0,0.0,-2.0,0.0,0.0,0.0,0.0,0.0,0.0,0.0,-2.0,-1.0,-1.0,-1.0,0.0,0.0,1.0,30.0,-1.0,0.0,0.31,4.476012,-0.6397766500369337,0.4086024125450945,no,away_yes,away_yes,2026-04-01 18:31:58.751237+00:00,0.56,3.46,0.059699999999999864,0.048935652593973186,-1.9973,,,,,april
1,True,823808,2026-04-10,0,55,4,2026-04-11 01:51:29.165000+00:00,2026-04-11 01:51:32.690690+00:00,2026-04-11 01:52:18.288000+00:00,0.63,0.5322168137473082,0.49629359650605376,0.4353971405696036,0.24503811337707376,-0.13107740366295606,0.7126587848662261,-0.08265878486622613,2.789273,3.52569,7.0,1.0,0.0,0.0,0.0,0.0,1.0,0.0,0.0,0.0,0.0,0.0,-1.0,-2.0,1.0,0.0,0.0,0.0,0.0,0.0,0.0,0.65,3.970454,0.08682239465891539,0.6618189631957745,yes,yes,home_yes,2026-04-11 01:51:34.208795+00:00,0.63,3.09,0.05050000000000021,0.04782059627494295,-1.9972,,,,,april
1,True,823879,2026-04-20,1,36,4,2026-04-20 23:52:14.565000+00:00,2026-04-20 23:52:16.619702+00:00,2026-04-20 23:52:35.982000+00:00,0.7,0.8472978603872034,0.6189270245050565,0.3862161471722939,0.9482421350910393,-0.09716374845364784,0.8690635024687009,-0.16906350246870094,0.402297,2.054702,5.0,1.0,0.0,1.0,0.0,0.0,0.0,0.0,0.0,0.0,0.0,1.0,-1.0,-2.0,0.0,0.0,0.0,0.0,0.0,0.0,0.0,0.73,3.988886,0.1473247147568585,0.7440741091299317,yes,yes,home_yes,2026-04-20 23:52:17.220398+00:00,0.72,2.72,0.03839999999999977,0.02708157683341443,0.7232000000000003,,,,,april
1,True,823882,2026-04-18,0,37,1,2026-04-18 21:27:20.216000+00:00,2026-04-18 21:27:22.262755+00:00,2026-04-18 21:27:46.159000+00:00,0.29,-0.8953840470548413,0.14119858974244115,0.3277753154227313,-1.0871060937898167,0.0,0.12105363765248474,0.16894636234751526,3.238433,2.046755,5.0,0.0,1.0,-2.0,0.0,0.0,0.0,0.0,0.0,0.0,0.0,-2.0,0.0,0.0,0.0,-1.0,0.0,0.0,0.0,0.0,0.0,0.29,4.092113,0.0,0.2482160117397945,no,away_yes,away_yes,2026-04-18 21:27:24.116142+00:00,0.72,1.0,0.01419999999999999,0.017583988260205574,0.26580000000000004,,,,,april
1,True,823883,2026-04-17,0,73,5,2026-04-18 01:56:35.038000+00:00,2026-04-18 01:56:38.392008+00:00,2026-04-18 01:59:40.119000+00:00,0.66,0.6632942174102643,0.005461469684230938,0.009071405533666033,-0.511045654005776,0.21598199936659945,0.4840720321963798,0.17592796780362024,0.493616,3.354008,9.0,1.0,0.0,0.0,0.0,0.0,0.0,0.0,0.0,0.0,-2.0,0.0,-2.0,-2.0,0.0,0.0,0.0,0.0,0.0,0.0,0.0,0.66,4.999891,0.0,0.6248113809509118,no,away_yes,away_yes,2026-04-18 01:56:38.475853+00:00,0.35,5.45,0.08679999999999999,0.05047797381753072,3.4557,,,,,april
1,True,823885,2026-04-08,1,21,3,2026-04-08 23:31:03.508000+00:00,2026-04-08 23:31:04.582010+00:00,2026-04-08 23:31:40.568000+00:00,0.64,0.5753641449035619,0.6289815019077846,0.48966875179674363,0.5691808014854038,0.08581591958485613,0.7424475857647407,-0.10244758576474067,4.038524,1.07401,2.0,1.0,2.0,1.0,0.0,0.0,1.0,0.0,0.0,0.0,0.0,1.0,-1.0,-1.0,1.0,-1.0,0.0,0.0,0.0,0.0,0.0,0.62,3.916674,-0.08581591958485613,0.6809583665772996,yes,yes,home_yes,2026-04-08 23:31:05.688581+00:00,0.64,3.04,0.04909999999999992,0.07541343439499076,1.0453000000000001,,,,,april
1,True,823887,2026-04-07,0,69,2,2026-04-08 01:08:01.253000+00:00,2026-04-08 01:08:03.783960+00:00,2026-04-08 01:08:20.248000+00:00,0.57,0.2818511521409875,0.005577378881118843,0.00534460612899615,0.04286513022566485,-0.9264600537835468,0.7775034241681184,-0.2075034241681184,0.149072,2.53096,9.0,1.0,1.0,0.0,2.0,0.0,0.0,0.0,0.0,0.0,0.0,0.0,1.0,0.0,0.0,0.0,0.0,1.0,36.0,1.0,0.0,0.57,3.825069,0.0,0.6081626547889907,yes,yes,home_yes,2026-04-08 01:08:07.609029+00:00,0.57,3.4,0.05840000000000023,0.07135302628256823,-1.9964,,,,,april
1,True,823956,2026-04-28,0,36,2,2026-04-29 03:19:08.021000+00:00,2026-04-29 03:19:09.636838+00:00,2026-04-29 03:19:43.043000+00:00,0.36,-0.5753641449035618,0.225047203539937,0.34151574700941334,-0.5799451277988891,-0.04314733115625358,0.2474680555645842,0.11253194443541578,0.343801,1.615838,5.0,0.0,2.0,-2.0,0.0,0.0,1.0,0.0,0.0,0.0,0.0,-1.0,0.0,-1.0,1.0,-1.0,0.0,2.0,25.99,0.8460946517891497,0.014999999999999986,0.36,3.919534,0.0,0.3140824463051049,no,away_yes,away_yes,2026-04-29 03:19:11.616908+00:00,0.65,3.0,0.04779999999999984,0.059952661084685555,0.058099999999999374,profitable_reversal,2026-04-29 04:21:43.089529+00:00,0.7,0.04410000000000025,april
1,True,823956,2026-04-28,0,62,4,2026-04-29 04:21:41.374000+00:00,2026-04-29 04:21:42.926450+00:00,2026-04-29 04:22:14.346000+00:00,0.3,-0.8472978603872036,0.13832517679289447,0.09719098037853303,0.39956242555896027,0.09716374845364761,0.36704864514247076,-0.06704864514247078,0.45422,1.55245,8.0,1.0,0.0,-2.0,0.0,0.0,1.0,0.0,0.0,0.0,0.0,0.0,-2.0,-1.0,1.0,0.0,0.0,3.0,34.089999999999996,1.0,0.008164965809277244,0.32,4.81729,0.09352605801082348,0.32334625112739823,yes,yes,home_yes,2026-04-29 04:21:43.485750+00:00,0.3,6.35,0.09340000000000015,0.05484869465897868,-1.9984,,,,,april
1,True,823958,2026-04-29,0,9,1,2026-04-29 19:28:09.946000+00:00,2026-04-29 19:28:11.115566+00:00,2026-04-29 19:28:33.903000+00:00,0.62,0.4895482253187058,0.424034445520695,0.5532723853307211,-0.5201345601914772,0.0,0.49235401235618276,0.12764598764381724,4.869183,1.169566,2.0,0.0,0.0,-1.0,0.0,0.0,0.0,0.0,0.0,0.0,0.0,-1.0,0.0,0.0,0.0,0.0,0.0,2.0,156.0,1.0,0.0,0.62,4.949111,0.0,0.5743858250295152,no,away_yes,away_yes,2026-04-29 19:28:12.432348+00:00,0.38,5.04,0.08319999999999994,0.1466954418512435,0.08229999999999982,profitable_reversal,2026-04-29 19:30:15.485329+00:00,0.43,0.08650000000000002,april
1,True,823958,2026-04-29,0,11,1,2026-04-29 19:30:13.723000+00:00,2026-04-29 19:30:15.146703+00:00,2026-04-29 19:30:46.168000+00:00,0.58,0.32277339226305085,0.45160416000633197,0.3879346677862091,0.2618107673418172,0.08161133544616261,0.6231577011589184,-0.04315770115891848,0.274862,1.423703,2.0,0.0,1.0,-1.0,0.0,1.0,0.0,0.0,0.0,0.0,1.0,0.0,0.0,1.0,-1.0,0.0,0.0,2.0,49.96,1.0,0.0,0.61,4.843229,0.12453882578061398,0.6002184939449748,yes,yes,home_yes,2026-04-29 19:30:15.580249+00:00,0.58,3.34,0.05700000000000016,0.010529769776215933,0.46689999999999965,profitable_reversal,2026-04-29 21:15:31.458731+00:00,0.75,0.04390000000000027,april
1,True,823958,2026-04-29,0,16,2,2026-04-29 19:41:20.414000+00:00,2026-04-29 19:41:21.884471+00:00,2026-04-29 19:41:56.702000+00:00,0.63,0.5322168137473082,0.5641606089759249,0.4131048868992114,0.6092097691190411,0.25036566160632073,0.7091090609417008,-0.07910906094170078,4.825492,1.470471,2.0,1.0,2.0,0.0,0.0,0.0,1.0,0.0,0.0,0.0,0.0,1.0,0.0,-1.0,1.0,-1.0,0.0,2.0,40.0,1.0,0.0,0.68,3.643882,0.22155498862907208,0.6613690137762469,yes,yes,home_yes,2026-04-29 19:41:22.414586+00:00,0.63,3.09,0.05050000000000021,0.04643025256860271,0.27969999999999984,profitable_reversal,2026-04-29 21:15:31.458731+00:00,0.75,0.04059999999999997,april
1,True,823959,2026-04-26,1,17,6,2026-04-26 20:47:40.798000+00:00,2026-04-26 20:47:42.303209+00:00,2026-04-26 20:48:00.391000+00:00,0.65,0.6190392084062236,0.6995627654273604,0.6995627654273604,0.0,-0.2763448386486177,0.7100000000000001,-0.06000000000000005,3.037187,1.505209,2.0,0.0,1.0,3.0,3.0,2.0,1.0,1.0,1.0,0.0,0.0,0.0,0.0,0.0,0.0,0.0,0.0,1.0,29.0,-1.0,0.0,0.71,4.364146,0.2763448386486177,0.6727411345029978,yes,yes,home_yes,2026-04-26 20:47:42.321576+00:00,0.65,0.08,0.0012999999999999956,0.0005192907602398246,0.0267,,,,,april
1,True,823960,2026-04-25,1,10,5,2026-04-25 23:38:38.355000+00:00,2026-04-25 23:38:41.737939+00:00,2026-04-25 23:39:02.734000+00:00,0.38,-0.4895482253187058,0.34261425423719616,0.480205770834253,-0.5724474683229467,0.04266858842860244,0.24886696896943447,0.13113303103056553,2.264667,3.382939,2.0,0.0,1.0,-1.0,0.0,0.0,0.0,0.0,0.0,0.0,0.0,-1.0,-2.0,-2.0,0.0,0.0,0.0,0.0,0.0,0.0,0.0,0.43,4.788493,0.2076970731777179,0.3366771694848776,no,away_yes,away_yes,2026-04-25 23:38:42.387196+00:00,0.58,2.0,0.03420000000000001,0.1324456610302449,-1.1942,,,,,april
1,True,823961,2026-04-27,1,27,5,2026-04-28 03:05:53.686000+00:00,2026-04-28 03:05:56.872403+00:00,2026-04-28 03:07:16.118000+00:00,0.72,0.9444616088408513,0.5968996543448554,0.695953711186723,-0.4355397070834576,0.23627655091636524,0.5677422191185765,0.1522577808814235,0.142413,3.186403,4.0,0.0,1.0,2.0,0.0,0.0,1.0,1.0,1.0,0.0,0.0,0.0,-2.0,-2.0,0.0,0.0,1.0,0.0,0.0,0.0,0.0,0.73,3.219345,0.05016096630321065,0.686358472547914,no,away_yes,away_yes,2026-04-28 03:05:58.990520+00:00,0.27,5.0,0.06899999999999995,0.14920763726042974,2.0588999999999995,profitable_reversal,2026-04-28 04:19:41.340292+00:00,0.71,0.07210000000000027,april
1,True,823961,2026-04-27,1,58,4,2026-04-28 04:19:39.567000+00:00,2026-04-28 04:19:41.076166+00:00,2026-04-28 04:20:10.226000+00:00,0.29,-0.8953840470548413,0.13566701999860234,0.10839430892568047,0.25549381064431076,-0.048086186667637754,0.3562210286667403,-0.06622102866674034,0.212986,1.509166,7.0,1.0,1.0,-2.0,0.0,0.0,1.0,0.0,0.0,0.0,0.0,0.0,-1.0,-2.0,1.0,0.0,0.0,2.0,19.94,1.0,0.0,0.29,4.634356,0.0,0.3131085624871662,yes,yes,home_yes,2026-04-28 04:19:41.475040+00:00,0.29,6.57,0.0947,0.0571232555406819,4.57,,,,,april
1,True,823962,2026-04-24,0,53,2,2026-04-25 04:10:32.226000+00:00,2026-04-25 04:10:35.139547+00:00,2026-04-25 04:11:28.060000+00:00,0.77,1.2083112059245342,0.7052509082791496,0.8224540491640111,-0.6606339805646054,0.0,0.6335965218271529,0.13640347817284715,1.414811,2.913547,7.0,0.0,2.0,1.0,0.0,0.0,1.0,0.0,0.0,0.0,0.0,-1.0,-1.0,0.0,1.0,0.0,-1.0,0.0,0.0,0.0,0.0,0.78,4.434301,0.05735516740674185,0.7469673471598842,no,away_yes,away_yes,2026-04-25 04:10:37.305554+00:00,0.23,4.0,0.04959999999999998,0.0425306113604631,3.0304,,,,,april
1,True,823965,2026-04-14,1,28,5,2026-04-15 03:05:13.683000+00:00,2026-04-15 03:05:15.472225+00:00,2026-04-15 03:05:46.242000+00:00,0.62,0.4895482253187058,0.5428135649663846,0.49335550255188276,0.19825421104254928,0.0,0.6654778896119912,-0.045477889611991174,1.477368,1.789225,5.0,0.0,1.0,0.0,0.0,0.0,0.0,0.0,0.0,0.0,1.0,0.0,-3.0,-1.0,0.0,0.0,0.0,1.0,15.0,1.0,0.0,0.65,4.144411,0.12949098308751783,0.640685881703824,yes,yes,home_yes,2026-04-15 03:05:15.950590+00:00,0.62,3.14,0.051799999999999846,0.01315366855000756,1.1414000000000002,,,,,april
1,True,823965,2026-04-14,1,54,7,2026-04-15 03:57:16.810000+00:00,2026-04-15 03:57:18.642936+00:00,2026-04-15 03:59:47.479000+00:00,0.65,0.6190392084062236,0.4021747109210194,0.298654030263386,0.45730353464061485,0.0,0.7458012576982209,-0.0958012576982209,1.955869,1.832936,8.0,1.0,0.0,0.0,0.0,0.0,0.0,0.0,0.0,0.0,-2.0,0.0,-3.0,-2.0,0.0,-1.0,-1.0,5.0,294.0,1.0,0.0040000000000000036,0.65,4.954592,0.0,0.6784065047371451,yes,yes,home_yes,2026-04-15 03:57:20.866105+00:00,0.65,1.0,0.016000000000000014,0.012406504737145108,0.33399999999999996,,,,,april
1,True,823968,2026-04-10,1,12,4,2026-04-11 02:37:44.355000+00:00,2026-04-11 02:37:46.088933+00:00,2026-04-11 02:38:11.721000+00:00,0.77,1.2083112059245342,0.6220578036577129,0.484433599411435,0.5605774872170424,0.0,0.8543194147629926,-0.08431941476299254,0.317548,1.733933,2.0,1.0,1.0,1.0,0.0,0.0,0.0,0.0,0.0,0.0,0.0,1.0,-2.0,-1.0,0.0,0.0,0.0,0.0,0.0,0.0,0.0,0.78,3.684303,0.05735516740674185,0.8037805177742058,yes,yes,home_yes,2026-04-11 02:37:46.777596+00:00,0.77,2.55,0.031700000000000284,0.05444032032422441,-0.5339000000000007,profitable_reversal,2026-04-11 04:47:20.721296+00:00,0.59,0.04320000000000035,april
1,True,823968,2026-04-10,1,76,1,2026-04-11 04:47:19.183000+00:00,2026-04-11 04:47:20.366650+00:00,2026-04-11 04:47:49.352000+00:00,0.59,0.3639653772014115,0.007007890478352596,0.7767390214387513,-6.200449012059009,-0.21139876770215044,0.003593298711365706,0.5864067012886343,0.475511,1.18365,9.0,0.0,2.0,0.0,0.0,0.0,1.0,1.0,0.0,0.0,0.0,-1.0,-1.0,0.0,1.0,0.0,0.0,16.0,8405.0,-0.9959547888161808,0.034860211918460865,0.63,4.051153,0.16825143654589675,0.563912798900869,no,away_yes,away_yes,2026-04-11 04:47:20.721483+00:00,0.32,5.96,0.09079999999999999,0.6010797185508209,-1.998,,,,,april
1,True,823970,2026-04-01,0,13,2,2026-04-02 00:45:06.674000+00:00,2026-04-02 00:45:08.206068+00:00,2026-04-02 00:45:44.299000+00:00,0.65,0.6190392084062236,0.3785086933020926,0.45444841001271186,-0.31316990614054435,0.08682239465891539,0.554543809741159,0.095456190258841,0.704329,1.532068,3.0,0.0,0.0,0.0,0.0,0.0,0.0,1.0,0.0,0.0,0.0,0.0,-1.0,0.0,0.0,1.0,0.0,2.0,14.0,1.0,0.0,0.68,3.812816,0.1347325939701567,0.6096568940602906,no,away_yes,away_yes,2026-04-02 00:45:12.086083+00:00,0.35,5.46,0.08700000000000019,0.1332733584308135,1.0756,profitable_reversal,2026-04-02 01:42:46.257989+00:00,0.58,0.09319999999999995,april
1,True,823970,2026-04-01,0,39,5,2026-04-02 01:42:44.520000+00:00,2026-04-02 01:42:46.242047+00:00,2026-04-02 01:43:15.093000+00:00,0.45,-0.20067069546215124,0.19779117710441335,0.15562644316191512,0.2909793204693025,0.0,0.522561824477921,-0.07256182447792098,0.036345,1.722047,6.0,1.0,0.0,-2.0,0.0,0.0,1.0,0.0,0.0,0.0,0.0,0.0,-2.0,-2.0,1.0,0.0,0.0,2.0,13.0,-1.0,0.0,0.44,4.193117,-0.040491361354736854,0.4722677021718952,yes,yes,home_yes,2026-04-02 01:42:47.439772+00:00,0.44,4.37,0.07539999999999991,0.065609858491182,-1.9982,,,,,april
1,True,824045,2026-04-21,0,35,1,2026-04-22 02:43:43.243000+00:00,2026-04-22 02:43:45.598305+00:00,2026-04-22 02:44:33.626000+00:00,0.64,0.5753641449035619,0.5905738567977675,0.4878103383116631,0.41510648441060544,-0.36909746393728937,0.795689492585837,-0.15568949258583697,2.971492,2.355305,5.0,1.0,2.0,1.0,0.0,0.0,1.0,0.0,0.0,0.0,1.0,1.0,0.0,0.0,0.0,0.0,-1.0,0.0,0.0,0.0,0.0,0.68,3.506932,0.1784076574728184,0.6826476481958248,yes,yes,home_yes,2026-04-22 02:43:46.734930+00:00,0.64,3.04,0.04909999999999992,0.08054885051530741,-1.9947,,,,,april
1,True,824046,2026-04-20,0,44,1,2026-04-21 03:16:57.231000+00:00,2026-04-21 03:16:58.669471+00:00,2026-04-21 03:18:07.813000+00:00,0.38,-0.4895482253187058,0.24778916404992257,0.3394628930561622,-0.4447497517381438,0.0,0.2820535622531667,0.09794643774683331,0.136492,1.438471,6.0,0.0,0.0,0.0,0.0,0.0,1.0,1.0,0.0,0.0,0.0,0.0,0.0,0.0,0.0,1.0,0.0,2.0,21.0,1.0,0.0050000000000000044,0.37,4.941358,-0.04266858842860244,0.343153508272509,no,away_yes,away_yes,2026-04-21 03:16:59.014144+00:00,0.6,3.24,0.05449999999999999,0.1296826331970709,1.2415000000000003,,,,,april
1,True,824047,2026-04-19,0,47,6,2026-04-19 22:01:05.054000+00:00,2026-04-19 22:01:06.076712+00:00,2026-04-19 22:03:21.627000+00:00,0.28,-0.9444616088408512,0.1345415947445222,0.24006967401299328,-0.7090883458456343,-0.23627655091636557,0.19508938375369936,0.08491061624630067,0.426069,1.022712,7.0,0.0,0.0,-1.0,0.0,0.0,0.0,0.0,0.0,1.0,-2.0,0.0,-3.0,-2.0,-1.0,-1.0,0.0,5.0,174.22,-0.35460911491218,0.009797958971132722,0.27,4.292212,-0.05016096630321076,0.25481813923420643,no,away_yes,away_yes,2026-04-19 22:01:08.222326+00:00,0.72,2.72,0.03839999999999977,0.03009466128295897,0.7232000000000003,,,,,april
1,True,824048,2026-04-17,1,15,4,2026-04-18 02:07:20.149000+00:00,2026-04-18 02:07:24.711631+00:00,2026-04-18 02:08:34.288000+00:00,0.77,1.2083112059245342,0.7149688450498889,0.5678007483108453,0.6467566292004059,0.0,0.8647210276141122,-0.09472102761411216,0.115704,4.562631,2.0,1.0,2.0,2.0,0.0,0.0,0.0,0.0,1.0,0.0,0.0,1.0,-1.0,-2.0,-1.0,0.0,1.0,0.0,0.0,0.0,0.0,0.74,4.548887,-0.16234265074184662,0.8096804633704686,yes,yes,home_yes,2026-04-18 02:07:25.192281+00:00,0.76,2.58,0.03299999999999992,0.09517559549580909,0.5862,,,,,april
1,True,824049,2026-04-18,0,62,5,2026-04-19 04:03:52.233000+00:00,2026-04-19 04:03:53.354884+00:00,2026-04-19 04:05:48.701000+00:00,0.29,-0.8953840470548413,0.10717589820249909,0.05317467888917234,0.759614105009701,0.04907756178600986,0.45391925891507773,-0.16391925891507775,0.085743,1.121884,8.0,1.0,2.0,-1.0,0.0,0.0,1.0,0.0,1.0,0.0,0.0,1.0,-2.0,-2.0,0.0,-1.0,1.0,9.0,941.8,0.8722446379273732,0.004969039949999509,0.21,4.993297,-0.4295413676887574,0.3301972416503032,yes,yes,home_yes,2026-04-19 04:03:53.970867+00:00,0.29,5.0,0.07210000000000005,0.12888620825151592,-1.5221,,,,,april
1,True,824051,2026-04-07,0,10,7,2026-04-08 02:00:12.032000+00:00,2026-04-08 02:00:13.207132+00:00,2026-04-08 02:00:42.375000+00:00,0.63,0.5322168137473082,0.6081020699976751,0.5745755529544132,0.13879709296946902,0.0,0.6617301526896261,-0.03173015268962609,1.574152,1.175132,2.0,0.0,1.0,2.0,0.0,0.0,0.0,0.0,1.0,0.0,1.0,0.0,-3.0,-2.0,0.0,-1.0,1.0,0.0,0.0,0.0,0.0,0.62,4.050414,-0.04266858842860244,0.651558425079966,yes,yes,home_yes,2026-04-08 02:00:13.343368+00:00,0.62,2.0,0.03299999999999992,0.03011685015993204,-1.273,,,,,april
1,True,824053,2026-04-05,1,39,6,2026-04-05 21:38:49.010000+00:00,2026-04-05 21:38:57.032642+00:00,2026-04-05 21:39:37.050000+00:00,0.66,0.6632942174102643,0.6908484497870815,0.5409690050538909,0.6398446187942286,-0.13682508270184857,0.8084490640123229,-0.14844906401232283,0.910958,8.022642,4.0,1.0,1.0,1.0,0.0,0.0,1.0,0.0,1.0,0.0,0.0,1.0,-2.0,-2.0,1.0,-1.0,0.0,0.0,0.0,0.0,0.0,0.67,3.621118,0.044890840514221764,0.7058616257457372,yes,yes,home_yes,2026-04-05 21:38:59.968155+00:00,0.67,2.91,0.045099999999999696,0.0592573309200954,0.9152000000000002,,,,,april
1,True,824054,2026-04-04,1,41,1,2026-04-05 02:59:01.312000+00:00,2026-04-05 02:59:04.671994+00:00,2026-04-05 02:59:27.694000+00:00,0.61,0.44731221804366483,0.6023287814221742,0.5586549222667259,0.17947295354760662,0.0,0.6517601527121354,-0.0417601527121354,0.895273,3.359994,6.0,0.0,1.0,1.0,0.0,0.0,0.0,0.0,0.0,0.0,1.0,0.0,0.0,0.0,0.0,0.0,0.0,0.0,0.0,0.0,0.0,0.63,4.862915,0.08490459570364339,0.6308259491526108,yes,yes,home_yes,2026-04-05 02:59:05.633427+00:00,0.61,3.19,0.053200000000000136,0.013234777796828384,1.1908999999999998,,,,,april
1,True,824054,2026-04-04,1,51,7,2026-04-05 03:26:12.223000+00:00,2026-04-05 03:26:14.195477+00:00,2026-04-05 03:28:47.564000+00:00,0.73,0.9946225751440619,0.6955579347257494,0.5819461334714837,0.49546590230140275,0.0,0.8160915521893158,-0.08609155218931586,0.899732,1.972477,7.0,1.0,0.0,1.0,0.0,0.0,0.0,0.0,0.0,0.0,-2.0,0.0,-3.0,-2.0,-1.0,-1.0,0.0,4.0,2681.0,0.8060425214472212,0.0,0.75,4.717575,0.10398971352404784,0.7604843772525535,yes,yes,home_yes,2026-04-05 03:26:17.100182+00:00,0.74,2.65,0.035700000000000065,0.018583599719266646,0.6533,,,,,april
1,True,824056,2026-04-03,0,59,4,2026-04-04 04:21:42.370000+00:00,2026-04-04 04:21:44.029723+00:00,2026-04-04 04:26:23.333000+00:00,0.38,-0.4895482253187058,0.006618100898225454,0.006618100898225454,0.0,-0.3694039134766425,0.47000000000000003,-0.09000000000000002,3.799288,1.659723,9.0,0.0,0.0,0.0,1.0,2.0,0.0,0.0,0.0,0.0,0.0,0.0,0.0,0.0,0.0,0.0,0.0,2.0,9.0,1.0,0.0050000000000000044,0.35,4.519157,-0.12949098308751772,0.4116384406209938,yes,yes,home_yes,2026-04-04 04:21:45.539257+00:00,0.39,4.91,0.08179999999999987,0.024444743449079653,0.817,profitable_reversal,2026-04-04 04:31:13.524084+00:00,0.59,0.08320000000000016,april
1,True,824056,2026-04-03,0,61,6,2026-04-04 04:31:10.923000+00:00,2026-04-04 04:31:11.991504+00:00,2026-04-04 04:33:48.596000+00:00,0.59,0.3639653772014115,0.006662631395383446,0.009317816032794024,-0.33809033169805414,0.041191984938360626,0.49617084000378947,0.0938291599962105,0.666813,1.068504,9.0,1.0,0.0,0.0,0.0,0.0,0.0,0.0,0.0,0.0,-2.0,0.0,-2.0,-2.0,0.0,0.0,0.0,2.0,16.0,1.0,0.0,0.59,4.436226,0.0,0.5551016803378519,no,away_yes,away_yes,2026-04-04 04:31:13.660554+00:00,0.42,4.57,0.07800000000000007,0.03578532085601682,1.6550000000000014,profitable_reversal,2026-04-04 04:44:11.425217+00:00,0.81,0.04929999999999923,april
1,True,824056,2026-04-03,0,65,2,2026-04-04 04:41:50.491000+00:00,2026-04-04 04:41:53.361192+00:00,2026-04-04 04:42:24.274000+00:00,0.18,-1.5163474893680886,0.0007252663749048871,0.00401109900926333,-1.71357518439775,0.1418805872354436,0.033188398999612956,0.14681160100038704,0.362758,2.870192,10.0,0.0,0.0,-1.0,0.0,0.0,0.0,0.0,1.0,0.0,0.0,-1.0,-1.0,0.0,0.0,-1.0,1.0,0.0,0.0,0.0,0.0,0.21,4.660743,0.1914220746244899,0.15424487123012398,no,away_yes,away_yes,2026-04-04 04:41:55.392915+00:00,0.81,2.43,0.02619999999999978,0.06068496291079882,-0.05239999999999956,profitable_reversal,2026-04-04 04:44:11.425217+00:00,0.81,0.02619999999999978,april
1,True,824122,2026-04-26,1,63,5,2026-04-26 22:27:25.983000+00:00,2026-04-26 22:27:27.810649+00:00,2026-04-26 23:57:27.473000+00:00,0.23,-1.2083112059245342,0.12736284652264723,0.07998038084582043,0.5181338641831279,0.11661420881906448,0.308574617913323,-0.07857461791332301,0.015158,1.827649,7.0,1.0,0.0,-3.0,0.0,0.0,1.0,1.0,0.0,0.0,0.0,0.0,-2.0,-2.0,0.0,1.0,0.0,0.0,0.0,0.0,0.0,0.28,4.791447,0.26384959708368305,0.252672026277105,yes,yes,home_yes,2026-04-26 22:27:29.143023+00:00,0.22,8.62,0.10360000000000014,0.17803286650864492,2.1590999999999996,profitable_reversal,2026-04-27 01:03:29.814786+00:00,0.5,0.15090000000000003,april
1,True,824122,2026-04-26,1,90,7,2026-04-27 01:03:47.011000+00:00,2026-04-27 01:03:49.380955+00:00,2026-04-27 01:04:12.405000+00:00,0.33,-0.7081850579244856,0.0012843280298541204,0.004551150744307342,-1.2684208494943983,-0.21863683260577982,0.1470448813404144,0.1829551186595856,0.477465,2.369955,10.0,0.0,1.0,-1.0,3.0,2.0,0.0,1.0,0.0,0.0,0.0,-1.0,1.0,0.0,-1.0,1.0,-1.0,2.0,102.33,1.0,0.0,0.23,4.767998,-0.5001261480000486,0.2893396719727081,no,away_yes,away_yes,2026-04-27 01:03:51.083575+00:00,0.67,2.91,0.045099999999999696,0.07322155455941946,-1.9948,,,,,april
1,True,824123,2026-04-22,0,33,2,2026-04-22 19:11:09.375000+00:00,2026-04-22 19:11:10.542018+00:00,2026-04-22 19:12:26.531000+00:00,0.69,0.8001193001121129,0.6104325631526175,0.4444554128907424,0.6722299677111876,0.13682508270184857,0.7917529317092448,-0.10175293170924482,1.067443,1.167018,4.0,1.0,2.0,1.0,0.0,0.0,1.0,1.0,0.0,0.0,0.0,1.0,0.0,-1.0,0.0,1.0,-1.0,0.0,0.0,0.0,0.0,0.69,4.205917,0.0,0.7220934552247126,yes,yes,home_yes,2026-04-22 19:11:12.089244+00:00,0.7,2.79,0.041100000000000136,0.02054074007694808,-1.9941,,,,,april
1,True,824126,2026-04-12,0,10,3,2026-04-12 21:27:50.077000+00:00,2026-04-12 21:27:53.400891+00:00,2026-04-12 21:28:14.078000+00:00,0.42,-0.3227733922630512,0.23534761141400307,0.4718914301225964,-1.0658047687012797,-0.16243074218787182,0.22685642878175116,0.19314357121824882,0.249589,3.323891,2.0,0.0,2.0,-2.0,0.0,0.0,0.0,0.0,0.0,0.0,0.0,-2.0,0.0,-2.0,0.0,-1.0,0.0,0.0,0.0,0.0,0.0,0.44,4.283805,0.08161133544616309,0.3755184515375143,no,away_yes,away_yes,2026-04-12 21:27:55.714176+00:00,0.59,3.29,0.05580000000000007,0.05764429444157804,1.2931000000000001,,,,,april
1,True,824127,2026-04-21,1,56,3,2026-04-22 01:45:48.354000+00:00,2026-04-22 01:45:53.328539+00:00,2026-04-22 01:48:19.847000+00:00,0.78,1.265666373331276,0.7104419555708442,0.5218845343555071,0.8099373715913685,-0.3199608904091056,0.9164884588834653,-0.13648845888346528,1.572686,4.974539,7.0,1.0,1.0,1.0,0.0,0.0,1.0,0.0,0.0,0.0,1.0,1.0,-1.0,-1.0,0.0,0.0,-1.0,0.0,0.0,0.0,0.0,0.79,4.25749,0.05925904141232263,0.8112852784314817,yes,yes,home_yes,2026-04-22 01:45:57.586029+00:00,0.79,2.49,0.028999999999999693,0.02400034329438961,0.4939000000000002,,,,,april
1,True,824128,2026-04-10,1,24,1,2026-04-11 00:29:20.022000+00:00,2026-04-11 00:29:24.628935+00:00,2026-04-11 00:30:01.193000+00:00,0.73,0.9946225751440619,0.7218476470815354,0.5368487353211384,0.8059824420085914,0.1473247147568585,0.8393338999630716,-0.10933389996307163,0.415052,4.606935,4.0,1.0,0.0,1.0,0.0,0.0,0.0,1.0,0.0,0.0,0.0,1.0,0.0,0.0,-1.0,1.0,0.0,0.0,0.0,0.0,0.0,0.79,4.057109,0.33030283959953677,0.756115440365825,yes,yes,home_yes,2026-04-11 00:29:25.449409+00:00,0.73,2.68,0.03699999999999992,0.03298938018041116,0.6866000000000001,,,,,april
1,True,824131,2026-04-05,0,63,2,2026-04-05 20:32:31.624000+00:00,2026-04-05 20:32:40.010875+00:00,2026-04-05 20:33:09.535000+00:00,0.41,-0.3639653772014119,0.2318173436425231,0.11153329687098558,0.8770962095707933,0.04149973090675235,0.6157697435029353,-0.20576974350293536,0.713817,8.386875,7.0,1.0,1.0,-1.0,0.0,0.0,1.0,1.0,0.0,0.0,0.0,2.0,0.0,-1.0,0.0,0.0,-1.0,0.0,0.0,0.0,0.0,0.39,4.273827,-0.08334684084225286,0.43713716264356317,yes,yes,home_yes,2026-04-05 20:32:40.208146+00:00,0.41,4.68,0.07930000000000015,0.047701921171875605,-1.9981,,,,,april
1,True,824133,2026-04-02,0,11,3,2026-04-02 18:34:39.005000+00:00,2026-04-02 18:34:40.594979+00:00,2026-04-02 18:35:11.793000+00:00,0.59,0.3639653772014115,0.383268530520963,0.49970299382918526,-0.47450981711823514,0.0,0.47239199861295605,0.11760800138704391,0.037082,1.589979,2.0,0.0,2.0,-1.0,1.0,2.0,0.0,0.0,0.0,0.0,0.0,-1.0,0.0,1.0,0.0,-1.0,0.0,1.0,7029.0,-1.0,0.0,0.56,3.920232,-0.12280332038452324,0.5430463481888612,no,away_yes,away_yes,2026-04-02 18:34:41.553064+00:00,0.42,4.57,0.07800000000000007,0.09087818877690426,2.5726000000000004,,,,,april
1,True,824133,2026-04-02,0,61,3,2026-04-02 20:38:20.555000+00:00,2026-04-02 20:38:21.799556+00:00,2026-04-02 20:38:53.518000+00:00,0.43,-0.2818511521409879,0.12495506054345115,0.18734824969564648,-0.4789876038045946,0.08211422506042404,0.30091321679677757,0.12908678320322242,2.289117,1.244556,8.0,1.0,1.0,-1.0,0.0,0.0,1.0,0.0,0.0,0.0,1.0,1.0,-1.0,-1.0,0.0,0.0,-1.0,5.0,633.0,-0.9873617693522907,0.01200000000000001,0.41,4.479488,-0.08211422506042404,0.3755612120010991,no,away_yes,away_yes,2026-04-02 20:38:21.870498+00:00,0.58,3.0,0.051200000000000134,0.08211636399670252,1.2088,,,,,april
1,True,824136,2026-04-01,1,15,2,2026-04-02 00:10:14.446000+00:00,2026-04-02 00:10:18.946166+00:00,2026-04-02 00:10:53.507000+00:00,0.61,0.44731221804366483,0.624649324427254,0.4785877117252699,0.5950312568721576,0.24664152258151342,0.6890543371569356,-0.07905433715693566,0.536106,4.500166,2.0,1.0,2.0,1.0,0.0,0.0,0.0,1.0,0.0,0.0,0.0,1.0,0.0,-1.0,0.0,0.0,0.0,0.0,0.0,0.0,0.0,0.62,3.015789,0.042236007275040954,0.640470003396428,yes,yes,home_yes,2026-04-02 00:10:18.984630+00:00,0.62,3.14,0.051799999999999846,0.01247581066478412,1.1414000000000002,,,,,april
1,True,824136,2026-04-01,1,16,5,2026-04-02 00:12:35.315000+00:00,2026-04-02 00:12:37.257995+00:00,2026-04-02 00:13:09.957000+00:00,0.69,0.8001193001121129,0.745724831503632,0.6226274681189381,0.5752241247562252,-0.09526474694272846,0.8131498075515748,-0.1231498075515749,2.803149,1.942995,2.0,1.0,2.0,2.0,0.0,0.0,1.0,0.0,0.0,0.0,0.0,1.0,-2.0,-2.0,1.0,-1.0,0.0,2.0,110.0,1.0,0.0050000000000000044,0.73,4.996036,0.19450327503194909,0.7422994546159628,yes,yes,home_yes,2026-04-02 00:12:38.463680+00:00,0.71,2.76,0.03980000000000028,0.04934649474005716,0.7605999999999997,,,,,april
1,True,824203,2026-04-25,0,18,4,2026-04-25 23:47:38.279000+00:00,2026-04-25 23:47:46.593058+00:00,2026-04-25 23:49:36.087000+00:00,0.46,-0.16034265007517937,0.42669130550766965,0.3493361105936805,0.3265951919799164,0.0,0.541467665908852,-0.08146766590885196,0.881039,8.314058,3.0,0.0,1.0,1.0,2.0,2.0,0.0,0.0,0.0,0.0,1.0,0.0,1.0,0.0,0.0,-1.0,0.0,0.0,0.0,0.0,0.0,0.43,3.535694,-0.12150850206580852,0.48706439900185033,yes,yes,home_yes,2026-04-25 23:47:50.128752+00:00,0.43,4.47,0.07669999999999999,0.178377863538271,-0.10909999999999997,profitable_reversal,2026-04-26 00:24:26.270671+00:00,0.44,0.07709999999999995,april
1,True,824203,2026-04-25,0,32,6,2026-04-26 00:25:04.220000+00:00,2026-04-26 00:25:06.119195+00:00,2026-04-26 00:25:33.111000+00:00,0.31,-0.8001193001121131,0.15909853215651526,0.26311992148746366,-0.6351355232791149,-0.09193424218762747,0.20696452054327685,0.10303547945672314,1.343464,1.899195,5.0,0.0,1.0,-1.0,0.0,0.0,0.0,0.0,0.0,0.0,0.0,-1.0,-3.0,-2.0,0.0,0.0,0.0,0.0,0.0,0.0,0.0,0.32,3.015543,0.04634749773573299,0.2705135545049642,no,away_yes,away_yes,2026-04-26 00:25:06.154891+00:00,0.66,2.95,0.046399999999999775,0.15858501421035584,0.9566000000000001,,,,,april
1,True,824205,2026-04-19,0,34,3,2026-04-19 19:18:24.503000+00:00,2026-04-19 19:18:25.601295+00:00,2026-04-19 19:21:23.080000+00:00,0.31,-0.8001193001121131,0.12151590260510425,0.3306626468227978,-1.2729631294995905,0.0,0.11174072647181951,0.19825927352818049,1.993777,1.098295,5.0,0.0,2.0,-2.0,0.0,0.0,1.0,0.0,1.0,0.0,0.0,-2.0,-1.0,-1.0,0.0,-1.0,0.0,0.0,0.0,0.0,0.0,0.34,4.702681,0.13682508270184912,0.2673050108248254,no,away_yes,away_yes,2026-04-19 19:18:26.578619+00:00,0.64,3.04,0.04909999999999992,0.2326927670925309,1.0453000000000001,,,,,april
1,True,824206,2026-04-18,0,24,3,2026-04-18 23:57:34.912000+00:00,2026-04-18 23:57:36.656314+00:00,2026-04-18 23:58:10.422000+00:00,0.24,-1.1526795099383855,0.11872111991669876,0.25367420975729504,-0.9254854966485793,-0.10671095475569792,0.12223279307131824,0.11776720692868176,1.26091,1.744314,3.0,0.0,1.0,-3.0,0.0,0.0,0.0,0.0,0.0,0.0,0.0,-2.0,-2.0,0.0,-1.0,0.0,0.0,2.0,281.55999999999995,1.0,0.0,0.26,3.945544,0.10671095475569792,0.20194253064426307,no,away_yes,away_yes,2026-04-18 23:57:39.105637+00:00,0.76,0.2,0.0025999999999999635,0.005011493871147427,0.045400000000000024,,,,,april
1,True,824207,2026-04-17,0,27,1,2026-04-18 01:07:18.619000+00:00,2026-04-18 01:07:19.760432+00:00,2026-04-18 01:07:49.332000+00:00,0.45,-0.20067069546215124,0.24654466000492012,0.164662016257458,0.5068148344651249,0.040491361354736854,0.56602535852824,-0.11602535852823997,3.888021,1.141432,3.0,1.0,2.0,-1.0,0.0,0.0,0.0,0.0,0.0,0.0,0.0,1.0,0.0,0.0,0.0,0.0,0.0,0.0,0.0,0.0,0.0,0.4,3.84729,-0.20479441264601303,0.48476440890830946,yes,yes,home_yes,2026-04-18 01:07:23.042986+00:00,0.44,4.37,0.07539999999999991,0.12022046692931243,-1.9982,,,,,april
1,True,824208,2026-04-16,0,20,5,2026-04-17 01:01:49.446000+00:00,2026-04-17 01:01:50.709681+00:00,2026-04-17 01:03:42.087000+00:00,0.69,0.8001193001121129,0.4747772951722019,0.5550408664513544,-0.3220358315506693,0.046347497735732546,0.6062881259568392,0.08371187404316072,0.116341,1.263681,3.0,0.0,0.0,2.0,0.0,0.0,1.0,1.0,1.0,0.0,0.0,0.0,-3.0,-1.0,0.0,0.0,1.0,10.0,447.58,0.9374413512668126,0.0040000000000000036,0.73,4.968469,0.19450327503194909,0.659081153838317,no,away_yes,away_yes,2026-04-17 01:01:52.467320+00:00,0.31,6.15,0.09209999999999985,0.09805090389435062,0.1765000000000001,profitable_reversal,2026-04-17 01:03:47.963384+00:00,0.37,0.10040000000000004,april
1,True,824208,2026-04-16,0,21,2,2026-04-17 01:04:00.560000+00:00,2026-04-17 01:04:02.081043+00:00,2026-04-17 01:04:58.386000+00:00,0.67,0.708185057924486,0.6070395499280401,0.48657481410277215,0.4885986286927572,0.13282091302092414,0.7434471078882147,-0.07344710788821462,0.185061,1.521043,3.0,0.0,2.0,1.0,0.0,0.0,0.0,0.0,1.0,0.0,2.0,-1.0,0.0,-1.0,-1.0,-1.0,0.0,5.0,184.99,0.9459430239472404,0.011661903789690611,0.69,4.789328,0.0919342421876268,0.6950673363825871,yes,yes,home_yes,2026-04-17 01:04:02.081491+00:00,0.67,2.91,0.045099999999999696,0.027845948873328683,-1.9948,,,,,april
1,True,824211,2026-04-01,1,27,2,2026-04-01 19:00:09.005000+00:00,2026-04-01 19:00:11.806633+00:00,2026-04-01 19:00:44.252000+00:00,0.7,0.8472978603872034,0.5056952138338764,0.6389810397725314,-0.5481624632381776,0.0471785602750906,0.5626580863870007,0.1373419136129993,1.027234,2.801633,3.0,1.0,2.0,0.0,0.0,0.0,0.0,0.0,1.0,0.0,2.0,0.0,-1.0,0.0,-1.0,-1.0,1.0,0.0,0.0,0.0,0.0,0.7,4.242084,0.0,0.6507309763494958,no,away_yes,away_yes,2026-04-01 19:00:13.889288+00:00,0.32,5.96,0.09079999999999999,0.08364338095700477,-1.998,,,,,april
1,True,824286,2026-04-22,1,29,4,2026-04-22 23:35:57.338000+00:00,2026-04-22 23:35:58.650346+00:00,2026-04-22 23:36:25.771000+00:00,0.57,0.2818511521409875,0.623124765937637,0.3639596430154883,1.0610516015987148,0.08118045667883608,0.7793224491428823,-0.20932244914288234,1.528333,1.312346,4.0,1.0,1.0,1.0,0.0,0.0,0.0,0.0,0.0,0.0,0.0,2.0,-2.0,-1.0,0.0,-1.0,0.0,0.0,0.0,0.0,0.0,0.61,4.636624,0.16546106590267734,0.6215074189819978,yes,yes,home_yes,2026-04-22 23:35:59.363236+00:00,0.56,1.0,0.017299999999999982,0.04420741898199776,0.42269999999999996,,,,,april
1,True,824288,2026-04-23,1,52,3,2026-04-23 19:01:01.350000+00:00,2026-04-23 19:01:03.110881+00:00,2026-04-23 19:02:14.673000+00:00,0.29,-0.8953840470548413,0.12405444193173787,0.2534128653070026,-0.8740911264654088,-0.09526474694272824,0.15786362668918524,0.13213637331081474,0.005282,1.760881,7.0,0.0,1.0,-1.0,0.0,0.0,1.0,1.0,0.0,0.0,0.0,-1.0,-1.0,-1.0,0.0,1.0,-1.0,4.0,350.55,1.0,0.004330127018922198,0.27,4.51232,-0.09923852808922062,0.2510750704183188,no,away_yes,away_yes,2026-04-23 19:01:05.657532+00:00,0.71,2.76,0.03980000000000028,0.06763280564543998,-1.9994,,,,,april
1,True,824289,2026-04-16,1,57,3,2026-04-16 20:24:34.128000+00:00,2026-04-16 20:24:36.210003+00:00,2026-04-16 20:27:30.037000+00:00,0.66,0.6632942174102643,0.5600476497838043,0.7275951295949932,-0.7410998561799496,-0.33132835773379765,0.5630433713193917,0.09695662868060828,2.150639,2.082003,7.0,0.0,1.0,1.0,0.0,0.0,1.0,1.0,0.0,0.0,0.0,-1.0,-1.0,-1.0,0.0,1.0,-1.0,5.0,861.0,-1.0,0.00489897948556636,0.65,4.744983,-0.04425500900404067,0.6324018354192699,no,away_yes,away_yes,2026-04-16 20:24:36.211231+00:00,0.33,5.78,0.08949999999999969,0.12781739127662042,2.6226000000000016,profitable_reversal,2026-04-16 21:59:08.275848+00:00,0.81,0.06229999999999958,april
1,True,824289,2026-04-16,1,79,5,2026-04-16 21:59:44.764000+00:00,2026-04-16 21:59:45.825202+00:00,2026-04-16 22:00:42.823000+00:00,0.19,-1.4500101755059984,0.004211958269930019,0.002864185894013903,0.38699609070803387,-0.06371581438610785,0.26907941214918357,-0.07907941214918357,0.856522,1.061202,9.0,1.0,0.0,-2.0,0.0,0.0,1.0,1.0,0.0,0.0,0.0,0.0,-3.0,-1.0,0.0,1.0,0.0,15.0,3161.09,0.6868168891110344,0.025420901286583492,0.26,4.994661,0.4040416203233108,0.2112026854461507,yes,yes,home_yes,2026-04-16 21:59:45.866195+00:00,0.18,5.0,0.05170000000000008,0.10431342723075346,4.048299999999999,,,,,april
1,True,824291,2026-04-15,1,19,8,2026-04-15 23:20:49.298000+00:00,2026-04-15 23:20:52.528106+00:00,2026-04-15 23:23:18.892000+00:00,0.59,0.3639653772014115,0.6103186908541586,0.5545785417345054,0.2294645059032767,-0.1255828481172943,0.672389576715735,-0.08238957671573499,3.007316,3.230106,3.0,1.0,2.0,1.0,0.0,0.0,0.0,0.0,0.0,0.0,1.0,1.0,-3.0,-2.0,0.0,0.0,-1.0,0.0,0.0,0.0,0.0,0.62,4.819259,0.1255828481172943,0.6224672429830486,yes,yes,home_yes,2026-04-15 23:20:55.259099+00:00,0.6,3.24,0.05449999999999999,0.018293867265077424,1.2415000000000003,,,,,april
1,True,824292,2026-04-14,1,33,1,2026-04-14 23:48:29.653000+00:00,2026-04-14 23:48:31.764263+00:00,2026-04-14 23:49:19.048000+00:00,0.37,-0.5322168137473082,0.294678622294153,0.2745714756338905,0.09878272915466435,-0.08490459570364345,0.41373906155822293,-0.043739061558222936,2.996672,2.111263,5.0,0.0,2.0,-1.0,0.0,0.0,0.0,0.0,0.0,0.0,1.0,0.0,0.0,0.0,0.0,0.0,0.0,0.0,0.0,0.0,0.0,0.34,3.824943,-0.13107740366295573,0.39029518007486097,yes,yes,home_yes,2026-04-14 23:48:32.200922+00:00,0.36,5.31,0.08570000000000033,0.07516740619751147,3.3126999999999995,,,,,april
1,True,824294,2026-04-11,1,12,1,2026-04-11 17:31:04.742000+00:00,2026-04-11 17:31:10.321884+00:00,2026-04-11 17:31:52.196000+00:00,0.73,0.9946225751440619,0.6662080903367267,0.632480604698123,0.14821083380528888,-0.10398971352404784,0.7767494440413675,-0.046749444041367494,1.001368,5.579884,2.0,0.0,1.0,2.0,0.0,0.0,0.0,0.0,1.0,0.0,1.0,0.0,0.0,0.0,0.0,-1.0,1.0,0.0,0.0,0.0,0.0,0.73,4.121185,0.0,0.7508144258073768,yes,yes,home_yes,2026-04-11 17:31:10.994074+00:00,0.73,2.68,0.03699999999999992,0.018782661163769913,0.6866000000000001,,,,,april
1,True,824295,2026-04-04,1,16,1,2026-04-04 17:46:23.462000+00:00,2026-04-04 17:46:25.287405+00:00,2026-04-04 17:47:00.770000+00:00,0.8,1.3862943611198908,0.8030427496756202,0.7637302333751647,0.23218085021473645,-0.3483066942682156,0.8772650379015333,-0.07726503790153327,2.14243,1.825405,2.0,0.0,2.0,3.0,0.0,0.0,0.0,1.0,1.0,0.0,1.0,0.0,0.0,0.0,-1.0,0.0,1.0,2.0,26.0,1.0,0.0,0.78,4.636495,-0.12062798778861472,0.830723337789977,yes,yes,home_yes,2026-04-04 17:46:26.940407+00:00,0.78,2.52,0.030299999999999994,0.09752281123074194,0.2562000000000004,profitable_reversal,2026-04-04 18:47:37.288715+00:00,0.9,0.015899999999999803,april
1,True,824295,2026-04-04,1,44,2,2026-04-04 18:48:12.060000+00:00,2026-04-04 18:48:15.654146+00:00,2026-04-04 18:48:37.942000+00:00,0.7,0.8472978603872034,0.6096986373054429,0.8154852429722659,-1.0400082497411005,-0.19867069479548416,0.5014900719491356,0.19850992805086431,0.084692,3.594146,5.0,0.0,0.0,1.0,0.0,0.0,0.0,0.0,0.0,0.0,0.0,-4.0,-1.0,0.0,-1.0,-1.0,-1.0,0.0,0.0,0.0,0.0,0.7,3.518632,0.0,0.6730502913398974,no,away_yes,away_yes,2026-04-04 18:48:16.521682+00:00,0.3,6.35,0.09340000000000015,0.07773064999165172,-1.9984,,,,,april
1,True,824296,2026-04-05,0,39,3,2026-04-06 00:42:20.190000+00:00,2026-04-06 00:42:21.200917+00:00,2026-04-06 00:43:16.403000+00:00,0.35,-0.6190392084062235,0.17052038235206657,0.3592682831151055,-1.0034022885230467,0.0,0.16486843309763122,0.18513156690236876,1.832836,1.010917,5.0,0.0,2.0,-2.0,0.0,0.0,1.0,0.0,0.0,0.0,0.0,-2.0,-2.0,0.0,1.0,-1.0,-1.0,4.0,147.0,0.8639455782312925,0.01658312395177699,0.31,4.581644,-0.18108009170588957,0.3027214488656039,no,away_yes,away_yes,2026-04-06 00:42:21.275231+00:00,0.65,2.0,0.03190000000000004,0.06265710226879206,0.038699999999999735,profitable_reversal,2026-04-06 01:07:25.831247+00:00,0.7,0.029400000000000093,april
1,True,824296,2026-04-05,0,49,6,2026-04-06 01:07:52.058000+00:00,2026-04-06 01:07:55.030579+00:00,2026-04-06 01:08:38.840000+00:00,0.36,-0.5753641449035618,0.3076186027595579,0.18798936631519322,0.6518517937136614,-0.04314733115625358,0.5298731234938361,-0.1698731234938361,0.878852,2.972579,6.0,1.0,0.0,-2.0,0.0,0.0,1.0,0.0,1.0,0.0,0.0,0.0,-1.0,-2.0,0.0,0.0,1.0,0.0,0.0,0.0,0.0,0.36,3.030843,0.0,0.398058115401716,yes,yes,home_yes,2026-04-06 01:07:55.741850+00:00,0.37,4.0,0.06529999999999991,0.04693246160686404,-1.5453,,,,,april
1,True,824367,2026-04-22,1,20,2,2026-04-23 01:24:39.422000+00:00,2026-04-23 01:24:42.298461+00:00,2026-04-23 01:25:20.132000+00:00,0.64,0.5753641449035619,0.5907849188518278,0.465648154949009,0.5048353262831369,0.0,0.7465317295518421,-0.10653172955184209,0.497715,2.876461,2.0,1.0,2.0,2.0,0.0,0.0,0.0,1.0,1.0,0.0,0.0,1.0,-1.0,0.0,-1.0,1.0,0.0,0.0,0.0,0.0,0.0,0.64,4.179359,0.0,0.6851301727935144,yes,yes,home_yes,2026-04-23 01:24:42.308049+00:00,0.64,1.0,0.016199999999999992,0.028930172793514397,0.3438,,,,,april
1,True,824368,2026-04-23,0,19,3,2026-04-23 19:49:05.073000+00:00,2026-04-23 19:49:07.161319+00:00,2026-04-23 19:49:39.621000+00:00,0.41,-0.3639653772014119,0.35913660641532885,0.23124545174548305,0.6221785431562843,0.08334684084225286,0.5436055228835921,-0.13360552288359212,4.716456,2.088319,2.0,1.0,2.0,0.0,0.0,0.0,1.0,0.0,0.0,0.0,0.0,1.0,0.0,-2.0,1.0,-1.0,0.0,1.0,6.0,1.0,0.0,0.43,4.241664,0.08211422506042404,0.45536158368409463,yes,yes,home_yes,2026-04-23 19:49:09.361864+00:00,0.42,1.0,0.017100000000000004,0.01826158368409464,-0.4371,,,,,april
1,True,824371,2026-04-19,1,8,2,2026-04-19 19:27:28.962000+00:00,2026-04-19 19:27:30.127407+00:00,2026-04-19 19:29:22.538000+00:00,0.31,-0.8001193001121131,0.2618717922936583,0.19673172263308336,0.37058527433699195,-0.13682508270184912,0.42734080267780344,-0.11734080267780345,2.113716,1.165407,2.0,0.0,2.0,0.0,0.0,0.0,0.0,0.0,0.0,0.0,2.0,0.0,0.0,-1.0,-1.0,0.0,0.0,0.0,0.0,0.0,0.0,0.41,4.089368,0.43615392291070115,0.3348769028733399,yes,yes,home_yes,2026-04-19 19:27:30.754129+00:00,0.31,6.15,0.09209999999999985,0.06089295267104042,0.35800000000000076,profitable_reversal,2026-04-19 21:00:42.935405+00:00,0.4,0.10339999999999971,april
1,True,824371,2026-04-19,1,52,3,2026-04-19 20:58:29.393000+00:00,2026-04-19 20:58:30.939181+00:00,2026-04-19 20:59:05.785000+00:00,0.34,-0.663294217410264,0.20365408116380357,0.1150592661971931,0.6764625325959988,0.04489084051422165,0.4920700336627858,-0.15207003366278576,1.677676,1.546181,6.0,1.0,0.0,-1.0,0.0,0.0,0.0,1.0,0.0,0.0,0.0,0.0,0.0,-2.0,0.0,1.0,0.0,0.0,0.0,0.0,0.0,0.35,4.407925,0.044255009004040446,0.3787862877984557,yes,yes,home_yes,2026-04-19 20:58:33.772986+00:00,0.35,1.0,0.016000000000000014,0.012786287798455698,0.01720000000000005,profitable_reversal,2026-04-19 21:00:42.935405+00:00,0.4,0.01679999999999998,april
1,True,824371,2026-04-19,1,53,6,2026-04-19 21:00:49.765000+00:00,2026-04-19 21:00:50.826473+00:00,2026-04-19 21:01:16.802000+00:00,0.37,-0.5322168137473082,0.15885771670689663,0.21230635526671285,-0.35567295604186255,0.08682239465891528,0.2739422649009004,0.0960577350990996,0.466338,1.061473,6.0,1.0,1.0,-1.0,0.0,0.0,0.0,1.0,0.0,0.0,1.0,0.0,-3.0,-2.0,0.0,0.0,0.0,0.0,0.0,0.0,0.0,0.39,4.563814,0.08490459570364345,0.3190653121275128,no,away_yes,away_yes,2026-04-19 21:00:52.875872+00:00,0.66,2.95,0.046399999999999775,0.015357329223837146,-1.9934,,,,,april
1,True,824372,2026-04-18,1,35,2,2026-04-19 01:21:11.370000+00:00,2026-04-19 01:21:13.047022+00:00,2026-04-19 01:23:26.027000+00:00,0.23,-1.2083112059245342,0.17725832812128828,0.2909187930566147,-0.6441082252909983,0.11661420881906448,0.1224927212812493,0.10750727871875071,0.259297,1.677022,5.0,0.0,0.0,-1.0,0.0,0.0,0.0,0.0,0.0,1.0,-2.0,0.0,0.0,-1.0,-1.0,-1.0,0.0,1.0,34.0,1.0,0.0,0.22,3.746912,-0.057355167406741625,0.19770349719369698,no,away_yes,away_yes,2026-04-19 01:21:14.849009+00:00,0.78,2.52,0.030299999999999994,0.025887187071883616,-1.9959,,,,,april
1,True,824375,2026-04-07,1,43,3,2026-04-08 02:09:10.523000+00:00,2026-04-08 02:09:11.999583+00:00,2026-04-08 02:11:19.771000+00:00,0.76,1.1526795099383855,0.8189913552402249,0.7978397617609285,0.13668160136474494,-0.17224590480521318,0.8117783406671712,-0.05177834066717124,1.041186,1.476583,6.0,1.0,0.0,2.0,0.0,0.0,0.0,0.0,0.0,0.0,-2.0,0.0,0.0,-2.0,-1.0,0.0,0.0,6.0,2113.0,-1.0,0.026925824035672542,0.77,4.823809,0.0556316959861487,0.7835301410057524,yes,yes,home_yes,2026-04-08 02:09:12.090651+00:00,0.76,2.58,0.03299999999999992,0.02770776379484114,0.5862,,,,,april
1,True,824376,2026-04-06,1,43,2,2026-04-07 02:01:56.916000+00:00,2026-04-07 02:02:03.251378+00:00,2026-04-07 02:02:39.985000+00:00,0.8,1.3862943611198908,0.8609395454871721,0.664254668550851,1.1408028420759626,-0.3483066942682156,0.9466170841056398,-0.14661708410563978,3.658723,6.335378,5.0,1.0,2.0,3.0,0.0,0.0,0.0,0.0,1.0,0.0,0.0,2.0,-1.0,0.0,0.0,-1.0,0.0,0.0,0.0,0.0,0.0,0.83,4.711579,0.19933290262049086,0.8375343709990325,yes,yes,home_yes,2026-04-07 02:02:05.500477+00:00,0.81,2.43,0.02619999999999978,0.04070852152764906,0.4355000000000002,,,,,april
1,True,824378,2026-04-04,0,22,1,2026-04-05 01:02:20.483000+00:00,2026-04-05 01:02:22.451637+00:00,2026-04-05 01:02:50.701000+00:00,0.39,-0.4473122180436648,0.4181598166111213,0.3217750674486147,0.41529412350529665,0.08490459570364345,0.47080258281496007,-0.08080258281496006,3.959368,1.968637,3.0,1.0,1.0,0.0,0.0,0.0,1.0,0.0,0.0,0.0,0.0,1.0,0.0,0.0,1.0,0.0,-1.0,0.0,0.0,0.0,0.0,0.37,3.488092,-0.08490459570364345,0.42439260473616225,yes,yes,home_yes,2026-04-05 01:02:25.939729+00:00,0.37,5.0,0.0815999999999999,0.19036302368081137,-1.9316,,,,,april
1,True,824446,2026-04-27,0,61,3,2026-04-28 00:17:08.153000+00:00,2026-04-28 00:17:09.494347+00:00,2026-04-28 00:17:41.088000+00:00,0.36,-0.5753641449035618,0.1185891717935107,0.18521085934478163,-0.5244242550158744,-0.04314733115625358,0.25795187390449714,0.10204812609550284,1.19988,1.341347,8.0,1.0,1.0,-1.0,0.0,0.0,1.0,0.0,0.0,0.0,1.0,0.0,-2.0,0.0,0.0,0.0,0.0,3.0,322.32,1.0,0.004714045207910321,0.32,4.657831,-0.17840765747281828,0.311499231034387,no,away_yes,away_yes,2026-04-28 00:17:10.650818+00:00,0.65,3.0,0.04779999999999984,0.06770230689683931,1.0022,,,,,april
1,True,824447,2026-04-28,0,34,1,2026-04-28 23:25:20.145000+00:00,2026-04-28 23:25:29.704381+00:00,2026-04-28 23:25:56.271000+00:00,0.37,-0.5322168137473082,0.279801858936363,0.42340180537591443,-0.6366206326189875,-0.04266858842860244,0.24486881740813843,0.12513118259186157,0.016115,9.559381,5.0,0.0,2.0,-1.0,0.0,0.0,1.0,1.0,0.0,0.0,0.0,-1.0,0.0,0.0,0.0,1.0,-1.0,0.0,0.0,0.0,0.0,0.37,4.523802,0.0,0.3358209537691894,no,away_yes,away_yes,2026-04-28 23:25:34.374281+00:00,0.64,3.04,0.04909999999999992,0.02440430054166423,1.0453000000000001,,,,,april
1,True,824448,2026-04-21,1,42,2,2026-04-21 23:34:26.853000+00:00,2026-04-21 23:34:29.121655+00:00,2026-04-21 23:39:25.950000+00:00,0.42,-0.3227733922630512,0.2799609167951935,0.5618054111567271,-1.193147950172983,-0.645546784526102,0.2951763702694017,0.1248236297305983,0.082743,2.268655,5.0,1.0,0.0,-1.0,0.0,0.0,0.0,0.0,0.0,0.0,-2.0,-2.0,0.0,-1.0,-1.0,-1.0,-1.0,3.0,46.0,-0.9565217391304348,0.053124591501697405,0.45,4.812761,0.12210269680089994,0.38602367316110947,no,away_yes,away_yes,2026-04-21 23:34:30.834819+00:00,0.59,3.0,0.050799999999999956,0.02112898051667156,-1.8208,,,,,april
1,True,824450,2026-04-20,0,28,2,2026-04-20 23:02:15.547000+00:00,2026-04-20 23:02:17.334686+00:00,2026-04-20 23:03:03.191000+00:00,0.56,0.24116205681688824,0.569896939060045,0.4422021479397678,0.5136601778853375,0.0,0.6802285308429771,-0.12022853084297702,0.397766,1.787686,3.0,1.0,2.0,0.0,0.0,0.0,1.0,0.0,0.0,0.0,0.0,1.0,-1.0,0.0,1.0,0.0,-1.0,0.0,0.0,0.0,0.0,0.57,3.166886,0.040689095324099256,0.6027465795575015,yes,yes,home_yes,2026-04-20 23:02:17.335241+00:00,0.57,3.4,0.05840000000000023,0.052938370495505205,-1.9964,,,,,april
1,True,824451,2026-04-18,1,36,3,2026-04-18 23:29:24.114000+00:00,2026-04-18 23:29:27.430013+00:00,2026-04-18 23:30:41.461000+00:00,0.42,-0.3227733922630512,0.38049233587224485,0.29841202608875805,0.3674120929185989,-0.08161133544616309,0.5315206526483639,-0.11152065264836392,0.030256,3.316013,5.0,1.0,1.0,-1.0,0.0,0.0,1.0,0.0,1.0,0.0,0.0,0.0,-1.0,-1.0,0.0,0.0,1.0,0.0,0.0,0.0,0.0,0.45,4.269921,0.12210269680089994,0.44887909988692404,yes,yes,home_yes,2026-04-18 23:29:30.089040+00:00,0.42,4.57,0.07800000000000007,0.053977486483242854,2.5726000000000004,,,,,april
1,True,824452,2026-04-19,1,43,5,2026-04-19 19:06:11.742000+00:00,2026-04-19 19:06:16.220275+00:00,2026-04-19 19:06:54.822000+00:00,0.75,1.0986122886681098,0.549026497926486,0.7076253369170676,-0.6871405738328675,-0.1670540846631663,0.6407281223221433,0.10927187767785673,0.89805,4.478275,5.0,0.0,2.0,1.0,0.0,0.0,1.0,1.0,1.0,0.0,0.0,-1.0,-2.0,-2.0,0.0,0.0,0.0,0.0,0.0,0.0,0.0,0.72,3.168045,-0.1541506798272585,0.7261926852576195,no,away_yes,away_yes,2026-04-19 19:06:16.834803+00:00,0.25,7.6,0.09980000000000011,0.08113559204209178,-1.9998,,,,,april
1,True,824454,2026-04-17,0,49,3,2026-04-18 00:04:51.865000+00:00,2026-04-18 00:04:53.558741+00:00,2026-04-18 00:05:25.153000+00:00,0.67,0.708185057924486,0.5755833146489229,0.4597861787339256,0.4658717396337877,-0.0919342421876268,0.7800557076920636,-0.11005570769206352,1.953237,1.693741,6.0,1.0,0.0,0.0,0.0,0.0,1.0,1.0,0.0,0.0,0.0,0.0,0.0,-2.0,0.0,1.0,0.0,5.0,285.0,-0.6491228070175439,0.014696938456699027,0.7,4.523144,0.1391128024627174,0.711474629748144,yes,yes,home_yes,2026-04-18 00:04:57.426609+00:00,0.69,2.83,0.042400000000000215,0.0183732021872475,-1.9951,,,,,april
1,True,824456,2026-04-06,0,26,4,2026-04-06 23:05:55.662000+00:00,2026-04-06 23:05:57.456956+00:00,2026-04-06 23:06:34.462000+00:00,0.59,0.3639653772014115,0.4791862523233976,0.6469080405897503,-0.6887787513306312,-0.25507383120481214,0.4825721771985653,0.10742782280143465,0.550211,1.794956,4.0,0.0,2.0,0.0,0.0,0.0,1.0,0.0,1.0,0.0,0.0,-1.0,-1.0,-2.0,0.0,-1.0,1.0,7.0,303.0,-1.0,0.013093073414159556,0.54,4.727899,-0.203622727126232,0.5542661614934784,no,away_yes,away_yes,2026-04-06 23:05:58.849631+00:00,0.42,4.57,0.07800000000000007,0.039603641974803705,2.5726000000000004,,,,,april
1,True,824457,2026-04-07,1,16,3,2026-04-07 17:39:11.072000+00:00,2026-04-07 17:39:14.275976+00:00,2026-04-07 17:41:29.732000+00:00,0.34,-0.663294217410264,0.334738475827578,0.2687632536031431,0.3140757048326841,0.04489084051422165,0.402728450245053,-0.06272845024505297,1.358859,3.203976,3.0,0.0,1.0,-1.0,2.0,1.0,0.0,0.0,0.0,0.0,1.0,0.0,0.0,1.0,-1.0,0.0,0.0,0.0,0.0,0.0,0.0,0.34,3.858319,0.0,0.36594869300877403,yes,yes,home_yes,2026-04-07 17:39:14.860789+00:00,0.34,3.0,0.04719999999999991,0.030646079026322104,0.6215999999999997,profitable_reversal,2026-04-07 18:34:33.330911+00:00,0.58,0.051200000000000134,april
1,True,824457,2026-04-07,1,40,6,2026-04-07 18:32:41.916000+00:00,2026-04-07 18:32:43.137799+00:00,2026-04-07 18:34:09.643000+00:00,0.57,0.2818511521409875,0.45600071556207694,0.4259611946676508,0.12189519659693554,-0.16546106590267734,0.6385802701068617,-0.06858027010686174,0.319538,1.221799,5.0,1.0,2.0,0.0,0.0,0.0,1.0,1.0,0.0,0.0,0.0,0.0,-2.0,-2.0,0.0,1.0,0.0,2.0,5.0,1.0,0.0,0.55,4.992397,-0.08118045667883608,0.5976489139889852,yes,yes,home_yes,2026-04-07 18:32:45.019432+00:00,0.56,3.46,0.059699999999999864,0.07056524240188886,-0.049500000000000544,profitable_reversal,2026-04-07 18:34:33.330911+00:00,0.58,0.05900000000000016,april
1,True,824457,2026-04-07,1,41,3,2026-04-07 18:34:48.887000+00:00,2026-04-07 18:34:50.838566+00:00,2026-04-07 18:37:07.326000+00:00,0.61,0.44731221804366483,0.3732766060530047,0.45313049538322864,-0.3301555142284599,0.12453882578061398,0.49815447788972894,0.11184552211027105,0.005903,1.951566,6.0,0.0,0.0,0.0,0.0,0.0,0.0,0.0,0.0,1.0,-2.0,0.0,-1.0,-1.0,-1.0,-1.0,0.0,0.0,0.0,0.0,0.0,0.57,4.822053,-0.16546106590267734,0.5680454920316955,no,away_yes,away_yes,2026-04-07 18:34:50.845030+00:00,0.39,4.91,0.08179999999999987,0.12419663412437507,-1.9967,,,,,april
1,True,824458,2026-04-03,1,15,4,2026-04-03 20:48:03.805000+00:00,2026-04-03 20:48:05.453995+00:00,2026-04-03 20:48:36.754000+00:00,0.4,-0.4054651081081643,0.3018010582323173,0.42204445931362244,-0.5243497421059008,0.041847109935500504,0.2745493622681409,0.1254506377318591,0.441674,1.648995,3.0,0.0,1.0,-1.0,0.0,0.0,0.0,1.0,0.0,0.0,0.0,-1.0,-1.0,-2.0,0.0,1.0,-1.0,1.0,1.0,1.0,0.0,0.43,4.372196,0.12361395596717639,0.35302694357200526,no,away_yes,away_yes,2026-04-03 20:48:05.528543+00:00,0.58,3.34,0.05700000000000016,0.1666900084695024,-1.9942,,,,,april
1,True,824459,2026-04-05,0,39,4,2026-04-05 18:35:30.702000+00:00,2026-04-05 18:35:32.738545+00:00,2026-04-05 18:36:09.021000+00:00,0.61,0.44731221804366483,0.5306703450283524,0.4365321648563893,0.37808378939116105,0.08334684084225336,0.6774437899327534,-0.06744378993275346,1.727697,2.036545,6.0,1.0,0.0,0.0,0.0,0.0,0.0,1.0,0.0,0.0,0.0,0.0,-2.0,-1.0,0.0,1.0,0.0,1.0,5.0,-1.0,0.0,0.62,3.436982,0.042236007275040954,0.6368258482221302,yes,yes,home_yes,2026-04-05 18:35:34.650206+00:00,0.61,3.19,0.053200000000000136,0.03237445582859516,-1.9991,,,,,april
1,True,824525,2026-04-29,0,18,2,2026-04-29 23:18:39.524000+00:00,2026-04-29 23:18:43.972111+00:00,2026-04-29 23:19:21.475000+00:00,0.42,-0.3227733922630512,0.16366251487520994,0.19615372517688928,-0.22071636403734107,0.20944342148425704,0.32018251225113115,0.09981748774886884,1.375593,4.448111,2.0,1.0,2.0,-3.0,0.0,0.0,1.0,0.0,1.0,0.0,1.0,0.0,0.0,-1.0,0.0,-1.0,1.0,0.0,0.0,0.0,0.0,0.35,3.636329,-0.2962658161431723,0.3710619981136786,no,away_yes,away_yes,2026-04-29 23:18:44.012220+00:00,0.59,1.0,0.017000000000000015,0.021938001886321334,0.393,,,,,april
1,True,824529,2026-04-24,1,9,1,2026-04-24 23:10:17.696000+00:00,2026-04-24 23:10:20.043446+00:00,2026-04-24 23:10:38.823000+00:00,0.41,-0.3639653772014119,0.29280035512520697,0.4196307310020412,-0.5575325552271184,0.12558284811729387,0.25978606496873874,0.15021393503126124,1.663549,2.347446,2.0,0.0,1.0,-1.0,0.0,0.0,0.0,0.0,0.0,0.0,0.0,-1.0,0.0,0.0,0.0,0.0,0.0,4.0,140.0,1.0,0.0050000000000000044,0.41,4.125563,0.0,0.36058162843142627,no,away_yes,away_yes,2026-04-24 23:10:20.544103+00:00,0.61,3.19,0.053200000000000136,0.040644605303750095,-1.9991,,,,,april
1,True,824531,2026-04-14,1,20,4,2026-04-14 23:22:47.326000+00:00,2026-04-14 23:22:50.153537+00:00,2026-04-14 23:23:15.842000+00:00,0.68,0.7537718023763803,0.5948823944172872,0.45284057106516606,0.5733864177065513,0.0,0.7903701825537834,-0.11037018255378339,3.511759,2.827537,3.0,1.0,0.0,1.0,0.0,0.0,0.0,0.0,0.0,0.0,0.0,1.0,-2.0,-1.0,0.0,0.0,0.0,0.0,0.0,0.0,0.0,0.68,3.831602,0.0,0.7213062148615855,yes,yes,home_yes,2026-04-14 23:22:50.634702+00:00,0.68,2.87,0.04379999999999984,0.07474883665275049,0.11939999999999973,profitable_reversal,2026-04-14 23:55:42.444924+00:00,0.75,0.03770000000000007,april
1,True,824531,2026-04-14,1,36,3,2026-04-14 23:55:36.445000+00:00,2026-04-14 23:55:40.685385+00:00,2026-04-14 23:55:59.418000+00:00,0.75,1.0986122886681098,0.6363587100452508,0.7539202415143804,-0.5600363777935067,0.10398971352404784,0.6069682765978147,0.14303172340218528,0.13905,4.240385,5.0,0.0,2.0,1.0,0.0,0.0,0.0,0.0,0.0,0.0,0.0,-1.0,-2.0,0.0,0.0,0.0,0.0,0.0,0.0,0.0,0.0,0.74,3.622383,-0.05264373348542217,0.7211058826831059,no,away_yes,away_yes,2026-04-14 23:55:43.250530+00:00,0.25,7.6,0.09980000000000011,0.11979529160839475,-1.9998,,,,,april
1,True,824534,2026-04-10,0,30,5,2026-04-10 23:41:15.628000+00:00,2026-04-10 23:41:17.504289+00:00,2026-04-10 23:41:39.172000+00:00,0.2,-1.3862943611198906,0.06814488791997575,0.18883431320601063,-1.1579388485580666,-0.12062798778861472,0.08139030061345984,0.11860969938654017,0.098222,1.876289,4.0,0.0,2.0,-4.0,0.0,0.0,0.0,0.0,0.0,0.0,0.0,-2.0,-2.0,-2.0,-1.0,0.0,0.0,5.0,324.0,-1.0,0.01414213562373095,0.18,4.194747,-0.13005312824819804,0.16837711022333782,no,away_yes,away_yes,2026-04-10 23:41:19.159148+00:00,0.81,2.43,0.02619999999999978,0.02634362215728927,0.4355000000000002,,,,,april
1,True,824535,2026-04-11,1,55,3,2026-04-11 22:10:48.296000+00:00,2026-04-11 22:10:49.319242+00:00,2026-04-11 22:11:16.443000+00:00,0.81,1.4500101755059986,0.7415444399701234,0.6557741577933156,0.4094928299094508,0.06371581438610785,0.8576353384810786,-0.04763533848107859,1.878484,1.023242,6.0,0.0,2.0,2.0,0.0,0.0,0.0,1.0,0.0,0.0,1.0,0.0,-2.0,0.0,0.0,0.0,0.0,0.0,0.0,0.0,0.0,0.81,4.78162,0.0,0.8302816827008379,yes,yes,home_yes,2026-04-11 22:10:49.366532+00:00,0.81,2.43,0.02619999999999978,0.023084488963036214,0.4355000000000002,,,,,april
1,True,824608,2026-04-29,1,23,3,2026-04-29 18:04:32.505000+00:00,2026-04-29 18:04:36.131714+00:00,2026-04-29 18:05:09.546000+00:00,0.74,1.0459685551826876,0.6369259793136218,0.7524830924276761,-0.5498529151500354,0.05134598003862567,0.6093949565465467,0.13060504345345325,0.474507,3.626714,3.0,1.0,2.0,1.0,0.0,0.0,0.0,0.0,1.0,0.0,2.0,0.0,-2.0,0.0,-1.0,-1.0,1.0,0.0,0.0,0.0,0.0,0.69,4.493491,-0.24584925507057476,0.7002794511422078,no,away_yes,away_yes,2026-04-29 18:04:36.158132+00:00,0.23,8.25,0.10229999999999984,0.4728945280767858,0.8370999999999995,profitable_reversal,2026-04-29 18:45:07.177366+00:00,0.36,0.13310000000000022,april
1,True,824608,2026-04-29,1,44,5,2026-04-29 18:45:34.698000+00:00,2026-04-29 18:45:39.019010+00:00,2026-04-29 18:46:50.274000+00:00,0.66,0.6632942174102643,0.49941082235602,0.4629930395117264,0.14594232404004065,-0.23208982964457703,0.7391058491922055,-0.07910584919220542,1.083454,4.32101,6.0,1.0,1.0,0.0,0.0,0.0,0.0,0.0,1.0,0.0,1.0,0.0,-1.0,-2.0,-1.0,0.0,1.0,0.0,0.0,0.0,0.0,0.67,3.102765,0.044890840514221764,0.6939390038374811,yes,yes,home_yes,2026-04-29 18:45:42.121775+00:00,0.67,2.91,0.045099999999999696,0.02456250116707015,0.9152000000000002,,,,,april
1,True,824609,2026-04-27,1,58,3,2026-04-28 04:40:43.433000+00:00,2026-04-28 04:40:44.905708+00:00,2026-04-28 04:41:23.984000+00:00,0.26,-1.0459685551826876,0.16006118147220477,0.07164385344510985,0.9039351452613258,0.0,0.4645512212895568,-0.20455122128955677,0.669276,1.472708,7.0,1.0,0.0,-3.0,0.0,0.0,1.0,0.0,1.0,0.0,0.0,1.0,-1.0,-1.0,0.0,-1.0,1.0,0.0,0.0,0.0,0.0,0.26,3.580354,0.0,0.28577584600054173,yes,yes,home_yes,2026-04-28 04:40:48.486062+00:00,0.26,1.29,0.01739999999999997,0.015850841340698855,0.8137000000000003,profitable_reversal,2026-04-28 05:25:56.250623+00:00,0.91,0.007399999999999851,april
1,True,824609,2026-04-27,1,77,7,2026-04-28 05:26:20.422000+00:00,2026-04-28 05:26:23.722160+00:00,2026-04-28 05:27:34.586000+00:00,0.8,1.3862943611198908,0.8497500801522287,0.897962911244626,-0.4421501605542899,0.5389965007326873,0.5999238195965505,0.20007618040344954,0.338051,3.30016,9.0,0.0,1.0,2.0,0.0,0.0,1.0,0.0,1.0,0.0,0.0,0.0,-2.0,-2.0,1.0,-1.0,1.0,0.0,0.0,0.0,0.0,0.81,4.622097,0.06371581438610785,0.7716618012796209,no,away_yes,away_yes,2026-04-28 05:26:23.846495+00:00,0.2,9.46,0.10599999999999965,0.1620793598947864,-1.998,,,,,april
1,True,824610,2026-04-28,1,35,3,2026-04-29 00:54:58.055000+00:00,2026-04-29 00:54:59.984336+00:00,2026-04-29 00:55:32.950000+00:00,0.71,0.8953840470548413,0.7596114638411942,0.4448240562370713,1.3721568103282495,-0.04907756178600997,0.9102440491206036,-0.20024404912060367,4.198294,1.929336,4.0,1.0,2.0,2.0,0.0,0.0,0.0,0.0,0.0,0.0,0.0,2.0,0.0,-2.0,-1.0,0.0,0.0,0.0,0.0,0.0,0.0,0.71,4.021064,0.0,0.7630247126920428,yes,yes,home_yes,2026-04-29 00:55:00.747938+00:00,0.71,2.76,0.03980000000000028,0.10654820703003781,0.7605999999999997,,,,,april
1,True,824611,2026-04-24,1,72,2,2026-04-25 02:11:52.606000+00:00,2026-04-25 02:11:54.217358+00:00,2026-04-25 02:13:13.629000+00:00,0.76,1.1526795099383855,0.7522014063565067,0.8402785035991345,-0.5499139158552779,-0.0556316959861487,0.6589002700546728,0.10109972994532723,0.274902,1.611358,9.0,0.0,1.0,1.0,0.0,0.0,0.0,1.0,0.0,0.0,0.0,0.0,0.0,-1.0,0.0,1.0,0.0,0.0,0.0,0.0,0.0,0.77,4.017668,0.0556316959861487,0.7365414062255027,no,away_yes,away_yes,2026-04-25 02:11:56.111773+00:00,0.23,1.0,0.012399999999999994,0.021058593774497314,-0.2424,,,,,april
1,True,824612,2026-04-26,0,57,4,2026-04-26 19:54:25.594000+00:00,2026-04-26 19:54:28.026914+00:00,2026-04-26 19:56:57.474000+00:00,0.39,-0.4473122180436648,0.004978563008161241,0.003821141294766961,0.26575468739339403,0.04223600727504101,0.44428395972399704,-0.05428395972399702,4.265758,2.432914,9.0,0.0,1.0,0.0,0.0,0.0,0.0,0.0,1.0,0.0,1.0,0.0,-3.0,0.0,0.0,-1.0,1.0,0.0,0.0,0.0,0.0,0.32,3.493105,-0.3064595843327153,0.41276270028210965,yes,yes,home_yes,2026-04-26 19:54:31.520019+00:00,0.32,5.96,0.09079999999999999,0.4620656936813735,-1.998,,,,,april
1,True,824614,2026-04-16,0,10,7,2026-04-16 18:34:20.481000+00:00,2026-04-16 18:34:22.022036+00:00,2026-04-16 18:34:53.265000+00:00,0.41,-0.3639653772014119,0.42555401610974386,0.37343076942041775,0.21751245814753067,-0.08211422506042404,0.48392087270447387,-0.0739208727044739,3.680307,1.541036,2.0,0.0,2.0,0.0,0.0,0.0,0.0,1.0,0.0,0.0,1.0,0.0,-3.0,-2.0,0.0,0.0,0.0,1.0,11.18,1.0,0.0,0.44,3.890223,0.12280332038452382,0.4374110242129663,yes,yes,home_yes,2026-04-16 18:34:22.102698+00:00,0.41,4.68,0.07930000000000015,0.0489835933166822,0.6363999999999992,profitable_reversal,2026-04-16 20:20:52.658149+00:00,0.58,0.0799000000000003,april
1,True,824614,2026-04-16,0,57,5,2026-04-16 20:20:50.269000+00:00,2026-04-16 20:20:52.576550+00:00,2026-04-16 20:24:11.846000+00:00,0.58,0.32277339226305085,0.5229011652658319,0.6225545576220141,-0.40873643298858403,0.08161133544616261,0.4582041665431664,0.12179583345683354,0.615222,2.30755,7.0,0.0,1.0,1.0,0.0,0.0,1.0,1.0,0.0,0.0,0.0,0.0,-1.0,-2.0,0.0,1.0,0.0,0.0,0.0,0.0,0.0,0.6,3.570395,0.08269171584511337,0.5379889506368375,no,away_yes,away_yes,2026-04-16 20:20:52.666155+00:00,0.44,4.37,0.07539999999999991,0.02078828571702024,1.2218999999999995,profitable_reversal,2026-04-16 21:08:16.734181+00:00,0.75,0.05740000000000034,april
1,True,824617,2026-04-08,0,15,1,2026-04-08 18:46:30.257000+00:00,2026-04-08 18:46:34.053705+00:00,2026-04-08 18:47:09.799000+00:00,0.61,0.44731221804366483,0.6048879640454295,0.5063785763670617,0.4003582077625378,0.0,0.7000782329077097,-0.09007823290770967,0.498607,3.796705,2.0,1.0,1.0,1.0,0.0,0.0,1.0,0.0,0.0,0.0,0.0,1.0,0.0,0.0,1.0,0.0,-1.0,0.0,0.0,0.0,0.0,0.61,3.740204,0.0,0.6475122116527523,yes,yes,home_yes,2026-04-08 18:46:37.793909+00:00,0.61,3.19,0.053200000000000136,0.06646395517227974,-1.9991,,,,,april
1,True,824618,2026-04-07,0,25,3,2026-04-07 20:09:25.872000+00:00,2026-04-07 20:09:27.494399+00:00,2026-04-07 20:10:02.490000+00:00,0.58,0.32277339226305085,0.5726432593721058,0.4100472245874474,0.6564139732999256,0.0,0.7269469421509659,-0.14694694215096593,1.932213,1.622399,3.0,1.0,2.0,1.0,0.0,0.0,0.0,1.0,0.0,0.0,0.0,1.0,0.0,-2.0,-1.0,1.0,0.0,1.0,50.0,-1.0,0.0,0.58,3.935889,0.0,0.6319099822463872,yes,yes,home_yes,2026-04-07 20:09:30.821499+00:00,0.59,1.0,0.017000000000000015,0.024909982246387186,-0.607,,,,,april
1,True,824618,2026-04-07,0,26,8,2026-04-07 20:13:13.744000+00:00,2026-04-07 20:13:15.104539+00:00,2026-04-07 20:14:32.874000+00:00,0.67,0.708185057924486,0.7057882062258047,0.5698760392105432,0.5936698922738466,0.044890840514221764,0.7785030534945551,-0.10850305349455502,2.927501,1.360539,3.0,1.0,2.0,2.0,0.0,0.0,1.0,0.0,0.0,0.0,0.0,1.0,-2.0,-2.0,1.0,-1.0,0.0,2.0,22.0,-1.0,0.0,0.71,4.940271,0.18719898913035526,0.7190014069830337,yes,yes,home_yes,2026-04-07 20:13:15.723258+00:00,0.67,2.91,0.045099999999999696,0.0974940943206283,-1.9948,,,,,april
1,True,824619,2026-04-06,0,42,2,2026-04-07 01:08:03.197000+00:00,2026-04-07 01:08:07.063533+00:00,2026-04-07 01:08:45.247000+00:00,0.26,-1.0459685551826876,0.1526508082762065,0.11736362280610493,0.3036764449797811,-0.38267433777242366,0.41105209560552014,-0.15105209560552013,2.866807,3.866533,6.0,1.0,0.0,-2.0,0.0,0.0,1.0,0.0,0.0,0.0,0.0,0.0,0.0,-1.0,1.0,0.0,0.0,0.0,0.0,0.0,0.0,0.26,3.48617,0.0,0.2881692862966411,yes,yes,home_yes,2026-04-07 01:08:10.549703+00:00,0.26,1.0,0.013500000000000012,0.014669286296641104,-0.2735,,,,,april
1,True,824622,2026-04-04,1,27,1,2026-04-04 19:08:14.659000+00:00,2026-04-04 19:08:16.096680+00:00,2026-04-04 19:08:58.941000+00:00,0.4,-0.4054651081081643,0.2815889163875045,0.3535298848908056,-0.333034731254805,0.0,0.32333227465318826,0.07666772534681177,0.332354,1.43768,4.0,0.0,1.0,1.0,0.0,0.0,1.0,1.0,1.0,0.0,0.0,0.0,0.0,0.0,0.0,0.0,1.0,4.0,663.0,1.0,0.0,0.41,4.429503,0.04149973090675235,0.37540373759826984,no,away_yes,away_yes,2026-04-04 19:08:18.645238+00:00,0.58,3.34,0.05700000000000016,0.0919515164217787,-1.9942,,,,,april
1,True,824689,2026-04-23,1,9,3,2026-04-23 18:34:05.007000+00:00,2026-04-23 18:34:06.398313+00:00,2026-04-23 18:34:30.518000+00:00,0.36,-0.5753641449035618,0.4498558339879266,0.5796784232711447,-0.5227066313373927,0.043675063502661704,0.24199996693420772,0.11800003306579226,2.917186,1.391313,2.0,0.0,1.0,-1.0,0.0,0.0,0.0,0.0,0.0,0.0,0.0,-1.0,-1.0,-1.0,0.0,0.0,0.0,1.0,150.0,1.0,0.0,0.37,3.715759,0.04314733115625358,0.31561741338590976,no,away_yes,away_yes,2026-04-23 18:34:09.438162+00:00,0.61,1.0,0.016700000000000048,0.0576825866140902,0.027800000000000047,profitable_reversal,2026-04-23 20:55:52.424734+00:00,0.67,0.015499999999999958,april
1,True,824689,2026-04-23,1,82,6,2026-04-23 20:56:23.165000+00:00,2026-04-23 20:56:24.279291+00:00,2026-04-23 20:56:56.527000+00:00,0.41,-0.3639653772014119,0.005871568506004121,0.004569183226007634,0.25209656161880556,-0.04119198493836074,0.4823381437901169,-0.07233814379011694,0.076595,1.114291,9.0,0.0,1.0,0.0,0.0,0.0,1.0,0.0,1.0,0.0,1.0,0.0,-2.0,-2.0,0.0,-1.0,1.0,2.0,15.239999999999998,0.46719160104986884,0.014999999999999986,0.39,4.00748,-0.08334684084225286,0.4417678713596024,yes,yes,home_yes,2026-04-23 20:56:24.284903+00:00,0.41,4.68,0.07930000000000015,0.0693736379629391,2.6818999999999997,,,,,april
1,True,824690,2026-04-21,1,25,4,2026-04-22 00:29:40.200000+00:00,2026-04-22 00:29:41.679384+00:00,2026-04-22 00:32:15.616000+00:00,0.57,0.2818511521409875,0.5151439501565912,0.6142393627308479,-0.4045732933066982,-0.04092224012206336,0.47956142006106683,0.09043857993893312,2.242617,1.479384,4.0,0.0,0.0,0.0,0.0,0.0,0.0,0.0,0.0,1.0,-2.0,0.0,-2.0,-1.0,-1.0,-1.0,-1.0,0.0,0.0,0.0,0.0,0.56,4.421291,-0.040689095324099256,0.5348653410051862,no,away_yes,away_yes,2026-04-22 00:29:43.573850+00:00,0.44,4.37,0.07539999999999991,0.03443845980733623,-1.9982,,,,,april
1,True,824690,2026-04-21,1,47,2,2026-04-22 01:16:10.554000+00:00,2026-04-22 01:16:13.563340+00:00,2026-04-22 01:16:43.688000+00:00,0.53,0.12014431184206341,0.4729874317373385,0.715573364819076,-1.030764362883244,0.0,0.28687297238533055,0.24312702761466948,1.679775,3.00934,6.0,0.0,1.0,0.0,0.0,0.0,0.0,0.0,0.0,0.0,0.0,-1.0,0.0,-1.0,0.0,0.0,0.0,0.0,0.0,0.0,0.0,0.6,3.60724,0.2853207962661008,0.4924877024709234,no,away_yes,away_yes,2026-04-22 01:16:18.189862+00:00,0.44,4.37,0.07539999999999991,0.21962874020206513,-1.9982,,,,,april
1,True,824691,2026-04-19,1,30,4,2026-04-19 19:21:32.632000+00:00,2026-04-19 19:21:35.512028+00:00,2026-04-19 19:22:01.597000+00:00,0.43,-0.2818511521409879,0.28800312562581265,0.2631597696357403,0.12450755954785353,-0.24184581752728862,0.5211129943953592,-0.09111299439535919,0.223682,2.880028,5.0,0.0,2.0,-1.0,0.0,0.0,0.0,0.0,0.0,0.0,1.0,0.0,-2.0,-1.0,0.0,0.0,0.0,0.0,0.0,0.0,0.0,0.43,4.493811,0.0,0.454872991975403,yes,yes,home_yes,2026-04-19 19:21:35.587084+00:00,0.43,4.47,0.07669999999999999,0.03448227413005138,2.4711999999999996,,,,,april
1,True,824691,2026-04-19,1,41,2,2026-04-19 19:43:47.393000+00:00,2026-04-19 19:43:48.445812+00:00,2026-04-19 19:44:19.263000+00:00,0.43,-0.2818511521409879,0.2384974995004194,0.20967464794854362,0.16595303490232305,-0.4019954639830513,0.5710404314828122,-0.14104043148281226,0.59816,1.052812,6.0,1.0,1.0,-1.0,0.0,0.0,1.0,0.0,0.0,0.0,0.0,0.0,-1.0,0.0,1.0,0.0,0.0,4.0,81.0,-1.0,0.0206155281280883,0.41,3.833511,-0.08211422506042404,0.4591686713701115,yes,yes,home_yes,2026-04-19 19:43:52.018011+00:00,0.41,4.68,0.07930000000000015,0.15080938201212188,2.6818999999999997,,,,,april
1,True,824693,2026-04-17,1,14,1,2026-04-17 18:46:58.548000+00:00,2026-04-17 18:46:59.745042+00:00,2026-04-17 18:47:35.884000+00:00,0.67,0.708185057924486,0.6906138188785824,0.8302996054473059,-0.7847615877887267,0.08914584951826243,0.45866396596235237,0.21133603403764767,0.376249,1.197042,2.0,0.0,0.0,3.0,0.0,0.0,0.0,1.0,1.0,0.0,0.0,-1.0,0.0,0.0,-1.0,0.0,1.0,3.0,79.84,1.0,0.004714045207910321,0.69,3.21284,0.0919342421876268,0.641693738290847,no,away_yes,away_yes,2026-04-17 18:47:00.818816+00:00,0.32,5.0,0.07619999999999982,0.11533130854576529,-1.6762,,,,,april
1,True,824694,2026-04-18,1,15,6,2026-04-18 18:49:37.610000+00:00,2026-04-18 18:49:39.046836+00:00,2026-04-18 18:50:00.117000+00:00,0.56,0.24116205681688824,0.49501674501663157,0.36618723555060195,0.528675131508888,-0.12280332038452324,0.7094347801619102,-0.14943478016191014,0.902032,1.436836,2.0,1.0,0.0,0.0,0.0,0.0,0.0,0.0,0.0,0.0,0.0,1.0,-3.0,-2.0,0.0,0.0,0.0,0.0,0.0,0.0,0.0,0.57,4.934553,0.040689095324099256,0.6064296820362018,yes,yes,home_yes,2026-04-18 18:49:43.309799+00:00,0.57,3.4,0.05840000000000023,0.06546091892308621,1.4036,,,,,april
1,True,824695,2026-04-10,0,40,4,2026-04-10 19:51:03.894000+00:00,2026-04-10 19:51:05.831331+00:00,2026-04-10 19:51:35.852000+00:00,0.72,0.9444616088408513,0.4790054333456306,0.43652386406896376,0.17125426510372244,-0.20821790109753424,0.7898354396634845,-0.06983543966348449,0.552475,1.937331,6.0,1.0,0.0,0.0,0.0,0.0,1.0,0.0,0.0,0.0,0.0,0.0,-2.0,-1.0,1.0,0.0,0.0,0.0,0.0,0.0,0.0,0.71,4.436639,-0.04907756178600997,0.7438947090428063,yes,yes,home_yes,2026-04-10 19:51:09.021721+00:00,0.72,2.72,0.03839999999999977,0.02659360859643345,-1.9968,,,,,april
1,True,824696,2026-04-12,1,14,2,2026-04-12 18:45:03.961000+00:00,2026-04-12 18:45:05.087990+00:00,2026-04-12 18:45:30.297000+00:00,0.16,-1.6582280766035322,0.06090077241678893,0.2851297345882018,-1.8165184958244383,0.07637297878457416,0.027892201968499473,0.13210779803150052,3.324053,1.12699,2.0,0.0,2.0,-5.0,0.0,0.0,0.0,0.0,0.0,0.0,0.0,-4.0,-1.0,0.0,-1.0,-1.0,-1.0,0.0,0.0,0.0,0.0,0.17,3.865023,0.07260081286315057,0.1329932312349912,no,away_yes,away_yes,2026-04-12 18:45:07.515550+00:00,0.84,2.35,0.022199999999999998,0.041265906597770796,-1.9962,,,,,april
1,True,824697,2026-04-11,0,59,2,2026-04-11 20:22:03.192000+00:00,2026-04-11 20:22:04.228969+00:00,2026-04-11 20:22:39.514000+00:00,0.28,-0.9444616088408512,0.21791717552051065,0.14282896459521466,0.514144023815388,0.10150694634183643,0.3700914456850364,-0.09009144568503635,0.330558,1.036969,7.0,1.0,0.0,-2.0,0.0,0.0,1.0,1.0,0.0,0.0,0.0,0.0,0.0,-1.0,0.0,1.0,0.0,1.0,4.0,1.0,0.0,0.35,3.263054,0.32542240043462767,0.3064898866916239,yes,yes,home_yes,2026-04-11 20:22:04.299625+00:00,0.27,7.04,0.09719999999999995,0.15968880230903226,3.1167,profitable_reversal,2026-04-11 21:46:10.993655+00:00,0.74,0.09489999999999998,april
1,True,824697,2026-04-11,0,92,6,2026-04-11 21:46:39.671000+00:00,2026-04-11 21:46:42.517156+00:00,2026-04-11 21:47:26.357000+00:00,0.43,-0.2818511521409879,0.0013515888825486044,0.007269857994050999,-1.688399816872221,0.0,0.12236193283422254,0.30763806716577746,0.069756,2.846156,11.0,0.0,2.0,-1.0,0.0,0.0,1.0,0.0,1.0,0.0,0.0,-1.0,-1.0,-2.0,0.0,-1.0,1.0,0.0,0.0,0.0,0.0,0.42,4.344459,-0.0409222401220633,0.3827512716937569,no,away_yes,away_yes,2026-04-11 21:46:45.695027+00:00,0.58,3.34,0.05700000000000016,0.06741075254285196,1.3457999999999999,,,,,april
1,True,824770,2026-04-23,0,24,1,2026-04-23 23:00:18.454000+00:00,2026-04-23 23:00:19.768444+00:00,2026-04-23 23:00:51.047000+00:00,0.31,-0.8001193001121131,0.29606744134427754,0.39369149158485695,-0.43427392343134885,0.0,0.22541343394805122,0.08458656605194878,0.623731,1.314444,4.0,0.0,0.0,1.0,0.0,0.0,1.0,1.0,1.0,0.0,0.0,0.0,0.0,0.0,0.0,0.0,1.0,2.0,5.0,-1.0,0.0050000000000000044,0.32,3.97148,0.04634749773573299,0.278835989777921,no,away_yes,away_yes,2026-04-23 23:00:21.926110+00:00,0.7,2.79,0.041100000000000136,0.017947588519600363,0.7959,,,,,april
1,True,824770,2026-04-23,0,51,3,2026-04-23 23:56:07.230000+00:00,2026-04-23 23:56:08.807095+00:00,2026-04-23 23:57:36.765000+00:00,0.29,-0.8953840470548413,0.06443433559522704,0.14013077697532061,-0.861300478986109,0.3129271588696929,0.11208567881649643,0.17791432118350353,0.105843,1.577095,7.0,0.0,2.0,-2.0,0.0,0.0,0.0,1.0,1.0,0.0,0.0,-1.0,0.0,-2.0,-1.0,0.0,1.0,2.0,30.0,1.0,0.0,0.27,4.572518,-0.09923852808922062,0.23616000543764457,no,away_yes,away_yes,2026-04-23 23:56:09.564114+00:00,0.74,2.65,0.035700000000000065,0.02747598559024178,0.6533,,,,,april
1,True,824773,2026-04-21,0,8,2,2026-04-21 23:03:35.988000+00:00,2026-04-21 23:03:37.597601+00:00,2026-04-21 23:04:02.466000+00:00,0.42,-0.3227733922630512,0.27685705278812744,0.3964339504957288,-0.5397595657521606,-0.0409222401220633,0.30542185620063134,0.11457814379936865,0.948841,1.609601,2.0,0.0,0.0,-1.0,0.0,0.0,0.0,0.0,0.0,0.0,0.0,-1.0,-1.0,0.0,0.0,0.0,0.0,1.0,9.0,-1.0,0.0,0.41,4.334163,-0.04119198493836074,0.37307487071087764,no,away_yes,away_yes,2026-04-21 23:03:39.893905+00:00,0.6,1.0,0.016800000000000037,0.010125129289122348,0.3832,,,,,april
1,True,824776,2026-04-20,1,15,2,2026-04-20 15:37:13.220000+00:00,2026-04-20 15:37:14.990804+00:00,2026-04-20 15:38:03.985000+00:00,0.67,0.708185057924486,0.6374337211132715,0.5165280834842062,0.49810657857947194,0.044890840514221764,0.7615871535904387,-0.09158715359043867,0.851564,1.770804,2.0,1.0,1.0,1.0,0.0,0.0,1.0,1.0,0.0,0.0,0.0,1.0,0.0,-1.0,0.0,1.0,-1.0,5.0,134.39999999999998,1.0,0.0040000000000000036,0.66,4.860849,-0.044890840514221764,0.7074542158899996,yes,yes,home_yes,2026-04-20 15:37:16.633039+00:00,0.66,2.95,0.046399999999999775,0.09358993687549888,0.9566000000000001,,,,,april
1,True,824776,2026-04-20,1,65,3,2026-04-20 17:39:38.685000+00:00,2026-04-20 17:39:40.423690+00:00,2026-04-20 17:40:28.442000+00:00,0.89,2.0907410969337694,0.8327634970588504,0.5013204967426782,1.600058689658937,0.0,0.9756554093895315,-0.08565540938953153,0.258085,1.73869,7.0,1.0,2.0,2.0,0.0,0.0,0.0,1.0,0.0,0.0,1.0,2.0,0.0,-2.0,-1.0,0.0,-1.0,4.0,83.01,-1.0,0.007071067811865481,0.84,4.645842,-0.4325130203302372,0.9112035227662533,yes,yes,home_yes,2026-04-20 17:39:44.888640+00:00,0.83,2.38,0.023600000000000287,0.16966438418368257,0.3809999999999998,,,,,april
1,True,824778,2026-04-17,1,37,6,2026-04-18 00:31:52.453000+00:00,2026-04-18 00:31:53.495481+00:00,2026-04-18 00:32:41.662000+00:00,0.64,0.5753641449035619,0.46987391675486406,0.37199183874303254,0.4030307721683779,0.0,0.7267896167342625,-0.08678961673426244,0.973729,1.042481,6.0,1.0,0.0,0.0,0.0,0.0,0.0,1.0,0.0,0.0,0.0,0.0,-3.0,-2.0,0.0,1.0,0.0,5.0,110.0,1.0,0.004898979485566361,0.67,4.844807,0.13282091302092414,0.6814767550751201,yes,yes,home_yes,2026-04-18 00:31:53.941077+00:00,0.64,3.04,0.04909999999999992,0.07698933542836503,1.0453000000000001,,,,,april
1,True,824779,2026-04-08,1,26,2,2026-04-08 18:26:49.315000+00:00,2026-04-08 18:26:50.950663+00:00,2026-04-08 18:27:40.261000+00:00,0.79,1.3249254147435987,0.8051388568844754,0.6951544007596652,0.5943989734172799,0.0,0.8720630752434042,-0.08206307524340417,3.117915,1.635663,3.0,1.0,1.0,2.0,0.0,0.0,1.0,1.0,1.0,0.0,0.0,1.0,0.0,-1.0,0.0,0.0,0.0,0.0,0.0,0.0,0.0,0.79,3.580686,0.0,0.8218230455395843,yes,yes,home_yes,2026-04-08 18:26:52.283034+00:00,0.8,1.0,0.011199999999999988,0.010623045539584264,0.18879999999999997,,,,,april
1,True,824781,2026-04-05,0,41,2,2026-04-05 19:05:03.424000+00:00,2026-04-05 19:05:04.935066+00:00,2026-04-05 19:05:33.718000+00:00,0.31,-0.8001193001121131,0.1622861246853987,0.5749719547974042,-1.9434817353962635,-0.04634749773573299,0.0631356131619622,0.2468643868380378,2.070812,1.511066,5.0,0.0,2.0,-2.0,0.0,0.0,0.0,0.0,0.0,0.0,0.0,-3.0,0.0,-1.0,-1.0,-1.0,0.0,3.0,113.0,0.9469026548672567,0.004714045207910321,0.31,4.807481,0.0,0.2655113314466884,no,away_yes,away_yes,2026-04-05 19:05:05.718991+00:00,0.71,2.76,0.03980000000000028,0.027788725207139917,0.7605999999999997,,,,,april
1,True,824781,2026-04-05,0,64,5,2026-04-05 19:57:30.354000+00:00,2026-04-05 19:57:31.846099+00:00,2026-04-05 19:57:57.181000+00:00,0.25,-1.0986122886681098,0.08148327258069143,0.25711760592990485,-1.3613582052788757,0.10969891725642444,0.07111613923251887,0.17888386076748114,0.264416,1.492099,8.0,0.0,0.0,-1.0,0.0,0.0,0.0,0.0,0.0,0.0,0.0,-1.0,-2.0,-2.0,0.0,0.0,0.0,1.0,73.0,1.0,0.0,0.24,4.910477,-0.054067221270275745,0.2124914404140485,no,away_yes,away_yes,2026-04-05 19:57:35.025760+00:00,0.75,2.62,0.034399999999999986,0.06387242611519282,0.6206,,,,,april
1,True,824782,2026-04-04,0,32,5,2026-04-04 21:26:03.812000+00:00,2026-04-04 21:26:05.488521+00:00,2026-04-04 21:26:32.422000+00:00,0.4,-0.4054651081081643,0.30118840248554674,0.40899785983640535,-0.47353546832799864,-0.08269171584511309,0.3108156425384127,0.08918435746158732,0.835334,1.676521,4.0,1.0,2.0,-1.0,0.0,0.0,0.0,0.0,0.0,0.0,2.0,0.0,0.0,-2.0,-1.0,0.0,0.0,1.0,1059.0,1.0,0.0,0.39,4.440156,-0.041847109935500504,0.3486726063851818,no,away_yes,away_yes,2026-04-04 21:26:06.339248+00:00,0.61,3.19,0.053200000000000136,0.07863438563126987,1.1908999999999998,,,,,april
1,True,824783,2026-04-06,0,38,6,2026-04-07 00:10:34.957000+00:00,2026-04-07 00:10:36.036969+00:00,2026-04-07 00:11:20.217000+00:00,0.44,-0.2411620568168881,0.264444216818412,0.38062763035533753,-0.536110943274212,-0.08081940674170873,0.332598980283749,0.10740101971625099,0.423969,1.079969,4.0,0.0,1.0,0.0,0.0,0.0,1.0,1.0,1.0,0.0,0.0,-1.0,-3.0,-2.0,0.0,0.0,0.0,7.0,1261.0,1.0,0.006998542122237658,0.46,3.167271,0.08081940674170873,0.4001767201729396,no,away_yes,away_yes,2026-04-07 00:10:36.360944+00:00,0.57,3.4,0.05840000000000023,0.04299915141200532,1.4036,,,,,april
1,True,824786,2026-04-03,1,19,3,2026-04-03 19:00:08.985000+00:00,2026-04-03 19:00:12.036802+00:00,2026-04-03 19:00:52.041000+00:00,0.65,0.6190392084062236,0.6614836145207268,0.5134655934344059,0.6160373144036629,-0.04425500900404067,0.7823359668647918,-0.13233596686479177,1.529212,3.051802,3.0,1.0,1.0,1.0,0.0,0.0,0.0,1.0,0.0,0.0,0.0,1.0,0.0,-2.0,0.0,0.0,0.0,0.0,0.0,0.0,0.0,0.67,3.906419,0.08914584951826243,0.6992327549113625,yes,yes,home_yes,2026-04-03 19:00:13.866403+00:00,0.66,2.95,0.046399999999999775,0.06933662698851951,0.9566000000000001,,,,,april
1,True,824786,2026-04-03,1,44,1,2026-04-03 19:54:11.882000+00:00,2026-04-03 19:54:13.224164+00:00,2026-04-03 19:54:40.997000+00:00,0.71,0.8953840470548413,0.6879406963713547,0.40523484184949515,1.1742092715801513,0.048086186667637865,0.8830367598783352,-0.17303675987833522,0.206605,1.342164,6.0,1.0,1.0,1.0,0.0,0.0,0.0,0.0,0.0,0.0,0.0,1.0,0.0,0.0,0.0,0.0,0.0,3.0,42.0,1.0,0.004714045207910321,0.71,3.602563,0.0,0.7452184319255107,yes,yes,home_yes,2026-04-03 19:54:14.528488+00:00,0.7,2.79,0.041100000000000136,0.08505942507217495,0.7959,,,,,april
1,True,824852,2026-04-26,0,34,5,2026-04-26 18:53:31.602000+00:00,2026-04-26 18:53:32.828616+00:00,2026-04-26 18:53:59.354000+00:00,0.24,-1.1526795099383855,0.11402364849279467,0.27858829252581363,-1.0988094299271043,0.0,0.09522110936487642,0.14477889063512356,0.664861,1.226616,5.0,0.0,2.0,-3.0,0.0,0.0,0.0,0.0,0.0,0.0,0.0,-2.0,-2.0,-2.0,-1.0,0.0,0.0,2.0,116.0,0.3103448275862069,0.009999999999999995,0.2,3.291565,-0.23361485118150505,0.20193161598368278,no,away_yes,away_yes,2026-04-26 18:53:33.429553+00:00,0.77,1.0,0.012399999999999967,0.015668384016317205,0.037699999999999956,profitable_reversal,2026-04-26 18:54:48.576438+00:00,0.83,0.00990000000000002,april
1,True,824852,2026-04-26,0,36,2,2026-04-26 18:58:08.898000+00:00,2026-04-26 18:58:17.080845+00:00,2026-04-26 18:58:35.957000+00:00,0.3,-0.8472978603872036,0.19480340172830768,0.11245923316661025,0.6467680553052686,-0.13911280246271795,0.4846505739398194,-0.18465057393981943,3.006772,8.182845,5.0,1.0,0.0,-2.0,0.0,0.0,0.0,0.0,0.0,0.0,0.0,1.0,0.0,-1.0,0.0,0.0,0.0,0.0,0.0,0.0,0.0,0.3,4.794126,0.0,0.3260467396252096,yes,yes,home_yes,2026-04-26 18:58:17.954486+00:00,0.3,6.35,0.09340000000000015,0.07199679662008074,-1.9984,,,,,april
1,True,824853,2026-04-14,0,9,1,2026-04-14 22:51:33.771000+00:00,2026-04-14 22:51:39.700488+00:00,2026-04-14 22:51:59.302000+00:00,0.6,0.4054651081081642,0.5311606247102643,0.44291687403760005,0.3541366021732037,-0.041847109935500615,0.690284312488685,-0.09028431248868507,0.830745,5.929488,2.0,0.0,2.0,0.0,0.0,0.0,0.0,0.0,0.0,0.0,2.0,0.0,0.0,0.0,-1.0,0.0,0.0,0.0,0.0,0.0,0.0,0.63,4.033352,0.126751705639144,0.6242016573217934,yes,yes,home_yes,2026-04-14 22:51:40.988953+00:00,0.6,3.0,0.05040000000000022,0.022204971965380182,-1.8504,,,,,april
1,True,824855,2026-04-15,0,16,2,2026-04-15 17:07:01.749000+00:00,2026-04-15 17:07:03.186920+00:00,2026-04-15 17:07:35.427000+00:00,0.63,0.5322168137473082,0.6103665746269029,0.4738029071669604,0.5537377727180447,-0.08682239465891539,0.7636466012634806,-0.1336466012634806,1.203662,1.43792,2.0,1.0,2.0,1.0,0.0,0.0,0.0,1.0,0.0,0.0,0.0,1.0,-1.0,0.0,0.0,0.0,0.0,2.0,6.0,-1.0,0.0050000000000000044,0.68,4.740974,0.22155498862907208,0.6702072587529437,yes,yes,home_yes,2026-04-15 17:07:05.580162+00:00,0.63,3.09,0.05050000000000021,0.07374042954659592,-0.2265000000000006,profitable_reversal,2026-04-15 18:13:48.591550+00:00,0.59,0.052400000000000224,april
1,True,824855,2026-04-15,0,51,2,2026-04-15 18:14:11.072000+00:00,2026-04-15 18:14:12.413777+00:00,2026-04-15 18:14:47.639000+00:00,0.64,0.5753641449035619,0.3609715701282705,0.4918205840592742,-0.5384291596841518,0.2935129927625744,0.4362050950202553,0.20379490497974473,0.96002,1.341777,6.0,0.0,2.0,0.0,0.0,0.0,0.0,1.0,0.0,0.0,1.0,-1.0,0.0,-1.0,-1.0,1.0,-1.0,2.0,116.0,-1.0,0.0,0.6,4.497945,-0.1698990367953977,0.5793751365740797,no,away_yes,away_yes,2026-04-15 18:14:12.618780+00:00,0.35,5.46,0.08700000000000019,0.29861175430552483,0.04039999999999977,profitable_reversal,2026-04-15 18:17:10.486687+00:00,0.39,0.09100000000000019,april
1,True,824856,2026-04-13,1,17,3,2026-04-13 23:09:06.789000+00:00,2026-04-13 23:09:08.211612+00:00,2026-04-13 23:09:29.398000+00:00,0.33,-0.7081850579244856,0.19368567815196325,0.29149798328386445,-0.538117196353599,-0.0891458495182621,0.2391843651398407,0.09081563486015931,2.442275,1.422612,3.0,0.0,1.0,-2.0,0.0,0.0,0.0,0.0,0.0,0.0,0.0,-1.0,-1.0,-1.0,0.0,0.0,0.0,2.0,11.0,-1.0,0.0,0.34,4.84676,0.04489084051422165,0.2960117405516065,no,away_yes,away_yes,2026-04-13 23:09:09.610246+00:00,0.66,2.95,0.046399999999999775,0.08336536537276096,-1.9934,,,,,april
1,True,824857,2026-04-11,1,28,5,2026-04-12 00:21:52.394000+00:00,2026-04-12 00:21:54.570138+00:00,2026-04-12 00:23:09.039000+00:00,0.56,0.24116205681688824,0.45081419671685874,0.5381744230726548,-0.3503769831997085,-0.12280332038452324,0.5033970462301084,0.05660295376989166,1.757526,2.176138,4.0,0.0,1.0,1.0,0.0,0.0,1.0,1.0,1.0,0.0,0.0,0.0,-2.0,-2.0,0.0,0.0,1.0,3.0,7.0,-1.0,0.004714045207910268,0.5,4.678831,-0.24116205681688824,0.538973919014003,no,away_yes,away_yes,2026-04-12 00:21:54.856688+00:00,0.44,2.0,0.034499999999999975,0.0075521619719939315,-0.9145,,,,,april
1,True,824860,2026-04-01,1,15,1,2026-04-01 16:59:37.240000+00:00,2026-04-01 16:59:44.423368+00:00,2026-04-01 17:00:06.747000+00:00,0.67,0.708185057924486,0.5723918822709283,0.5262604802601953,0.18647803674393848,-0.1391128024627174,0.7376472771103402,-0.06764727711034013,1.759908,7.183368,2.0,1.0,2.0,1.0,0.0,0.0,1.0,0.0,0.0,0.0,1.0,1.0,0.0,0.0,0.0,0.0,-1.0,0.0,0.0,0.0,0.0,0.67,4.856262,0.0,0.6920894555225305,yes,yes,home_yes,2026-04-01 16:59:44.453623+00:00,0.67,2.91,0.045099999999999696,0.019180315570564058,0.9152000000000002,,,,,april
1,True,824929,2026-04-30,0,17,3,2026-04-30 16:45:53.870000+00:00,2026-04-30 16:45:59.772500+00:00,2026-04-30 16:46:36.295000+00:00,0.74,1.0459685551826876,0.7329738542941245,0.6066812166338548,0.5763804162916261,-0.16234265074184662,0.8562752199835186,-0.11627521998351864,0.595008,5.9025,2.0,1.0,1.0,1.0,0.0,0.0,1.0,1.0,0.0,0.0,0.0,1.0,-1.0,-1.0,0.0,0.0,0.0,0.0,0.0,0.0,0.0,0.75,3.742007,0.05264373348542217,0.7727585223597438,yes,yes,home_yes,2026-04-30 16:46:01.592302+00:00,0.75,2.62,0.034399999999999986,0.0252273285825289,-1.9994,,,,,april
1,True,824930,2026-04-29,1,34,1,2026-04-30 00:20:24.846000+00:00,2026-04-30 00:20:27.140572+00:00,2026-04-30 00:20:52.872000+00:00,0.43,-0.2818511521409879,0.27148605637002804,0.39113001664684144,-0.5445312605610899,-0.12150850206580852,0.33073250632035045,0.09926749367964954,0.208326,2.294572,4.0,1.0,2.0,-1.0,0.0,0.0,0.0,0.0,0.0,0.0,2.0,0.0,0.0,0.0,-1.0,0.0,0.0,0.0,0.0,0.0,0.0,0.43,3.874573,0.0,0.3673330361768879,no,away_yes,away_yes,2026-04-30 00:20:30.057268+00:00,0.6,3.24,0.05449999999999999,0.05134096278688349,-1.9985,,,,,april
1,True,824932,2026-04-24,1,22,5,2026-04-24 23:55:46.810000+00:00,2026-04-24 23:55:48.422969+00:00,2026-04-24 23:58:17.961000+00:00,0.42,-0.3227733922630512,0.37952343097502367,0.3183462604418601,0.2698106500897452,-0.0409222401220633,0.49698991085241234,-0.07698991085241236,0.07247,1.612969,3.0,1.0,0.0,-2.0,0.0,0.0,0.0,0.0,0.0,0.0,-2.0,0.0,-2.0,-2.0,-1.0,-1.0,0.0,0.0,0.0,0.0,0.0,0.42,3.336569,0.0,0.44134114152382564,yes,yes,home_yes,2026-04-24 23:55:51.632785+00:00,0.42,4.57,0.07800000000000007,0.01952901676388319,-0.020099999999999563,profitable_reversal,2026-04-25 00:31:41.507770+00:00,0.45,0.07919999999999972,april
1,True,824932,2026-04-24,1,39,3,2026-04-25 00:31:37.288000+00:00,2026-04-25 00:31:39.191457+00:00,2026-04-25 00:31:56.488000+00:00,0.43,-0.2818511521409879,0.380410112768225,0.5165947713319542,-0.5542113467300038,-0.08118045667883664,0.3197584601109945,0.11024153988900548,0.613953,1.903457,5.0,0.0,0.0,-1.0,0.0,0.0,0.0,0.0,0.0,0.0,0.0,-1.0,-2.0,0.0,0.0,0.0,0.0,1.0,106.0,1.0,0.0,0.45,4.506114,0.08118045667883664,0.3827203434742923,no,away_yes,away_yes,2026-04-25 00:31:42.353619+00:00,0.56,3.46,0.059699999999999864,0.13848761157894862,-1.9973,,,,,april
1,True,824933,2026-04-25,0,30,4,2026-04-26 01:09:07.146000+00:00,2026-04-26 01:09:08.148171+00:00,2026-04-26 01:09:49.162000+00:00,0.58,0.32277339226305085,0.5716506597662195,0.5584262014652915,0.05381167940452808,-0.7231951629196367,0.7502189259115397,-0.17021892591153975,0.378248,1.002171,4.0,1.0,1.0,-1.0,0.0,0.0,1.0,0.0,1.0,0.0,1.0,1.0,0.0,-2.0,0.0,-1.0,0.0,3.0,78.0,1.0,0.04988876515698588,0.54,3.795677,-0.16243074218787137,0.6036193069572137,yes,yes,home_yes,2026-04-26 01:09:10.019076+00:00,0.56,3.46,0.059699999999999864,0.09122280207195924,-1.9973,,,,,april
1,True,824933,2026-04-25,0,31,4,2026-04-26 01:11:15.647000+00:00,2026-04-26 01:11:23.608697+00:00,2026-04-26 01:11:58.532000+00:00,0.69,0.8001193001121129,0.6942572427963851,0.578843898734597,0.5020691885538263,-0.0471785602750906,0.7940261291821615,-0.10402612918216159,0.488485,7.961697,4.0,1.0,1.0,0.0,0.0,0.0,0.0,1.0,1.0,0.0,0.0,1.0,-2.0,-1.0,-1.0,1.0,0.0,0.0,0.0,0.0,0.0,0.7,4.924489,0.0471785602750906,0.7264706026838548,yes,yes,home_yes,2026-04-26 01:11:25.220915+00:00,0.59,3.29,0.05580000000000007,0.3931882828298822,-1.9969,,,,,april
1,True,824935,2026-04-14,1,55,5,2026-04-15 01:18:33.862000+00:00,2026-04-15 01:18:39.414707+00:00,2026-04-15 01:21:01.703000+00:00,0.3,-0.8472978603872036,0.11090441742525614,0.1898536968310356,-0.6305749269331526,-0.09352605801082348,0.2003118031744288,0.0996881968255712,0.855032,5.552707,8.0,0.0,0.0,-1.0,0.0,0.0,0.0,0.0,0.0,1.0,-2.0,0.0,-2.0,-2.0,0.0,-1.0,0.0,0.0,0.0,0.0,0.0,0.3,4.3752,0.0,0.2717518799705432,no,away_yes,away_yes,2026-04-15 01:18:41.204106+00:00,0.7,2.79,0.041100000000000136,0.037712254882184534,-1.9941,,,,,april
1,True,824936,2026-04-15,1,36,2,2026-04-16 00:29:08.759000+00:00,2026-04-16 00:29:12.933215+00:00,2026-04-16 00:32:32.947000+00:00,0.75,1.0986122886681098,0.8231372574946586,0.62148231431753,1.0419043415284506,-0.10969891725642444,0.9046691261595049,-0.1546691261595049,1.639871,4.174215,5.0,1.0,0.0,2.0,0.0,0.0,0.0,0.0,0.0,0.0,-1.0,0.0,0.0,-1.0,-1.0,-1.0,-1.0,0.0,0.0,0.0,0.0,0.69,4.17655,-0.29849298855599693,0.7890876510098704,yes,yes,home_yes,2026-04-16 00:29:16.605506+00:00,0.71,2.76,0.03980000000000028,0.1784819167872422,0.7605999999999997,,,,,april
1,True,824937,2026-04-13,0,30,3,2026-04-14 00:17:38.878000+00:00,2026-04-14 00:17:41.898730+00:00,2026-04-14 00:19:05.756000+00:00,0.46,-0.16034265007517937,0.46234199848909513,0.3122588557129108,0.6386622143859928,0.0,0.6173509859136727,-0.15735098591367264,1.141876,3.02073,4.0,1.0,0.0,-2.0,0.0,0.0,1.0,0.0,1.0,0.0,0.0,1.0,-2.0,0.0,0.0,-1.0,1.0,0.0,0.0,0.0,0.0,0.45,4.754781,-0.04032804538697188,0.4971499253239815,yes,yes,home_yes,2026-04-14 00:17:46.653511+00:00,0.44,4.37,0.07539999999999991,0.17434517366579924,-1.9982,,,,,april
1,True,824940,2026-04-01,1,17,3,2026-04-01 16:56:15.991000+00:00,2026-04-01 16:56:18.415603+00:00,2026-04-01 16:57:11.710000+00:00,0.85,1.7346010553881064,0.7679788670588737,0.5452446449496701,1.0154587675195812,0.07637297878457416,0.9354559936578097,-0.08545599365780976,1.151535,2.424603,2.0,1.0,2.0,2.0,0.0,0.0,1.0,1.0,0.0,0.0,0.0,2.0,-1.0,-1.0,0.0,0.0,-1.0,0.0,0.0,0.0,0.0,0.86,3.2998,0.08068891125014255,0.8738863042699208,yes,yes,home_yes,2026-04-01 16:56:18.981049+00:00,0.85,2.32,0.02080000000000015,0.03461622590621605,0.32719999999999994,,,,,april
1,True,825015,2026-04-29,1,33,5,2026-04-30 02:46:56.516000+00:00,2026-04-30 02:46:57.741521+00:00,2026-04-30 02:47:20.419000+00:00,0.85,1.7346010553881064,0.8595088303545356,0.5807375307682046,1.48541470280702,0.0,0.9615805966632309,-0.11158059666323095,0.831598,1.225521,4.0,1.0,1.0,3.0,0.0,0.0,0.0,0.0,0.0,0.0,0.0,3.0,-2.0,-2.0,0.0,-1.0,-1.0,5.0,441.03000000000003,0.7440990408815726,0.009797958971132722,0.86,3.729313,0.08068891125014255,0.8839688535856853,yes,yes,home_yes,2026-04-30 02:46:59.262136+00:00,0.86,2.3,0.019400000000000306,0.035728363247075984,0.30259999999999976,,,,,april
1,True,825016,2026-04-30,1,17,4,2026-04-30 19:41:49.277000+00:00,2026-04-30 19:41:50.296595+00:00,2026-04-30 19:42:20.291000+00:00,0.46,-0.16034265007517937,0.3663484831271109,0.5065008629694101,-0.5739190425716655,0.04032804538697188,0.31548709108642414,0.14451290891357588,1.188241,1.019595,2.0,0.0,2.0,-1.0,0.0,0.0,0.0,0.0,0.0,0.0,0.0,-1.0,-2.0,-1.0,0.0,0.0,0.0,3.0,259.0,1.0,0.0,0.46,4.971117,0.0,0.41097959710185294,no,away_yes,away_yes,2026-04-30 19:41:52.490761+00:00,0.56,3.46,0.059699999999999864,0.04071059402758877,-1.9973,,,,,april
1,True,825017,2026-04-28,0,60,6,2026-04-29 03:54:46.322000+00:00,2026-04-29 03:54:47.745440+00:00,2026-04-29 03:55:22.229000+00:00,0.63,0.5322168137473082,0.3668862334605309,0.33351066101016885,0.1467509895456527,-0.6204626961910773,0.7857391214362317,-0.1557391214362317,1.955818,1.42344,7.0,1.0,2.0,0.0,0.0,0.0,0.0,1.0,0.0,0.0,0.0,0.0,-3.0,-2.0,0.0,1.0,0.0,5.0,1921.0,-1.0,0.007483314773547854,0.59,4.832603,-0.16825143654589675,0.659826471466351,yes,yes,home_yes,2026-04-29 03:54:49.790998+00:00,0.6,3.24,0.05449999999999999,0.13933776755097727,-1.9985,,,,,april
1,True,825019,2026-04-17,0,35,13,2026-04-18 02:54:51.139000+00:00,2026-04-18 02:54:57.916419+00:00,2026-04-18 02:55:54.350000+00:00,0.43,-0.2818511521409879,0.21608009374813889,0.1518122620856615,0.4317996493409064,-0.04068909532409978,0.547515581542254,-0.117515581542254,1.90478,6.777419,4.0,1.0,1.0,-2.0,0.0,0.0,1.0,0.0,0.0,0.0,0.0,1.0,-3.0,-2.0,1.0,-1.0,0.0,0.0,0.0,0.0,0.0,0.41,3.833603,-0.08211422506042404,0.469933202521055,yes,yes,home_yes,2026-04-18 02:55:00.653917+00:00,0.41,4.68,0.07930000000000015,0.20118738779853745,-1.9981,,,,,april
1,True,825020,2026-04-18,1,71,3,2026-04-18 22:26:09.414000+00:00,2026-04-18 22:26:12.327892+00:00,2026-04-18 22:26:56.337000+00:00,0.6,0.4054651081081642,0.27361799928994185,0.3139568052399216,-0.19465789940818323,0.16430305129127598,0.5116239445636293,0.08837605543637073,1.039844,2.913892,8.0,1.0,1.0,0.0,0.0,0.0,0.0,0.0,0.0,0.0,1.0,0.0,-1.0,-1.0,0.0,0.0,0.0,0.0,0.0,0.0,0.0,0.57,4.542123,-0.12361395596717673,0.5650741767296346,no,away_yes,away_yes,2026-04-18 22:26:12.329393+00:00,0.4,4.79,0.0804999999999998,0.08679469346505056,0.5550000000000004,profitable_reversal,2026-04-18 23:29:28.255380+00:00,0.55,0.08299999999999974,april
1,True,825020,2026-04-18,1,99,4,2026-04-18 23:29:22.633000+00:00,2026-04-18 23:29:25.360185+00:00,2026-04-18 23:29:53.140000+00:00,0.41,-0.3639653772014119,0.002974491615171493,0.001966479302814572,0.41483885963406664,0.1682514365458963,0.47068915646435444,-0.060689156464354466,0.383523,2.727185,11.0,0.0,1.0,0.0,0.0,0.0,1.0,1.0,1.0,0.0,1.0,0.0,-1.0,-2.0,0.0,0.0,0.0,3.0,315.07,-1.0,0.0,0.48,4.368027,0.2839226695278754,0.4347793133855523,yes,yes,home_yes,2026-04-18 23:29:28.807216+00:00,0.41,1.0,0.017000000000000015,0.007779313385552322,0.5730000000000001,,,,,april
1,True,825021,2026-04-15,1,17,3,2026-04-16 02:16:58.059000+00:00,2026-04-16 02:17:05.047930+00:00,2026-04-16 02:17:31.750000+00:00,0.71,0.8953840470548413,0.6835385379101055,0.566937950980081,0.5007127205138286,-0.04907756178600997,0.8092546473625309,-0.09925464736253098,0.23482,6.98893,2.0,1.0,2.0,2.0,0.0,0.0,1.0,0.0,0.0,0.0,0.0,1.0,-1.0,-1.0,1.0,0.0,-1.0,0.0,0.0,0.0,0.0,0.71,4.548103,0.0,0.7436792174278335,yes,yes,home_yes,2026-04-16 02:17:09.149189+00:00,0.72,2.0,0.028299999999999992,0.01905843485566705,0.5317000000000001,,,,,april
1,True,825022,2026-04-14,1,37,6,2026-04-15 02:58:15.128000+00:00,2026-04-15 02:58:17.788507+00:00,2026-04-15 03:00:41.097000+00:00,0.64,0.5753641449035619,0.6326329712082097,0.5400995547357259,0.3827855624383969,0.04314733115625369,0.7140227119810746,-0.07402271198107457,0.285512,2.660507,5.0,1.0,0.0,1.0,0.0,0.0,0.0,0.0,0.0,0.0,-1.0,0.0,-3.0,-2.0,-1.0,0.0,0.0,0.0,0.0,0.0,0.0,0.65,4.507448,0.043675063502661704,0.6740819019811592,yes,yes,home_yes,2026-04-15 02:58:21.527375+00:00,0.65,3.0,0.04779999999999984,0.024445705943477836,1.0022,,,,,april
1,True,825023,2026-04-16,0,49,4,2026-04-16 20:43:53.927000+00:00,2026-04-16 20:43:55.837617+00:00,2026-04-16 20:44:25.111000+00:00,0.68,0.7537718023763803,0.6374363204651518,0.5778289939993047,0.2503867487058496,-0.046347497735732546,0.740872062604353,-0.06087206260435296,2.489955,1.910617,6.0,0.0,2.0,1.0,0.0,0.0,1.0,0.0,0.0,0.0,1.0,0.0,-2.0,-1.0,0.0,0.0,0.0,0.0,0.0,0.0,0.0,0.72,4.899144,0.19068980646447098,0.7029173329935041,yes,yes,home_yes,2026-04-16 20:43:56.570599+00:00,0.68,2.87,0.04379999999999984,0.02197274569135685,0.08970000000000011,profitable_reversal,2026-04-16 22:00:00.868871+00:00,0.74,0.03869999999999996,april
1,True,825023,2026-04-16,0,80,2,2026-04-16 22:00:18.896000+00:00,2026-04-16 22:00:20.249567+00:00,2026-04-16 22:01:03.826000+00:00,0.62,0.4895482253187058,0.518669520192044,0.6762588086125252,-0.6619186358561074,0.0,0.45701377700475765,0.16298622299524235,0.678443,1.353567,9.0,0.0,0.0,1.0,0.0,0.0,1.0,1.0,0.0,0.0,0.0,0.0,0.0,-1.0,0.0,1.0,0.0,14.0,905.0799999999999,0.9624342599549212,0.016978377605721035,0.56,4.317674,-0.24838616850181755,0.5848421639253217,no,away_yes,away_yes,2026-04-16 22:00:20.652640+00:00,0.39,4.91,0.08179999999999987,0.04172497512667035,2.9133,,,,,april
1,True,825025,2026-04-05,1,35,2,2026-04-05 21:30:32.597000+00:00,2026-04-05 21:30:35.583323+00:00,2026-04-05 21:30:58.939000+00:00,0.25,-1.0986122886681098,0.13910640319983025,0.3460147733623642,-1.186128494662697,0.0,0.09239463219582653,0.15760536780417347,0.643933,2.986323,5.0,0.0,1.0,-2.0,0.0,0.0,0.0,0.0,0.0,0.0,0.0,-2.0,-1.0,0.0,-1.0,0.0,0.0,0.0,0.0,0.0,0.0,0.24,3.825745,-0.054067221270275745,0.21125748128651947,no,away_yes,away_yes,2026-04-05 21:30:39.240529+00:00,0.76,1.0,0.012800000000000034,0.015942518713480514,-0.7728,,,,,april
1,True,825026,2026-04-03,1,27,1,2026-04-04 02:36:45.362000+00:00,2026-04-04 02:36:49.584583+00:00,2026-04-04 02:37:18.853000+00:00,0.65,0.6190392084062236,0.5890488904051427,0.44600166879948666,0.576873914077863,0.25507383120481214,0.7192691591644402,-0.06926915916444021,1.452827,4.222583,3.0,1.0,2.0,1.0,0.0,0.0,1.0,1.0,0.0,0.0,0.0,1.0,0.0,0.0,0.0,0.0,0.0,0.0,0.0,0.0,0.0,0.65,3.107699,0.0,0.6758501685913967,yes,yes,home_yes,2026-04-04 02:36:52.692282+00:00,0.65,1.0,0.016000000000000014,0.009850168591396646,0.33399999999999996,,,,,april
1,True,825093,2026-04-25,0,14,4,2026-04-25 22:35:40.381000+00:00,2026-04-25 22:35:43.329972+00:00,2026-04-25 22:36:16.723000+00:00,0.71,0.8953840470548413,0.6999916599560295,0.44052981078495396,1.0862702734559453,0.09526474694272846,0.8683433237052464,-0.1583433237052464,2.015131,2.948972,2.0,1.0,2.0,2.0,0.0,0.0,0.0,1.0,0.0,0.0,0.0,2.0,-1.0,-2.0,-1.0,0.0,0.0,0.0,0.0,0.0,0.0,0.71,3.168507,0.0,0.7601745006614791,yes,yes,home_yes,2026-04-25 22:35:44.059715+00:00,0.72,2.72,0.03839999999999977,0.07087464179922338,-1.9968,,,,,april
1,True,825094,2026-04-26,1,60,3,2026-04-26 22:16:28.533000+00:00,2026-04-26 22:16:30.069983+00:00,2026-04-26 22:17:02.653000+00:00,0.43,-0.2818511521409879,0.19771025113511312,0.13611502835991623,0.44727205556146843,0.12361395596717639,0.5104502148157134,-0.0804502148157134,0.046217,1.536983,7.0,1.0,1.0,-1.0,0.0,0.0,0.0,1.0,0.0,0.0,0.0,0.0,0.0,-2.0,0.0,1.0,0.0,13.0,1286.23,1.0,0.03149152229301342,0.46,4.8372,0.12150850206580852,0.4622288542662763,yes,yes,home_yes,2026-04-26 22:16:30.102573+00:00,0.43,1.0,0.017199999999999993,0.015028854266276315,0.5528000000000001,,,,,april
1,True,825096,2026-04-23,0,21,3,2026-04-23 20:22:55.121000+00:00,2026-04-23 20:22:56.861355+00:00,2026-04-23 20:24:17.169000+00:00,0.45,-0.20067069546215124,0.32330937077270694,0.39880448416606573,-0.328155609334963,0.12210269680089994,0.3427802194862949,0.10721978051370512,0.220783,1.740355,3.0,0.0,1.0,0.0,0.0,0.0,1.0,1.0,1.0,0.0,0.0,0.0,-1.0,-1.0,0.0,0.0,1.0,8.0,55.0,-0.2727272727272727,0.027810744326608742,0.51,3.152655,0.24067603007585045,0.40581275694574714,no,away_yes,away_yes,2026-04-23 20:23:00.400187+00:00,0.56,3.0,0.051799999999999846,0.05076172916275856,1.2682,,,,,april
1,True,825097,2026-04-22,1,17,3,2026-04-23 02:14:34.554000+00:00,2026-04-23 02:14:36.037019+00:00,2026-04-23 02:15:02.677000+00:00,0.69,0.8001193001121129,0.6556015372336845,0.44472028018834714,0.865780368373247,0.0,0.8410283745535596,-0.15102837455355966,1.286511,1.483019,2.0,1.0,0.0,1.0,0.0,0.0,0.0,0.0,0.0,0.0,0.0,3.0,-2.0,0.0,-1.0,0.0,-1.0,0.0,0.0,0.0,0.0,0.69,4.450221,0.0,0.7304492292123148,yes,yes,home_yes,2026-04-23 02:14:37.824005+00:00,0.69,2.83,0.042400000000000215,0.07207131867085086,0.8349,,,,,april
1,True,825101,2026-04-17,1,29,3,2026-04-18 02:32:18.460000+00:00,2026-04-18 02:32:21.527231+00:00,2026-04-18 02:32:49.873000+00:00,0.57,0.2818511521409875,0.4321316985010825,0.2879195225166729,0.6323508009647013,-0.04092224012206336,0.7221445261327243,-0.15214452613272433,1.387602,3.067231,4.0,1.0,2.0,0.0,0.0,0.0,0.0,0.0,0.0,0.0,0.0,1.0,-2.0,0.0,0.0,0.0,0.0,0.0,0.0,0.0,0.0,0.56,3.513674,-0.040689095324099256,0.6118627769667905,yes,yes,home_yes,2026-04-18 02:32:25.040905+00:00,0.56,2.0,0.034499999999999975,0.06922555393358087,0.8454999999999999,,,,,april
1,True,825102,2026-04-05,1,73,7,2026-04-05 22:48:59.336000+00:00,2026-04-05 22:49:01.043645+00:00,2026-04-05 22:49:56.952000+00:00,0.43,-0.2818511521409879,0.006679239748178412,0.0049121121085506925,0.3090775864426387,-0.16170684029892454,0.5470933158583706,-0.11709331585837063,0.428066,1.707645,9.0,0.0,2.0,0.0,0.0,0.0,1.0,0.0,1.0,0.0,1.0,0.0,-3.0,-2.0,0.0,-1.0,1.0,0.0,0.0,0.0,0.0,0.45,3.890237,0.08118045667883664,0.4722847957303919,yes,yes,home_yes,2026-04-05 22:49:01.165381+00:00,0.44,4.37,0.07539999999999991,0.06568455734181267,2.3718000000000004,,,,,april
1,True,825105,2026-04-02,0,15,2,2026-04-03 02:10:57.247000+00:00,2026-04-03 02:10:59.321237+00:00,2026-04-03 02:11:20.928000+00:00,0.26,-1.0459685551826876,0.17559609819859556,0.27203518768712376,-0.56215283290726,0.05264373348542217,0.15965931521161658,0.10034068478838343,0.475445,2.074237,3.0,0.0,0.0,-2.0,0.0,0.0,0.0,0.0,0.0,0.0,0.0,-1.0,0.0,-1.0,0.0,0.0,0.0,0.0,0.0,0.0,0.0,0.26,4.911939,0.0,0.2200613141111362,no,away_yes,away_yes,2026-04-03 02:11:00.253866+00:00,0.74,2.65,0.035700000000000065,0.07013751760548913,0.6533,,,,,april
1,True,822729,2026-05-31,1,25,4,2026-05-31 18:27:53.296000+00:00,2026-05-31 18:27:55.917671+00:00,2026-05-31 18:28:15.455000+00:00,0.67,0.708185057924486,0.6573901197780038,0.5138088723320468,0.5964356682658897,-0.04558674445189426,0.7941635450401618,-0.1241635450401618,0.993337,2.621671,4.0,1.0,0.0,1.0,0.0,0.0,0.0,0.0,0.0,0.0,0.0,1.0,-3.0,0.0,0.0,0.0,0.0,0.0,0.0,0.0,0.0,0.66,4.739806,-0.044890840514221764,0.7069958542959232,yes,yes,home_yes,2026-05-31 18:27:58.292171+00:00,0.67,2.91,0.045099999999999696,0.06255793600113657,0.9152000000000002,,,,,may
1,True,822731,2026-05-30,1,53,3,2026-05-30 21:55:09.496000+00:00,2026-05-30 21:55:14.915040+00:00,2026-05-30 21:59:30.132000+00:00,0.72,0.9444616088408513,0.695747391243298,0.5348652368257709,0.68744070011808,0.04907756178600997,0.8296041991226759,-0.10960419912267594,0.705307,5.41904,7.0,1.0,0.0,0.0,0.0,0.0,1.0,1.0,1.0,0.0,0.0,1.0,-2.0,0.0,0.0,0.0,0.0,0.0,0.0,0.0,0.0,0.7,4.516786,-0.09716374845364784,0.7502462621402586,yes,yes,home_yes,2026-05-30 21:55:17.158116+00:00,0.7,1.0,0.014700000000000046,0.03554626214025858,0.2853,,,,,may
1,True,822732,2026-05-29,0,17,1,2026-05-29 23:26:58.126000+00:00,2026-05-29 23:26:59.965410+00:00,2026-05-29 23:27:38.197000+00:00,0.71,0.8953840470548413,0.7440940737563136,0.6178329317413912,0.5869973492640257,0.09526474694272846,0.8001315336660116,-0.09013153366601168,0.583371,1.83941,2.0,1.0,1.0,2.0,0.0,0.0,0.0,0.0,0.0,0.0,0.0,1.0,0.0,0.0,0.0,0.0,0.0,0.0,0.0,0.0,0.0,0.72,4.219433,0.04907756178600997,0.7391740980448508,yes,yes,home_yes,2026-05-29 23:27:00.199955+00:00,0.71,2.76,0.03980000000000028,0.04072051060378799,-1.9994,,,,,may
1,True,822733,2026-05-21,0,40,6,2026-05-21 21:21:37.864000+00:00,2026-05-21 21:21:39.374495+00:00,2026-05-21 21:23:05.482000+00:00,0.4,-0.4054651081081643,0.3820737592529696,0.2616721815151116,0.5565399979410242,-0.08269171584511309,0.5581769602161787,-0.15817696021617866,0.414726,1.510495,5.0,1.0,0.0,-2.0,0.0,0.0,0.0,1.0,1.0,0.0,0.0,0.0,-3.0,-2.0,-1.0,1.0,1.0,4.0,26.9,1.0,0.008660254037844395,0.44,4.5812,0.16430305129127618,0.42797371994658556,yes,yes,home_yes,2026-05-21 21:21:42.043827+00:00,0.38,5.0,0.08250000000000002,0.15736859973292777,-1.9825,,,,,may
1,True,822734,2026-05-18,0,41,1,2026-05-19 00:15:40.172000+00:00,2026-05-19 00:15:43.005263+00:00,2026-05-19 00:16:16.990000+00:00,0.35,-0.6190392084062235,0.2274568564673013,0.43528258607398784,-0.9623972675892185,0.044255009004040446,0.16442143978015533,0.18557856021984465,1.116424,2.833263,5.0,0.0,1.0,-1.0,0.0,0.0,1.0,0.0,0.0,0.0,0.0,-2.0,0.0,0.0,1.0,-1.0,-1.0,0.0,0.0,0.0,0.0,0.34,3.78726,-0.044255009004040446,0.31272003367724954,no,away_yes,away_yes,2026-05-19 00:15:46.567915+00:00,0.66,2.95,0.046399999999999775,0.034075900652113994,0.9566000000000001,,,,,may
1,True,822737,2026-05-16,1,56,4,2026-05-16 22:07:15.007000+00:00,2026-05-16 22:07:16.292211+00:00,2026-05-16 22:07:57.802000+00:00,0.51,0.040005334613699206,0.6699002400973626,0.8110885636597823,-0.7493650423316528,-0.492211479133609,0.44592525982923203,0.06407474017076797,0.485192,1.285211,7.0,0.0,2.0,1.0,0.0,0.0,1.0,1.0,0.0,0.0,0.0,-1.0,-2.0,-1.0,0.0,0.0,0.0,21.0,2149.0,-0.9990693345742205,0.11216080131433585,0.62,4.565542,0.4495428907050066,0.4874615356442179,no,away_yes,away_yes,2026-05-16 22:07:16.352983+00:00,0.4,3.0,0.05039999999999978,0.28721539306734645,-1.2504,,,,,may
1,True,822738,2026-05-17,0,15,5,2026-05-17 18:09:08.445000+00:00,2026-05-17 18:09:12.482293+00:00,2026-05-17 18:09:32.213000+00:00,0.32,-0.7537718023763801,0.2401156852890825,0.1615745411306813,0.49451371299186975,0.04634749773573299,0.4241877260031408,-0.1041877260031408,3.988888,4.037293,2.0,1.0,1.0,-2.0,0.0,0.0,0.0,0.0,0.0,0.0,0.0,1.0,-3.0,-1.0,0.0,0.0,0.0,0.0,0.0,0.0,0.0,0.32,4.342985,0.0,0.3464047151960342,yes,yes,home_yes,2026-05-17 18:09:16.825278+00:00,0.32,5.96,0.09079999999999999,0.0665721025683639,-1.998,,,,,may
1,True,822739,2026-05-15,1,36,4,2026-05-15 23:58:37.550000+00:00,2026-05-15 23:58:41.124241+00:00,2026-05-15 23:59:50.352000+00:00,0.58,0.32277339226305085,0.5422450495594529,0.6169655517317654,-0.3073042400738043,0.4429177041051142,0.39473575810600237,0.1852642418939976,1.024924,3.574241,5.0,0.0,2.0,1.0,0.0,0.0,0.0,1.0,1.0,0.0,0.0,0.0,-1.0,-2.0,-1.0,1.0,1.0,0.0,0.0,0.0,0.0,0.6,4.89783,0.08269171584511337,0.5089059291999067,no,away_yes,away_yes,2026-05-15 23:58:44.980655+00:00,0.41,4.0,0.06780000000000008,0.25657628320037307,-1.7078,,,,,may
1,True,822741,2026-05-07,1,60,5,2026-05-07 19:26:50.649000+00:00,2026-05-07 19:26:53.000196+00:00,2026-05-07 19:27:13.609000+00:00,0.82,1.5163474893680882,0.7631362932156324,0.41538273855102537,1.5117087669476745,0.06633731386208952,0.9508144448804009,-0.13081444488040095,1.737274,2.351196,7.0,1.0,0.0,1.0,0.0,0.0,0.0,0.0,0.0,0.0,0.0,1.0,-3.0,-1.0,0.0,0.0,0.0,0.0,0.0,0.0,0.0,0.8,4.696522,-0.13005312824819737,0.8434019494573498,yes,yes,home_yes,2026-05-07 19:26:55.078761+00:00,0.81,2.4,0.025900000000000034,0.054264678697639374,0.4300999999999999,,,,,may
1,True,822742,2026-05-03,1,63,3,2026-05-03 19:51:22.111000+00:00,2026-05-03 19:51:23.188737+00:00,2026-05-03 19:52:15.413000+00:00,0.69,0.8001193001121129,0.809589302696186,0.8128271769349964,-0.021142353609692188,-0.8581087764914194,0.8371380010896944,-0.14713800108969444,3.043538,1.077737,9.0,0.0,2.0,1.0,0.0,0.0,0.0,1.0,0.0,0.0,1.0,-1.0,-1.0,-1.0,-1.0,1.0,-1.0,17.0,12386.0,0.9741643791377361,0.043893548485123834,0.85,4.898607,0.9344817552759935,0.7389874164793977,yes,yes,home_yes,2026-05-03 19:51:23.394447+00:00,0.71,2.76,0.03980000000000028,0.04020526948313745,0.7605999999999997,,,,,may
1,True,822746,2026-05-02,0,49,2,2026-05-02 21:38:09.022000+00:00,2026-05-02 21:38:12.136805+00:00,2026-05-02 21:38:39.518000+00:00,0.24,-1.1526795099383855,0.1210500498965971,0.15624561192563796,-0.2960916225875596,0.11298686339289032,0.17339453076201972,0.06660546923798027,2.130119,3.114805,6.0,1.0,2.0,-2.0,0.0,0.0,0.0,1.0,0.0,0.0,1.0,0.0,0.0,-1.0,0.0,0.0,0.0,0.0,0.0,0.0,0.0,0.21,4.708687,-0.17224590480521318,0.21937079025530357,no,away_yes,away_yes,2026-05-02 21:38:13.483053+00:00,0.76,2.58,0.03299999999999992,0.020223361141316787,0.5862,,,,,may
1,True,822809,2026-05-27,1,19,5,2026-05-27 18:00:45.635000+00:00,2026-05-27 18:00:49.434426+00:00,2026-05-27 18:02:01.638000+00:00,0.34,-0.663294217410264,0.24311836218506355,0.3045303119089837,-0.3098416735473084,0.38267433777242366,0.2049220937476234,0.13507790625237662,0.079344,3.799426,3.0,0.0,1.0,-1.0,0.0,0.0,1.0,1.0,1.0,0.0,0.0,0.0,-2.0,-2.0,0.0,0.0,1.0,0.0,0.0,0.0,0.0,0.34,4.187656,0.0,0.2684952825051888,no,away_yes,away_yes,2026-05-27 18:00:50.293422+00:00,0.68,2.87,0.04379999999999984,0.1040185392101084,-1.9954,,,,,may
1,True,822811,2026-05-26,1,14,1,2026-05-26 23:39:21.331000+00:00,2026-05-26 23:39:25.919533+00:00,2026-05-26 23:39:43.413000+00:00,0.69,0.8001193001121129,0.6448214425942413,0.5067033739485197,0.5695377011901119,-0.14434230872873843,0.8196531482587878,-0.12965314825878782,4.921882,4.588533,2.0,1.0,0.0,1.0,0.0,0.0,0.0,0.0,0.0,0.0,0.0,1.0,0.0,0.0,0.0,0.0,0.0,0.0,0.0,0.0,0.0,0.69,4.25316,0.0,0.7245663126776828,yes,yes,home_yes,2026-05-26 23:39:29.926632+00:00,0.7,2.79,0.041100000000000136,0.02744001237073497,0.7959,,,,,may
1,True,822812,2026-05-25,0,33,3,2026-05-26 00:16:16.565000+00:00,2026-05-26 00:16:18.618311+00:00,2026-05-26 00:16:54.261000+00:00,0.29,-0.8953840470548413,0.14278367422643845,0.2336500035546596,-0.6045448962133755,-0.048086186667637754,0.18971812598109944,0.10028187401890054,1.065902,2.053311,5.0,0.0,1.0,-2.0,0.0,0.0,0.0,1.0,0.0,0.0,0.0,-1.0,-1.0,-1.0,0.0,0.0,0.0,2.0,20.0,-1.0,0.0050000000000000044,0.26,4.456631,-0.1505845081278463,0.2559045719178371,no,away_yes,away_yes,2026-05-26 00:16:20.738249+00:00,0.72,2.72,0.03839999999999977,0.027139564383483375,0.7232000000000003,,,,,may
1,True,822813,2026-05-24,0,9,2,2026-05-24 16:32:40.169000+00:00,2026-05-24 16:32:41.248037+00:00,2026-05-24 16:33:02.535000+00:00,0.37,-0.5322168137473082,0.22581680540293747,0.3339493396387755,-0.5417080255985508,0.17596824417717738,0.22271864712799477,0.14728135287200522,3.465069,1.079037,2.0,0.0,0.0,-2.0,0.0,0.0,0.0,0.0,0.0,0.0,0.0,-1.0,0.0,-1.0,0.0,0.0,0.0,3.0,529.0,0.9357277882797732,0.009428090415820616,0.37,4.640358,0.0,0.3272009641454408,no,away_yes,away_yes,2026-05-24 16:32:42.172173+00:00,0.65,3.0,0.04779999999999984,0.02059710756367783,1.0022,,,,,may
1,True,822814,2026-05-23,1,29,3,2026-05-23 20:04:25.530000+00:00,2026-05-23 20:04:31.433250+00:00,2026-05-23 20:08:11.630000+00:00,0.66,0.6632942174102643,0.6826948625453154,0.63321846812691,0.22013500546065135,-0.09047758496611602,0.7258975222008512,-0.06589752220085121,0.252037,5.90325,4.0,1.0,1.0,1.0,0.0,0.0,0.0,1.0,0.0,0.0,0.0,0.0,0.0,-2.0,0.0,1.0,0.0,0.0,0.0,0.0,0.0,0.66,4.494342,0.0,0.6810396618350157,yes,yes,home_yes,2026-05-23 20:04:31.998455+00:00,0.66,0.23,0.003699999999999981,0.0011391222220536327,0.07450000000000001,,,,,may
1,True,822814,2026-05-23,1,46,9,2026-05-23 20:44:11.083000+00:00,2026-05-23 20:44:13.736719+00:00,2026-05-23 20:45:20.381000+00:00,0.85,1.7346010553881064,0.8562110532300344,0.5941643009032412,1.402962839935049,-0.16635770580494058,0.9645630999504808,-0.11456309995048086,0.318118,2.653719,6.0,1.0,0.0,1.0,0.0,0.0,0.0,1.0,1.0,0.0,0.0,1.0,-3.0,-2.0,-1.0,0.0,1.0,3.0,20.259999999999998,1.0,0.021602468994692835,0.88,4.694771,0.2578291093020999,0.8807878052617762,yes,yes,home_yes,2026-05-23 20:44:14.621930+00:00,0.81,2.43,0.02619999999999978,0.1458143667861164,0.4355000000000002,,,,,may
1,True,822815,2026-05-13,1,53,1,2026-05-14 00:49:50.578000+00:00,2026-05-14 00:49:55.727213+00:00,2026-05-14 00:53:48.451000+00:00,0.37,-0.5322168137473082,0.23559041226530789,0.17196486816016077,0.39475638304450045,0.08682239465891528,0.4441631600442491,-0.07416316004424911,0.234563,5.149213,7.0,1.0,1.0,-1.0,0.0,0.0,1.0,1.0,0.0,0.0,0.0,0.0,0.0,0.0,0.0,1.0,0.0,0.0,0.0,0.0,0.0,0.42,4.647006,0.20944342148425704,0.3912931565757167,yes,yes,home_yes,2026-05-14 00:49:55.775833+00:00,0.37,1.0,0.016400000000000026,0.004893156575716706,0.6135999999999999,,,,,may
1,True,822816,2026-05-22,1,25,5,2026-05-23 00:01:54.351000+00:00,2026-05-23 00:01:57.210759+00:00,2026-05-23 00:02:39.913000+00:00,0.7,0.8472978603872034,0.689262376391018,0.5215142732424832,0.7105628415979338,0.0,0.8260461632922645,-0.1260461632922646,2.100927,2.859759,3.0,1.0,0.0,0.0,0.0,0.0,0.0,1.0,1.0,0.0,0.0,1.0,-1.0,-2.0,-1.0,1.0,0.0,0.0,0.0,0.0,0.0,0.75,4.311599,0.25131442828090633,0.7498734743125945,yes,yes,home_yes,2026-05-23 00:01:58.837519+00:00,0.7,2.79,0.041100000000000136,0.09804699333213876,0.7959,,,,,may
1,True,822818,2026-05-11,0,19,3,2026-05-11 23:48:13.182000+00:00,2026-05-11 23:48:16.102982+00:00,2026-05-11 23:48:55.793000+00:00,0.14,-1.8152899666382492,0.08160121553651367,0.10331771720640234,-0.2598948179380187,0.27545113029552026,0.08701523981195253,0.052984760188047486,0.532628,2.920982,2.0,1.0,1.0,-5.0,0.0,0.0,1.0,0.0,1.0,0.0,1.0,0.0,0.0,-2.0,0.0,-1.0,1.0,0.0,0.0,0.0,0.0,0.14,4.087067,0.0,0.11991688187387281,no,away_yes,away_yes,2026-05-11 23:48:19.940309+00:00,0.86,2.3,0.019400000000000306,0.026791171690092194,0.30259999999999976,,,,,may
1,True,822819,2026-05-10,0,31,3,2026-05-10 18:38:34.083000+00:00,2026-05-10 18:38:37.136410+00:00,2026-05-10 18:38:57.871000+00:00,0.37,-0.5322168137473082,0.24929106083520203,0.5332108196616493,-1.235436037713192,0.41224479509354295,0.10157026765235047,0.26842973234764955,1.149062,3.05341,5.0,0.0,0.0,-1.0,0.0,0.0,0.0,0.0,0.0,0.0,0.0,-2.0,-2.0,0.0,-1.0,0.0,0.0,0.0,0.0,0.0,0.0,0.37,4.160088,0.0,0.26472082087566384,no,away_yes,away_yes,2026-05-10 18:38:40.233366+00:00,0.66,2.95,0.046399999999999775,0.17567357841679182,0.9566000000000001,,,,,may
1,True,822820,2026-05-09,1,7,4,2026-05-09 19:21:55.024000+00:00,2026-05-09 19:21:57.957354+00:00,2026-05-09 19:22:31.162000+00:00,0.6,0.4054651081081642,0.4475688159365828,0.5374456758432808,-0.36056224638616674,-0.08408311721054157,0.5322018608844082,0.06779813911559174,2.148166,2.933354,2.0,0.0,0.0,0.0,0.0,0.0,0.0,1.0,0.0,0.0,0.0,0.0,-1.0,-2.0,0.0,1.0,0.0,0.0,0.0,0.0,0.0,0.6,4.340396,0.0,0.5791050397849614,no,away_yes,away_yes,2026-05-09 19:21:57.957923+00:00,0.4,3.0,0.05039999999999978,0.012284880645115903,-1.2504,,,,,may
1,True,822820,2026-05-09,1,29,6,2026-05-09 20:06:47.059000+00:00,2026-05-09 20:06:48.117812+00:00,2026-05-09 20:07:53.814000+00:00,0.56,0.24116205681688824,0.34790669302579647,0.418583463022149,-0.29966221290516154,-0.08161133544616261,0.5057775376803764,0.05422246231962369,0.256917,1.058812,4.0,0.0,1.0,0.0,0.0,0.0,1.0,1.0,1.0,0.0,0.0,0.0,-3.0,-2.0,0.0,0.0,1.0,18.0,16253.369999999999,-0.8098400516323693,0.01536590742882145,0.51,4.330749,-0.20115672220318903,0.5385876828335603,no,away_yes,away_yes,2026-05-09 20:06:48.118234+00:00,0.41,4.68,0.07930000000000015,0.1613096443389378,-1.9981,,,,,may
1,True,822893,2026-05-30,1,57,2,2026-05-30 21:58:58.914000+00:00,2026-05-30 21:59:00.837252+00:00,2026-05-30 22:00:35.563000+00:00,0.31,-0.8001193001121131,0.09612311862109546,0.2531135118136121,-1.1589881372595363,0.047178560275090486,0.11854451079144586,0.19145548920855415,0.649871,1.923252,7.0,0.0,1.0,-1.0,0.0,0.0,0.0,1.0,1.0,0.0,0.0,-1.0,0.0,-1.0,-1.0,1.0,0.0,0.0,0.0,0.0,0.0,0.29,4.811608,-0.09526474694272824,0.27375726646299897,no,away_yes,away_yes,2026-05-30 21:59:03.055914+00:00,0.64,3.04,0.04909999999999992,0.213077909952483,0.15110000000000046,profitable_reversal,2026-05-30 22:55:15.082400+00:00,0.72,0.042999999999999705,may
1,True,822893,2026-05-30,1,80,5,2026-05-30 22:55:13.242000+00:00,2026-05-30 22:55:15.049816+00:00,2026-05-30 22:56:28.921000+00:00,0.28,-0.9444616088408512,0.004037131081994821,0.0024508606827174898,0.5006864828968114,0.10150694634183643,0.36695969539066675,-0.08695969539066672,0.082876,1.807816,9.0,1.0,0.0,-1.0,0.0,0.0,1.0,0.0,0.0,0.0,0.0,0.0,-2.0,-2.0,1.0,0.0,0.0,1.0,1.78,1.0,0.0,0.33,4.148441,0.23627655091636557,0.30020222211435893,yes,yes,home_yes,2026-05-30 22:55:15.094329+00:00,0.28,3.22,0.045499999999999874,0.019551155208235804,2.2729,,,,,may
1,True,822893,2026-05-30,1,82,3,2026-05-30 22:58:44.912000+00:00,2026-05-30 22:58:45.921119+00:00,2026-05-30 22:59:37.352000+00:00,0.77,1.2083112059245342,0.016200181785472896,0.007837399510301324,0.734579945330613,-0.17798315519535657,0.8929155571155974,-0.12291555711559743,1.206147,1.009119,9.0,1.0,0.0,0.0,0.0,0.0,1.0,0.0,1.0,0.0,0.0,1.0,-2.0,0.0,0.0,-1.0,1.0,17.0,315.03999999999996,0.25368207211782634,0.04412941019649661,0.77,4.655138,0.0,0.79565672654612,yes,yes,home_yes,2026-05-30 22:58:46.277070+00:00,0.74,2.65,0.035700000000000065,0.11179032534721786,0.6533,,,,,may
1,True,822897,2026-05-27,0,12,5,2026-05-28 00:29:28.389000+00:00,2026-05-28 00:29:30.171990+00:00,2026-05-28 00:29:54.597000+00:00,0.64,0.5753641449035619,0.4968073223859323,0.5514501296884635,-0.21930242307851933,0.08581591958485613,0.5671532480616086,0.07284675193839141,0.031633,1.78299,2.0,0.0,2.0,0.0,0.0,0.0,0.0,0.0,0.0,0.0,1.0,-1.0,-2.0,-2.0,0.0,0.0,-1.0,1.0,5.0,1.0,0.0,0.59,3.035736,-0.21139876770215044,0.6165425267241295,no,away_yes,away_yes,2026-05-28 00:29:30.396752+00:00,0.34,5.0,0.07859999999999978,0.1386873663793528,2.4791999999999996,profitable_reversal,2026-05-28 02:19:25.962602+00:00,0.86,0.04220000000000024,may
1,True,822897,2026-05-27,0,62,4,2026-05-28 02:19:59.869000+00:00,2026-05-28 02:20:01.230984+00:00,2026-05-28 02:20:35.842000+00:00,0.26,-1.0459685551826876,0.11936600013832041,0.06680178496752169,0.6384401281402263,0.05264373348542217,0.38694498339279476,-0.12694498339279475,0.355969,1.361984,8.0,1.0,0.0,-1.0,0.0,0.0,0.0,0.0,0.0,0.0,0.0,1.0,-2.0,-1.0,0.0,0.0,0.0,9.0,234.62,0.9573778876481118,0.0068493488921877585,0.27,4.691978,0.05134598003862567,0.2802258327576935,yes,yes,home_yes,2026-05-28 02:20:01.366932+00:00,0.26,7.31,0.09850000000000003,0.04935083745873958,-1.9991,,,,,may
1,True,822899,2026-05-25,0,28,3,2026-05-26 00:11:48.790000+00:00,2026-05-26 00:11:51.103583+00:00,2026-05-26 00:12:16.981000+00:00,0.25,-1.0986122886681098,0.18003974285423277,0.2763444962709188,-0.5534110587567754,-0.2513144282809062,0.19770364077834257,0.05229635922165743,1.627026,2.313583,4.0,1.0,2.0,-2.0,0.0,0.0,0.0,0.0,0.0,0.0,2.0,0.0,-1.0,-1.0,-1.0,0.0,0.0,0.0,0.0,0.0,0.0,0.26,4.894979,0.05264373348542217,0.22660583436602885,no,away_yes,away_yes,2026-05-26 00:11:54.520748+00:00,0.74,2.65,0.035700000000000065,0.05279453893002342,0.6533,,,,,may
1,True,822900,2026-05-13,1,69,9,2026-05-14 02:48:27.410000+00:00,2026-05-14 02:48:30.269750+00:00,2026-05-14 02:49:12.742000+00:00,0.24,-1.1526795099383855,0.0020726702790128115,0.5197282190335899,-6.255796557159657,0.0556316959861487,0.000572967882000877,0.23942703211799912,0.563208,2.85975,9.0,0.0,0.0,0.0,0.0,0.0,0.0,1.0,1.0,0.0,0.0,-1.0,-3.0,-2.0,-1.0,1.0,0.0,0.0,0.0,0.0,0.0,0.22,4.662166,-0.11298686339289032,0.21730661760440326,no,away_yes,away_yes,2026-05-14 02:48:32.032565+00:00,0.73,1.0,0.013800000000000034,0.0388933823955967,-0.23129999999999995,profitable_reversal,2026-05-14 03:11:46.622353+00:00,0.53,0.01749999999999996,may
1,True,822900,2026-05-13,1,80,2,2026-05-14 03:11:40.999000+00:00,2026-05-14 03:11:42.740693+00:00,,0.59,0.3639653772014115,0.0064799584960278005,0.002473038584892657,0.9672914575003277,0.12280332038452324,0.7700252018479642,-0.18002520184796422,0.029416,1.741693,9.0,1.0,2.0,0.0,0.0,0.0,1.0,1.0,0.0,0.0,0.0,1.0,0.0,-1.0,0.0,0.0,0.0,0.0,0.0,0.0,0.0,0.34,4.859422,-1.0272595946116754,0.6285344354429596,yes,yes,home_yes,2026-05-14 03:11:46.719722+00:00,0.42,4.57,0.07800000000000007,0.8750023699743255,2.5726000000000004,,,,,may
1,True,822901,2026-05-11,0,26,2,2026-05-12 00:59:59.473000+00:00,2026-05-12 01:00:01.478200+00:00,2026-05-12 01:02:46.920000+00:00,0.37,-0.5322168137473082,0.3075202593836157,0.33284245671659707,-0.11638107318180912,0.41224479509354295,0.25714845000470576,0.11285154999529423,2.093534,2.0052,4.0,0.0,2.0,-1.0,0.0,0.0,0.0,1.0,0.0,0.0,0.0,0.0,0.0,-1.0,0.0,1.0,0.0,0.0,0.0,0.0,0.0,0.36,3.423303,-0.04314733115625358,0.3134982981084862,no,away_yes,away_yes,2026-05-12 01:00:05.680634+00:00,0.64,3.04,0.04909999999999992,0.09226517375020207,1.0453000000000001,,,,,may
1,True,822905,2026-05-09,1,14,4,2026-05-09 23:38:52.294000+00:00,2026-05-09 23:38:53.503848+00:00,2026-05-09 23:39:15.515000+00:00,0.59,0.3639653772014115,0.6105128762350454,0.45567312025531953,0.6272428155949261,0.08211422506042398,0.7128147247527963,-0.12281472475279631,1.621604,1.209848,2.0,1.0,0.0,1.0,0.0,0.0,0.0,0.0,0.0,0.0,0.0,1.0,0.0,-2.0,0.0,0.0,0.0,3.0,208.92,-1.0,0.0,0.59,4.637768,0.0,0.6353431730788655,yes,yes,home_yes,2026-05-09 23:38:58.141616+00:00,0.59,3.29,0.05580000000000007,0.09337903942946738,1.2931000000000001,,,,,may
1,True,822977,2026-05-20,1,41,3,2026-05-20 18:35:11.445000+00:00,2026-05-20 18:35:12.851965+00:00,2026-05-20 18:35:40.804000+00:00,0.33,-0.7081850579244856,0.2828623420275562,0.4300095944672745,-0.6484954512601897,-0.04489084051422165,0.2121875218915881,0.11781247810841192,1.161492,1.406965,6.0,0.0,0.0,-1.0,0.0,0.0,0.0,0.0,0.0,0.0,0.0,-1.0,-2.0,0.0,0.0,0.0,0.0,2.0,10.89,0.8163452708907254,0.0050000000000000044,0.33,4.915206,0.0,0.2966019472802108,no,away_yes,away_yes,2026-05-20 18:35:15.102888+00:00,0.66,1.47,0.0230999999999999,0.04069513749809013,-0.9933,,,,,may
1,True,822981,2026-05-16,0,70,4,2026-05-16 22:42:03.750000+00:00,2026-05-16 22:42:05.405800+00:00,2026-05-16 22:42:38.691000+00:00,0.56,0.24116205681688824,0.00633911453530543,0.0026117647911667596,0.8904570480980603,0.0,0.7561375753855777,-0.19613757538557763,0.845284,1.6558,9.0,1.0,2.0,0.0,0.0,0.0,1.0,0.0,0.0,0.0,0.0,1.0,-2.0,-1.0,1.0,0.0,-1.0,5.0,97.73,-1.0,0.006324555320336729,0.57,4.880785,0.040689095324099256,0.6027103750445539,yes,yes,home_yes,2026-05-16 22:42:05.957385+00:00,0.57,1.0,0.017200000000000104,0.015510375044553881,-0.5872,,,,,may
1,True,822982,2026-05-17,1,21,6,2026-05-17 17:00:32.723000+00:00,2026-05-17 17:00:34.058348+00:00,2026-05-17 17:01:02.222000+00:00,0.44,-0.2411620568168881,0.3389975915753304,0.47402993294729534,-0.5637906455995609,0.0,0.30896708583104204,0.13103291416895796,0.437933,1.335348,3.0,0.0,2.0,-1.0,0.0,0.0,1.0,0.0,0.0,0.0,0.0,-1.0,-3.0,-2.0,1.0,0.0,-1.0,2.0,117.34,1.0,0.0,0.45,4.813044,0.040491361354736854,0.3990742668297246,no,away_yes,away_yes,2026-05-17 17:00:36.101172+00:00,0.56,3.46,0.059699999999999864,0.08190303676915292,-1.9973,,,,,may
1,True,822985,2026-05-06,1,20,3,2026-05-06 17:45:15.429000+00:00,2026-05-06 17:45:16.430299+00:00,2026-05-06 17:45:52.891000+00:00,0.58,0.32277339226305085,0.45415747881016993,0.5694754195087502,-0.4635977045393771,-0.16677483305565494,0.5064872661392034,0.0735127338607966,0.392246,1.001299,3.0,1.0,2.0,0.0,0.0,0.0,0.0,0.0,0.0,0.0,2.0,0.0,-2.0,0.0,-1.0,0.0,0.0,0.0,0.0,0.0,0.0,0.57,3.745785,-0.04092224012206336,0.548561064300194,no,away_yes,away_yes,2026-05-06 17:45:17.415474+00:00,0.41,4.68,0.07930000000000015,0.11463421907509191,-1.9981,,,,,may
1,True,822986,2026-05-05,1,25,7,2026-05-05 23:27:29.377000+00:00,2026-05-05 23:27:32.484280+00:00,2026-05-05 23:28:46.508000+00:00,0.4,-0.4054651081081643,0.38049013706120094,0.2781542833948846,0.4661671253792754,0.041847109935500504,0.5047135871917514,-0.10471358719175139,0.525027,3.10728,3.0,1.0,2.0,-1.0,0.0,0.0,1.0,0.0,1.0,0.0,0.0,1.0,-3.0,-2.0,0.0,-1.0,1.0,0.0,0.0,0.0,0.0,0.4,4.916729,0.0,0.4289684132797921,yes,yes,home_yes,2026-05-05 23:27:33.892119+00:00,0.4,2.0,0.03359999999999996,0.024336826559584246,1.1663999999999999,,,,,may
1,True,822986,2026-05-05,1,37,3,2026-05-05 23:58:50.658000+00:00,2026-05-05 23:58:51.759983+00:00,2026-05-05 23:59:42.114000+00:00,0.41,-0.3639653772014119,0.43448037870450984,0.3173285631835321,0.5024817641133004,-0.04119198493836074,0.5448065717627517,-0.13480657176275174,3.547414,1.101983,5.0,0.0,2.0,0.0,0.0,0.0,0.0,0.0,1.0,0.0,2.0,0.0,0.0,-2.0,-1.0,-1.0,1.0,0.0,0.0,0.0,0.0,0.44,3.086277,0.12280332038452382,0.46953245081200895,yes,yes,home_yes,2026-05-05 23:58:53.767953+00:00,0.41,1.0,0.017000000000000015,0.04253245081200896,0.5730000000000001,,,,,may
1,True,822987,2026-05-03,1,66,4,2026-05-03 19:56:02.681000+00:00,2026-05-03 19:56:04.614940+00:00,2026-05-03 19:58:33.739000+00:00,0.63,0.5322168137473082,0.0075586159590817536,0.011461051491200247,-0.42020626945508255,0.0,0.527973395158382,0.10202660484161796,0.215128,1.93394,9.0,1.0,0.0,0.0,0.0,0.0,0.0,0.0,0.0,0.0,-2.0,0.0,-1.0,-2.0,0.0,0.0,0.0,1.0,17.0,1.0,0.0,0.64,4.43742,0.04314733115625369,0.6039434315918538,no,away_yes,away_yes,2026-05-03 19:56:05.910360+00:00,0.36,5.31,0.08570000000000033,0.10576037824725595,-1.9973,,,,,may
1,True,822988,2026-05-02,1,29,3,2026-05-02 23:15:48.778000+00:00,2026-05-02 23:15:50.386704+00:00,2026-05-02 23:16:59.661000+00:00,0.66,0.6632942174102643,0.7081745974989192,0.5700200108381958,0.6046021869611269,0.0,0.7803824343726493,-0.12038243437264928,1.439576,1.608704,4.0,1.0,1.0,1.0,0.0,0.0,1.0,1.0,0.0,0.0,0.0,1.0,-1.0,-1.0,0.0,1.0,-1.0,0.0,0.0,0.0,0.0,0.66,4.677373,0.0,0.6999038902614811,yes,yes,home_yes,2026-05-02 23:15:52.576036+00:00,0.67,2.91,0.045099999999999696,0.041920320660910323,0.9152000000000002,,,,,may
1,True,823055,2026-05-29,1,18,1,2026-05-29 23:47:35.245000+00:00,2026-05-29 23:47:37.084324+00:00,2026-05-29 23:48:08.639000+00:00,0.37,-0.5322168137473082,0.3353319997204889,0.4666153771510124,-0.5504291152956144,0.0,0.253005625804946,0.11699437419505399,2.248744,1.839324,2.0,0.0,2.0,-1.0,0.0,0.0,1.0,1.0,0.0,0.0,0.0,-1.0,0.0,0.0,0.0,0.0,0.0,0.0,0.0,0.0,0.0,0.36,4.435221,-0.04314733115625358,0.3331660378467716,no,away_yes,away_yes,2026-05-29 23:47:39.343469+00:00,0.64,3.04,0.04909999999999992,0.03247524494581447,-1.9947,,,,,may
1,True,823059,2026-05-19,1,36,6,2026-05-20 00:53:57.947000+00:00,2026-05-20 00:53:59.417312+00:00,2026-05-20 00:54:42.325000+00:00,0.74,1.0459685551826876,0.7361816787689027,0.6539539605802429,0.38975112113163235,0.10150694634183632,0.7915366159508707,-0.05153661595087067,3.98802,1.470312,5.0,0.0,2.0,2.0,0.0,0.0,1.0,0.0,1.0,0.0,1.0,0.0,-3.0,-2.0,0.0,0.0,0.0,1.0,10.0,1.0,0.0,0.77,3.645992,0.16234265074184662,0.760974780329985,yes,yes,home_yes,2026-05-20 00:53:59.603577+00:00,0.74,2.65,0.035700000000000065,0.019883167874460213,0.6533,,,,,may
1,True,823059,2026-05-19,1,54,2,2026-05-20 01:33:36.390000+00:00,2026-05-20 01:33:40.738945+00:00,2026-05-20 01:34:08.666000+00:00,0.74,1.0459685551826876,0.7421499000199063,0.577211268680521,0.7458370875267686,0.24584925507057476,0.8243289410726427,-0.08432894107264266,0.204545,4.348945,7.0,0.0,2.0,1.0,0.0,0.0,0.0,0.0,0.0,0.0,2.0,0.0,-1.0,0.0,-1.0,0.0,0.0,0.0,0.0,0.0,0.0,0.78,4.875574,0.21969781814858846,0.7626308030334259,yes,yes,home_yes,2026-05-20 01:33:41.645337+00:00,0.74,2.65,0.035700000000000065,0.02427162803857858,0.6533,,,,,may
1,True,823061,2026-05-15,1,64,1,2026-05-16 02:29:30.990000+00:00,2026-05-16 02:29:33.764115+00:00,2026-05-16 02:30:40.061000+00:00,0.7,0.8472978603872034,0.49511528928373294,0.37450858439223966,0.49338341628743243,-0.048086186667637865,0.8003954027925924,-0.1003954027925924,1.166428,2.774115,8.0,1.0,0.0,0.0,0.0,0.0,1.0,1.0,0.0,0.0,0.0,0.0,0.0,0.0,0.0,1.0,0.0,3.0,114.0,0.9298245614035088,1.1102230246251565e-16,0.74,3.068662,0.19867069479548416,0.7303621829026912,yes,yes,home_yes,2026-05-16 02:29:34.095443+00:00,0.7,2.79,0.041100000000000136,0.04361049029850836,0.7959,,,,,may
1,True,823064,2026-05-04,1,18,2,2026-05-05 00:15:41.965000+00:00,2026-05-05 00:15:48.439360+00:00,2026-05-05 00:16:27.113000+00:00,0.59,0.3639653772014115,0.6420997015397537,0.4941403335464281,0.6079288772349724,-0.08334684084225336,0.7417800625919089,-0.1517800625919089,2.760166,6.47436,2.0,1.0,2.0,1.0,0.0,0.0,1.0,0.0,1.0,0.0,0.0,1.0,0.0,-1.0,0.0,0.0,0.0,0.0,0.0,0.0,0.0,0.62,3.922802,0.1255828481172943,0.6388188224502223,yes,yes,home_yes,2026-05-05 00:15:49.216050+00:00,0.61,3.19,0.053200000000000136,0.0387320436162089,1.1908999999999998,,,,,may
1,True,823067,2026-05-02,1,24,5,2026-05-03 00:07:29.743000+00:00,2026-05-03 00:07:31.746106+00:00,2026-05-03 00:08:49.898000+00:00,0.82,1.5163474893680882,0.8255448332454058,0.6485798316658193,0.9415732578403135,0.13005312824819737,0.911158875226533,-0.0911588752265331,1.895447,2.003106,3.0,1.0,0.0,3.0,0.0,0.0,0.0,0.0,0.0,0.0,0.0,2.0,0.0,-2.0,0.0,-1.0,0.0,1.0,10.0,-1.0,0.0,0.81,4.128067,-0.06633731386208952,0.8430777624957648,yes,yes,home_yes,2026-05-03 00:07:33.993850+00:00,0.82,2.4,0.024800000000000155,0.030586629989835544,0.4072,,,,,may
1,True,823132,2026-05-30,1,11,6,2026-05-31 02:32:43.036000+00:00,2026-05-31 02:32:45.258429+00:00,2026-05-31 02:33:13.954000+00:00,0.73,0.9946225751440619,0.6087958593323103,0.47499940462721457,0.5423393285482143,0.05016096630321065,0.8155976251968339,-0.08559762519683389,0.14677,2.222429,2.0,1.0,1.0,1.0,0.0,0.0,0.0,0.0,0.0,0.0,0.0,1.0,-3.0,-2.0,0.0,0.0,0.0,1.0,62.0,-1.0,0.0,0.73,3.009104,0.0,0.7534000598012514,yes,yes,home_yes,2026-05-31 02:32:48.267533+00:00,0.73,2.68,0.03699999999999992,0.025712160267353762,0.6866000000000001,,,,,may
1,True,823132,2026-05-30,1,13,2,2026-05-31 02:35:24.166000+00:00,2026-05-31 02:35:26.237960+00:00,2026-05-31 02:36:17.981000+00:00,0.82,1.5163474893680882,0.7212955014522338,0.5923393640642702,0.5772521600999039,-0.06927977437229349,0.8968661917801994,-0.07686619178019949,0.14133,2.07196,2.0,1.0,2.0,2.0,0.0,0.0,0.0,0.0,0.0,0.0,0.0,1.0,-1.0,0.0,0.0,0.0,0.0,0.0,0.0,0.0,0.0,0.82,4.809663,0.0,0.8417484326584943,yes,yes,home_yes,2026-05-31 02:35:28.818094+00:00,0.82,2.4,0.024800000000000155,0.027396238380386295,0.4072,,,,,may
1,True,823133,2026-05-31,1,14,2,2026-05-31 20:44:35.230000+00:00,2026-05-31 20:44:36.398758+00:00,2026-05-31 20:45:03.760000+00:00,0.75,1.0986122886681098,0.6465381127084308,0.5120599515989638,0.555607320139366,0.05264373348542217,0.8322385202200047,-0.08223852022000466,0.920327,1.168758,2.0,1.0,0.0,1.0,0.0,0.0,0.0,0.0,0.0,0.0,0.0,1.0,-1.0,0.0,0.0,0.0,0.0,9.0,1680.0,-1.0,0.004969039949999537,0.75,4.881838,0.0,0.7705374971750429,yes,yes,home_yes,2026-05-31 20:44:41.280596+00:00,0.75,2.62,0.034399999999999986,0.01940824259861252,0.6206,,,,,may
1,True,823133,2026-05-31,1,47,2,2026-05-31 21:54:16.581000+00:00,2026-05-31 21:54:17.750070+00:00,2026-05-31 21:54:41.330000+00:00,0.78,1.265666373331276,0.7098531954855553,0.42223655818435063,1.2082699576645881,-0.05925904141232263,0.9264364213083003,-0.14643642130830026,0.377133,1.16907,6.0,1.0,0.0,1.0,0.0,0.0,0.0,0.0,0.0,0.0,0.0,1.0,0.0,-1.0,0.0,0.0,0.0,7.0,2221.72,-0.9438543110743028,1.1102230246251565e-16,0.78,4.761533,0.0,0.8072119720993749,yes,yes,home_yes,2026-05-31 21:54:22.511603+00:00,0.78,2.52,0.030299999999999994,0.038274169690424686,0.5241,,,,,may
1,True,823134,2026-05-20,1,10,5,2026-05-20 20:32:16.759000+00:00,2026-05-20 20:32:19.645508+00:00,2026-05-20 20:32:43.590000+00:00,0.44,-0.2411620568168881,0.36679279434029366,0.2994688231094066,0.3038279435754029,0.04068909532409978,0.5054939767372688,-0.06549397673726881,0.017231,2.886508,2.0,0.0,1.0,0.0,0.0,0.0,1.0,1.0,1.0,0.0,1.0,0.0,-1.0,-2.0,0.0,0.0,0.0,0.0,0.0,0.0,0.0,0.46,4.603453,0.08081940674170873,0.46192025999800645,yes,yes,home_yes,2026-05-20 20:32:21.783639+00:00,0.44,4.37,0.07539999999999991,0.020391536191288293,0.6391000000000002,profitable_reversal,2026-05-20 20:56:01.895258+00:00,0.62,0.07209999999999983,may
1,True,823134,2026-05-20,1,20,7,2026-05-20 20:55:59.025000+00:00,2026-05-20 20:56:00.812026+00:00,2026-05-20 20:56:40.752000+00:00,0.65,0.6190392084062236,0.5101901875586152,0.6255509425494923,-0.47241060888161046,-0.04425500900404067,0.5475765293928153,0.10242347060718471,0.376803,1.787026,3.0,0.0,2.0,0.0,0.0,0.0,1.0,0.0,0.0,0.0,0.0,-1.0,-3.0,-2.0,1.0,-1.0,0.0,0.0,0.0,0.0,0.0,0.62,3.682092,-0.12949098308751783,0.6206989056216625,no,away_yes,away_yes,2026-05-20 20:56:01.896331+00:00,0.35,5.46,0.08700000000000019,0.07298397530572256,-0.013299999999999423,profitable_reversal,2026-05-20 21:38:44.806822+00:00,0.38,0.09009999999999962,may
1,True,823134,2026-05-20,1,42,4,2026-05-20 21:38:39.900000+00:00,2026-05-20 21:38:41.189542+00:00,2026-05-20 21:39:59.393000+00:00,0.77,1.2083112059245342,0.7469056005939783,0.6333931475049285,0.5353749782663745,-0.05735516740674185,0.858275650871267,-0.08827565087126699,4.262588,1.289542,5.0,1.0,0.0,0.0,0.0,0.0,1.0,1.0,1.0,0.0,0.0,0.0,-1.0,-2.0,0.0,0.0,1.0,2.0,12.0,-0.3333333333333333,0.024999999999999967,0.77,4.358457,0.0,0.7942593519364943,yes,yes,home_yes,2026-05-20 21:38:45.547999+00:00,0.75,2.62,0.034399999999999986,0.08155950207361516,0.6206,,,,,may
1,True,823135,2026-05-29,1,47,1,2026-05-30 03:46:51.591000+00:00,2026-05-30 03:46:52.677880+00:00,2026-05-30 03:47:26.513000+00:00,0.56,0.24116205681688824,0.3259466426735579,0.5760923109495114,-1.033327770656586,-0.16430305129127598,0.34799533040502173,0.21200466959497832,0.443358,1.08688,6.0,0.0,2.0,0.0,0.0,0.0,1.0,0.0,1.0,0.0,0.0,-1.0,0.0,0.0,0.0,0.0,0.0,3.0,60.96,0.8359580052493438,0.008164965809277268,0.59,4.270065,0.12280332038452324,0.5328331334179383,no,away_yes,away_yes,2026-05-30 03:46:53.023909+00:00,0.42,4.57,0.07800000000000007,0.1375525802800222,-1.9974,,,,,may
1,True,823136,2026-05-19,0,55,3,2026-05-20 03:57:55.132000+00:00,2026-05-20 03:57:59.734911+00:00,2026-05-20 03:58:36.403000+00:00,0.8,1.3862943611198908,0.7122744111054552,0.6254796718620372,0.3935832883065249,-0.06371581438610785,0.8633731460221626,-0.0633731460221626,3.031694,4.602911,8.0,0.0,2.0,1.0,0.0,0.0,1.0,1.0,0.0,0.0,1.0,0.0,0.0,-2.0,0.0,0.0,0.0,0.0,0.0,0.0,0.0,0.8,4.327501,0.0,0.8256030914700044,yes,yes,home_yes,2026-05-20 03:58:01.331351+00:00,0.8,2.46,0.02760000000000007,0.035383605016210726,-0.1318999999999999,profitable_reversal,2026-05-20 04:12:21.341956+00:00,0.77,0.03049999999999997,may
1,True,823136,2026-05-19,0,61,4,2026-05-20 04:12:17.807000+00:00,2026-05-20 04:12:19.011750+00:00,2026-05-20 04:15:25.913000+00:00,0.68,0.7537718023763803,0.5557566402377757,0.7141493826865013,-0.691664821455707,0.1347325939701567,0.48185157299558634,0.1981484270044137,0.246412,1.20475,9.0,0.0,0.0,1.0,0.0,0.0,1.0,1.0,0.0,0.0,0.0,0.0,-1.0,-2.0,0.0,1.0,0.0,4.0,1407.47,1.0,0.0,0.77,4.90318,0.4545394035481539,0.6547528425436102,no,away_yes,away_yes,2026-05-20 04:12:23.525712+00:00,0.29,5.0,0.07210000000000005,0.20413578728194898,0.1971999999999996,profitable_reversal,2026-05-20 04:19:54.428443+00:00,0.36,0.08070000000000022,may
1,True,823137,2026-05-18,1,19,5,2026-05-19 02:21:32.562000+00:00,2026-05-19 02:21:34.460946+00:00,2026-05-19 02:22:07.948000+00:00,0.65,0.6190392084062236,0.4344304614411765,0.5140201986990296,-0.31989286692097746,-0.04425500900404067,0.5850165143068384,0.06498348569316159,3.680438,1.898946,3.0,0.0,1.0,1.0,0.0,0.0,1.0,0.0,1.0,0.0,0.0,0.0,-2.0,-2.0,0.0,0.0,1.0,5.0,67.21000000000001,1.0,0.007483314773547889,0.63,4.816959,-0.08682239465891539,0.6291079232549893,no,away_yes,away_yes,2026-05-19 02:21:34.461375+00:00,0.35,2.0,0.03190000000000004,0.009884153490021363,-0.7319,,,,,may
1,True,823138,2026-05-17,0,31,3,2026-05-18 00:28:00.774000+00:00,2026-05-18 00:28:02.422135+00:00,2026-05-18 00:28:40.957000+00:00,0.27,-0.9946225751440619,0.15055615764315744,0.24551817201147652,-0.6075854489799242,-0.05016096630321076,0.1747908060391685,0.09520919396083152,0.002196,1.648135,5.0,0.0,2.0,-2.0,0.0,0.0,1.0,0.0,0.0,0.0,0.0,-1.0,0.0,-2.0,1.0,0.0,-1.0,1.0,10.0,-1.0,0.0,0.26,3.226047,-0.05134598003862567,0.23819763296187527,no,away_yes,away_yes,2026-05-18 00:28:03.866977+00:00,0.73,2.0,0.02760000000000007,0.03600473407624949,0.5124,,,,,may
1,True,823142,2026-05-05,0,19,4,2026-05-06 02:16:53.822000+00:00,2026-05-06 02:16:54.899746+00:00,2026-05-06 02:17:20.955000+00:00,0.77,1.2083112059245342,0.7071411573791715,0.4554887986410795,1.060056964603847,-0.05735516740674185,0.910985146052688,-0.14098514605268797,0.494599,1.077746,3.0,1.0,1.0,2.0,0.0,0.0,0.0,0.0,0.0,0.0,0.0,2.0,-2.0,-1.0,-1.0,0.0,0.0,0.0,0.0,0.0,0.0,0.78,4.435689,0.05735516740674185,0.813397512296348,yes,yes,home_yes,2026-05-06 02:16:59.335435+00:00,0.78,2.0,0.02410000000000001,0.04269502459269603,-1.5841,,,,,may
1,True,823143,2026-05-04,1,40,3,2026-05-05 02:59:55.263000+00:00,2026-05-05 03:00:00.372445+00:00,2026-05-05 03:02:15.093000+00:00,0.36,-0.5753641449035618,0.1845970180966776,0.30426709219436593,-0.6584473536295163,-0.12805192685989703,0.24866228039632532,0.11133771960367467,1.088507,5.109445,6.0,0.0,0.0,-1.0,0.0,0.0,0.0,0.0,0.0,1.0,-2.0,0.0,-1.0,-1.0,-1.0,-1.0,-1.0,0.0,0.0,0.0,0.0,0.32,4.506489,-0.17840765747281828,0.32643072447457666,no,away_yes,away_yes,2026-05-05 03:00:00.687356+00:00,0.65,3.0,0.04779999999999984,0.022907826576270107,0.5569,profitable_reversal,2026-05-05 03:19:11.985116+00:00,0.86,0.0253000000000001,may
1,True,823143,2026-05-04,1,49,3,2026-05-05 03:19:48.629000+00:00,2026-05-05 03:19:50.121236+00:00,2026-05-05 03:22:40.314000+00:00,0.34,-0.663294217410264,0.22061112164943514,0.08024102288330225,1.176968160657285,-0.17374599209155817,0.6653927329668062,-0.3253927329668062,1.284669,1.492236,6.0,1.0,0.0,-1.0,0.0,0.0,0.0,0.0,0.0,0.0,0.0,3.0,-1.0,-1.0,-1.0,-1.0,0.0,0.0,0.0,0.0,0.0,0.34,4.723011,0.0,0.36448271007326616,yes,yes,home_yes,2026-05-05 03:19:50.221168+00:00,0.34,5.62,0.08829999999999982,0.04929283061175585,3.6209000000000002,,,,,may
1,True,823143,2026-05-04,1,53,7,2026-05-05 03:29:55.653000+00:00,2026-05-05 03:29:57.812985+00:00,2026-05-05 03:30:22.460000+00:00,0.73,0.9946225751440619,0.620397996415536,0.1955328756518489,1.905689430631144,0.0,0.9478618583256112,-0.21786185832561122,0.109233,2.159985,6.0,1.0,2.0,1.0,0.0,0.0,0.0,0.0,0.0,0.0,0.0,2.0,-3.0,-2.0,-1.0,0.0,0.0,2.0,37.73,-1.0,0.0,0.73,3.557738,0.0,0.7750040554458366,yes,yes,home_yes,2026-05-05 03:29:58.307393+00:00,0.73,2.68,0.03699999999999992,0.08361086859484226,0.6866000000000001,,,,,may
1,True,823144,2026-05-02,0,19,4,2026-05-03 02:33:27.854000+00:00,2026-05-03 02:33:29.142456+00:00,2026-05-03 02:34:11.914000+00:00,0.63,0.5322168137473082,0.5576582605810116,0.626172080574757,-0.28416605029276026,0.20944342148425737,0.5096506368112397,0.12034936318876033,0.307943,1.288456,3.0,0.0,1.0,1.0,0.0,0.0,0.0,1.0,0.0,0.0,0.0,0.0,-1.0,-2.0,0.0,1.0,0.0,8.0,3334.0299999999997,1.0,0.019202864369671536,0.66,4.421624,0.13107740366295606,0.6001731728732069,no,away_yes,away_yes,2026-05-03 02:33:29.572585+00:00,0.36,5.0,0.08070000000000022,0.11843413563396521,3.1193,,,,,may
1,True,823144,2026-05-02,0,72,4,2026-05-03 04:27:19.402000+00:00,2026-05-03 04:27:20.482739+00:00,2026-05-03 04:27:58.085000+00:00,0.35,-0.6190392084062235,0.0017933774478094966,0.004990242596989991,-1.0265915888217174,-0.2550738312048116,0.19931885528208115,0.15068114471791882,0.660698,1.080739,10.0,0.0,2.0,-1.0,0.0,0.0,0.0,0.0,0.0,0.0,1.0,-1.0,-1.0,-2.0,0.0,0.0,-1.0,3.0,657.13,1.0,5.551115123125783e-17,0.41,4.97924,0.2550738312048116,0.31270582304984196,no,away_yes,away_yes,2026-05-03 04:27:21.499301+00:00,0.63,3.09,0.05050000000000021,0.12653900677598812,1.0927999999999998,,,,,may
1,True,823146,2026-05-01,0,37,1,2026-05-02 03:04:27.995000+00:00,2026-05-02 03:04:30.296789+00:00,2026-05-02 03:04:52.763000+00:00,0.44,-0.2411620568168881,0.29789746175676984,0.1976673438807207,0.5436076486905905,0.0,0.5750402529528119,-0.1350402529528119,2.760552,2.301789,5.0,1.0,0.0,-1.0,0.0,0.0,0.0,0.0,0.0,0.0,0.0,1.0,0.0,0.0,0.0,0.0,0.0,1.0,21.39,1.0,0.0,0.44,3.634112,0.0,0.4606470872753093,yes,yes,home_yes,2026-05-02 03:04:33.930901+00:00,0.44,4.37,0.07539999999999991,0.014827771393101666,-1.9982,,,,,may
1,True,823216,2026-05-26,0,13,2,2026-05-27 02:11:53.361000+00:00,2026-05-27 02:11:55.305166+00:00,2026-05-27 02:12:15.411000+00:00,0.32,-0.7537718023763801,0.20660422672365475,0.3118186901287231,-0.5538867282524822,0.04634749773573299,0.20521620686177572,0.11478379313822429,0.660851,1.944166,2.0,0.0,2.0,-2.0,0.0,0.0,0.0,0.0,0.0,0.0,0.0,-1.0,0.0,-1.0,0.0,0.0,0.0,0.0,0.0,0.0,0.0,0.32,4.26141,0.0,0.2833092757188911,no,away_yes,away_yes,2026-05-27 02:11:56.697770+00:00,0.68,1.0,0.01529999999999998,0.021390724281108886,-0.01000000000000012,profitable_reversal,2026-05-27 02:26:28.819169+00:00,0.7,0.014700000000000046,may
1,True,823216,2026-05-26,0,22,2,2026-05-27 02:29:17.786000+00:00,2026-05-27 02:29:19.498419+00:00,2026-05-27 02:30:05.174000+00:00,0.36,-0.5753641449035618,0.30865158951480437,0.2100357691118327,0.5182790117972309,0.1328209130209238,0.45266565971416917,-0.09266565971416918,1.11204,1.712419,3.0,1.0,0.0,-2.0,0.0,0.0,0.0,0.0,1.0,0.0,0.0,0.0,0.0,-1.0,0.0,0.0,1.0,0.0,0.0,0.0,0.0,0.36,3.892076,0.0,0.38048757294405783,yes,yes,home_yes,2026-05-27 02:29:23.390495+00:00,0.36,5.31,0.08570000000000033,0.0230890123329468,0.2474999999999996,profitable_reversal,2026-05-27 03:10:54.469705+00:00,0.44,0.09160000000000013,may
1,True,823217,2026-05-27,0,57,7,2026-05-27 21:40:10.356000+00:00,2026-05-27 21:40:11.530342+00:00,2026-05-27 21:42:36.354000+00:00,0.21,-1.3249254147435987,0.07747324110023224,0.14058517355818262,-0.6667455811367882,0.0,0.12008019135640058,0.08991980864359941,0.260474,1.174342,8.0,0.0,0.0,-1.0,0.0,0.0,0.0,0.0,0.0,1.0,-2.0,0.0,-2.0,-2.0,-1.0,0.0,0.0,4.0,1309.6100000000001,-0.3360924244622444,0.008291561975888496,0.18,4.670046,-0.1914220746244899,0.1854936403069947,no,away_yes,away_yes,2026-05-27 21:40:11.635130+00:00,0.79,2.49,0.028999999999999693,0.0320208356355835,0.4939000000000002,,,,,may
1,True,823217,2026-05-27,0,64,1,2026-05-27 21:53:21.456000+00:00,2026-05-27 21:53:22.532228+00:00,2026-05-27 21:56:19.208000+00:00,0.23,-1.2083112059245342,0.0014714193680019916,0.08127835302820562,-4.094951815681286,0.057355167406741625,0.004676032949862983,0.22532396705013702,1.57633,1.076228,9.0,0.0,0.0,-1.0,0.0,0.0,0.0,0.0,0.0,1.0,-2.0,0.0,0.0,0.0,0.0,-1.0,0.0,8.0,88.94,1.0,0.006959705453537522,0.23,4.327256,0.0,0.17821566709817246,no,away_yes,away_yes,2026-05-27 21:53:22.538446+00:00,0.78,2.52,0.030299999999999994,0.07499651891260525,0.5241,,,,,may
1,True,823219,2026-05-25,0,13,2,2026-05-25 21:34:17.585000+00:00,2026-05-25 21:34:18.652864+00:00,2026-05-25 21:34:39.712000+00:00,0.42,-0.3227733922630512,0.26927008770482075,0.3981969147642881,-0.5853453478350286,0.1245388257806136,0.26256920408291684,0.15743079591708314,0.178069,1.067864,3.0,0.0,0.0,-1.0,0.0,0.0,0.0,0.0,0.0,0.0,0.0,-1.0,0.0,-1.0,0.0,0.0,0.0,4.0,3128.82,1.0,0.0,0.43,3.206543,0.0409222401220633,0.3779582853388995,no,away_yes,away_yes,2026-05-25 21:34:21.965469+00:00,0.58,1.0,0.017100000000000004,0.02494171466110051,0.40290000000000004,,,,,may
1,True,823220,2026-05-24,1,26,3,2026-05-24 21:01:19.872000+00:00,2026-05-24 21:01:21.742303+00:00,2026-05-24 21:01:44.979000+00:00,0.85,1.7346010553881064,0.811652929075956,0.5990540961967932,1.0592610488532819,0.0,0.9423432411694622,-0.09234324116946224,4.323095,1.870303,3.0,1.0,1.0,3.0,0.0,0.0,0.0,0.0,0.0,0.0,0.0,2.0,-1.0,-1.0,-1.0,0.0,0.0,1.0,1.0,1.0,0.0,0.85,3.357081,0.0,0.8767183042269514,yes,yes,home_yes,2026-05-24 21:01:24.396920+00:00,0.85,1.0,0.009000000000000008,0.01771830422695142,0.14100000000000001,,,,,may
1,True,823221,2026-05-10,1,35,5,2026-05-10 21:13:56.620000+00:00,2026-05-10 21:13:58.397359+00:00,2026-05-10 21:14:24.390000+00:00,0.39,-0.4473122180436648,0.2534294240643359,0.4169757348230584,-0.7452040002636364,0.21598199936659918,0.1964710349254129,0.1935289650745871,2.910775,1.777359,5.0,0.0,2.0,-1.0,0.0,0.0,0.0,0.0,0.0,0.0,0.0,-1.0,-2.0,-2.0,0.0,0.0,0.0,4.0,612.76,1.0,0.007071067811865462,0.4,4.951021,0.041847109935500504,0.3430942056745252,no,away_yes,away_yes,2026-05-10 21:13:58.789399+00:00,0.62,3.14,0.051799999999999846,0.06408419418199104,-1.9986,,,,,may
1,True,823222,2026-05-23,1,43,3,2026-05-23 21:38:34.588000+00:00,2026-05-23 21:38:36.218200+00:00,2026-05-23 21:38:57.618000+00:00,0.81,1.4500101755059986,0.760418756025691,0.421044533927226,1.4734636436880677,0.06371581438610785,0.9458209001214763,-0.1358209001214763,2.198044,1.6302,5.0,1.0,1.0,2.0,0.0,0.0,0.0,0.0,0.0,0.0,0.0,2.0,-1.0,-1.0,-1.0,0.0,0.0,1.0,5.0,1.0,0.0,0.81,4.590947,0.0,0.8442934048148516,yes,yes,home_yes,2026-05-23 21:38:36.512774+00:00,0.81,2.43,0.02619999999999978,0.05713297370008949,0.4355000000000002,,,,,may
1,True,823226,2026-05-06,0,23,6,2026-05-06 20:28:09.848000+00:00,2026-05-06 20:28:13.033409+00:00,2026-05-06 20:28:33.890000+00:00,0.4,-0.4054651081081643,0.2689787397853316,0.4066734722646519,-0.6220759003975567,0.041847109935500504,0.2555194645400847,0.14448053545991535,2.38082,3.185409,4.0,0.0,1.0,-1.0,0.0,0.0,0.0,0.0,0.0,0.0,0.0,-1.0,-2.0,-2.0,0.0,0.0,0.0,0.0,0.0,0.0,0.0,0.4,3.515689,0.0,0.361921586190353,no,away_yes,away_yes,2026-05-06 20:28:14.065227+00:00,0.61,3.19,0.053200000000000136,0.03637014005277392,1.1908999999999998,,,,,may
1,True,823227,2026-05-05,0,11,2,2026-05-06 02:02:40.089000+00:00,2026-05-06 02:02:41.130248+00:00,2026-05-06 02:03:08.077000+00:00,0.65,0.6190392084062236,0.5579581871681147,0.6737088972958674,-0.4921286290794371,0.0,0.5316851287403956,0.11831487125960438,3.504503,1.041248,2.0,0.0,1.0,1.0,0.0,0.0,0.0,0.0,0.0,0.0,0.0,-1.0,-1.0,0.0,0.0,0.0,0.0,0.0,0.0,0.0,0.0,0.67,4.272825,0.08914584951826243,0.6209807304216988,no,away_yes,away_yes,2026-05-06 02:02:45.034241+00:00,0.34,5.62,0.08829999999999982,0.13098829503005296,3.6209000000000002,,,,,may
1,True,823227,2026-05-05,0,32,2,2026-05-06 02:38:15.847000+00:00,2026-05-06 02:38:17.052005+00:00,2026-05-06 02:38:54.925000+00:00,0.44,-0.2411620568168881,0.25409228457767097,0.5196838141610901,-1.1556803299520053,-0.48232411363377636,0.2860761493331798,0.15392385066682018,0.563121,1.205005,4.0,0.0,2.0,-1.0,0.0,0.0,0.0,0.0,1.0,0.0,0.0,-2.0,-1.0,0.0,-1.0,-1.0,1.0,10.0,275.84000000000003,0.5371229698375869,0.046260134024881536,0.54,4.083057,0.4015047068920676,0.4072275453529485,no,away_yes,away_yes,2026-05-06 02:38:17.355165+00:00,0.43,4.47,0.07669999999999999,0.6508928722723203,2.4711999999999996,,,,,may
1,True,823228,2026-05-04,1,28,5,2026-05-05 02:36:33.700000+00:00,2026-05-05 02:36:35.131635+00:00,2026-05-05 02:37:20.733000+00:00,0.59,0.3639653772014115,0.567627814401386,0.5018085697490313,0.26494487899611285,0.0,0.6522423250506616,-0.06224232505066163,1.689351,1.431635,4.0,0.0,2.0,1.0,0.0,0.0,1.0,0.0,0.0,0.0,1.0,0.0,-2.0,-2.0,1.0,-1.0,0.0,0.0,0.0,0.0,0.0,0.6,3.572826,0.04149973090675274,0.6130449980370659,yes,yes,home_yes,2026-05-05 02:36:35.987575+00:00,0.59,3.29,0.05580000000000007,0.02001804354194689,1.2931000000000001,,,,,may
1,True,823294,2026-05-26,0,64,1,2026-05-27 03:59:29.738000+00:00,2026-05-27 03:59:30.745831+00:00,2026-05-27 04:01:09.587000+00:00,0.27,-0.9946225751440619,0.11911499605411895,0.08787349037846266,0.3390428178314524,0.0,0.34173325563102536,-0.07173325563102534,2.286401,1.007831,8.0,1.0,1.0,-1.0,0.0,0.0,1.0,0.0,0.0,0.0,0.0,0.0,0.0,0.0,1.0,0.0,0.0,20.0,938.5899999999999,-0.6549718194312746,0.008529361054615974,0.26,4.863952,-0.05134598003862567,0.2910227535410943,yes,yes,home_yes,2026-05-27 03:59:31.850047+00:00,0.27,7.04,0.09719999999999995,0.05080018492930383,-1.998,,,,,may
1,True,823295,2026-05-27,0,39,7,2026-05-27 21:33:56.536000+00:00,2026-05-27 21:34:01.148066+00:00,2026-05-27 21:34:47.832000+00:00,0.34,-0.663294217410264,0.16046547998940863,0.29823486520339715,-0.7990512860336407,-0.17374599209155817,0.21608995238655399,0.12391004761344604,0.308096,4.612066,6.0,0.0,1.0,-1.0,0.0,0.0,1.0,0.0,1.0,0.0,0.0,-1.0,-3.0,-2.0,0.0,-1.0,1.0,0.0,0.0,0.0,0.0,0.28,4.860734,-0.2811673914305872,0.3093404897868386,no,away_yes,away_yes,2026-05-27 21:34:01.299042+00:00,0.67,2.91,0.045099999999999696,0.015019174720299892,0.9152000000000002,,,,,may
1,True,823296,2026-05-25,0,23,1,2026-05-25 23:30:08.339000+00:00,2026-05-25 23:30:09.472562+00:00,2026-05-25 23:32:22.782000+00:00,0.44,-0.2411620568168881,0.312039110068997,0.4519614824280618,-0.5978548458643402,-0.040491361354736854,0.31034100819417554,0.12965899180582446,0.278465,1.133562,4.0,0.0,0.0,-1.0,0.0,0.0,0.0,0.0,0.0,1.0,-1.0,0.0,0.0,0.0,-1.0,0.0,-1.0,0.0,0.0,0.0,0.0,0.39,3.142946,-0.20615016122677668,0.3966344462573555,no,away_yes,away_yes,2026-05-25 23:30:10.464291+00:00,0.57,3.4,0.05840000000000023,0.05504288272499143,1.4036,,,,,may
1,True,823298,2026-05-22,1,39,1,2026-05-23 02:56:44.885000+00:00,2026-05-23 02:56:49.443664+00:00,2026-05-23 02:57:10.558000+00:00,0.59,0.3639653772014115,0.4471975250060721,0.27437997160545013,0.760512235299774,0.041191984938360626,0.747115254132439,-0.157115254132439,4.302227,4.558664,5.0,1.0,1.0,0.0,0.0,0.0,0.0,0.0,0.0,0.0,0.0,1.0,0.0,0.0,0.0,0.0,0.0,0.0,0.0,0.0,0.0,0.58,4.838999,-0.041191984938360626,0.6240877488093078,yes,yes,home_yes,2026-05-23 02:56:49.660749+00:00,0.59,3.29,0.05580000000000007,0.05634869358262283,1.2931000000000001,,,,,may
1,True,823300,2026-05-23,1,23,2,2026-05-24 02:39:13.094000+00:00,2026-05-24 02:39:15.222387+00:00,2026-05-24 02:41:05.821000+00:00,0.62,0.4895482253187058,0.6503363372577577,0.5374745422550843,0.47033814570607096,0.042236007275040954,0.7145631093170015,-0.09456310931700151,0.034896,2.128387,3.0,0.0,2.0,1.0,0.0,0.0,0.0,0.0,0.0,0.0,2.0,0.0,0.0,-1.0,-1.0,0.0,0.0,0.0,0.0,0.0,0.0,0.61,4.342056,-0.042236007275040954,0.6549033898150914,yes,yes,home_yes,2026-05-24 02:39:16.626489+00:00,0.62,3.14,0.051799999999999846,0.05779664401938729,1.1414000000000002,,,,,may
1,True,823301,2026-05-18,1,36,3,2026-05-19 02:59:39.348000+00:00,2026-05-19 02:59:41.035885+00:00,2026-05-19 03:00:15.132000+00:00,0.66,0.6632942174102643,0.6596319793954459,0.5068833191200216,0.6341196107076633,0.04425500900404067,0.7778461888799248,-0.11784618887992482,2.915775,1.687885,6.0,0.0,2.0,1.0,0.0,0.0,0.0,0.0,0.0,0.0,2.0,0.0,-1.0,-1.0,-1.0,0.0,0.0,0.0,0.0,0.0,0.0,0.7,4.512326,0.18400364297693916,0.7056627690618646,yes,yes,home_yes,2026-05-19 02:59:42.769940+00:00,0.68,1.0,0.01529999999999998,0.010362769061864618,0.30469999999999997,,,,,may
1,True,823301,2026-05-18,1,62,6,2026-05-19 03:54:56.001000+00:00,2026-05-19 03:54:57.033420+00:00,2026-05-19 03:55:41.952000+00:00,0.7,0.8472978603872034,0.6366543396562361,0.5262747138412341,0.4556764994113493,0.0,0.7863351373380981,-0.08633513733809817,0.547955,1.03242,9.0,0.0,1.0,1.0,0.0,0.0,1.0,1.0,0.0,0.0,1.0,0.0,-1.0,-2.0,0.0,0.0,0.0,14.0,254.19,-0.7425547818560919,0.02849991049037141,0.75,4.866188,0.25131442828090633,0.7328553757559033,yes,yes,home_yes,2026-05-19 03:54:58.218314+00:00,0.69,2.83,0.042400000000000215,0.07888071338920633,0.8349,,,,,may
1,True,823302,2026-05-19,0,24,4,2026-05-20 02:31:15.888000+00:00,2026-05-20 02:31:17.360834+00:00,2026-05-20 02:31:46.054000+00:00,0.7,0.8472978603872034,0.6927882931866515,0.43537609410073813,1.0731369651509526,-0.048086186667637865,0.8774521665840832,-0.17745216658408325,1.483212,1.472834,3.0,1.0,1.0,2.0,0.0,0.0,0.0,0.0,0.0,0.0,0.0,2.0,-2.0,-1.0,-1.0,0.0,0.0,0.0,0.0,0.0,0.0,0.7,4.924891,0.0,0.7524874832789141,yes,yes,home_yes,2026-05-20 02:31:17.442013+00:00,0.71,2.76,0.03980000000000028,0.0774654538498028,-1.9994,,,,,may
1,True,823303,2026-05-08,0,34,3,2026-05-09 03:06:27.203000+00:00,2026-05-09 03:06:28.534610+00:00,2026-05-09 03:07:12.313000+00:00,0.21,-1.3249254147435987,0.04591336628875664,0.24561149527253168,-1.9118417055865478,0.0,0.037805314414840606,0.17219468558515938,0.128312,1.33161,5.0,0.0,1.0,-4.0,0.0,0.0,0.0,0.0,0.0,0.0,0.0,-4.0,-1.0,-1.0,-1.0,-1.0,-1.0,5.0,48.22,0.9585234342596433,0.004898979485566347,0.13,4.950307,-0.5760333464494483,0.1811553490205951,no,away_yes,away_yes,2026-05-09 03:06:29.837989+00:00,0.77,2.55,0.031700000000000284,0.09285385999748229,0.5547999999999997,,,,,may
1,True,823305,2026-05-10,1,25,4,2026-05-10 21:04:44.897000+00:00,2026-05-10 21:04:45.942877+00:00,2026-05-10 21:05:08.241000+00:00,0.32,-0.7537718023763801,0.18069890768871066,0.391402300704483,-1.0701979736332412,0.0,0.13895821279744353,0.18104178720255648,0.216373,1.045877,4.0,0.0,2.0,-2.0,0.0,0.0,0.0,0.0,0.0,0.0,0.0,-2.0,-2.0,-1.0,0.0,-1.0,0.0,4.0,1137.6599999999999,1.0,0.0,0.32,3.419175,0.0,0.2852104601939372,no,away_yes,away_yes,2026-05-10 21:04:47.689033+00:00,0.69,1.0,0.015000000000000013,0.009789539806062897,-0.705,,,,,may
1,True,823306,2026-05-07,0,46,2,2026-05-08 03:45:00.440000+00:00,2026-05-08 03:45:01.773770+00:00,2026-05-08 03:45:32.649000+00:00,0.34,-0.663294217410264,0.10471269305644948,0.2543198122002719,-1.0702201095070079,-0.08793007250670215,0.16170664365620763,0.1782933563437924,0.010162,1.33377,7.0,0.0,1.0,-1.0,0.0,0.0,0.0,0.0,1.0,0.0,0.0,-1.0,0.0,-1.0,0.0,-1.0,1.0,12.0,277.0,0.8050541516245487,0.035619517121937505,0.27,4.045678,-0.331328357733798,0.30554044817730563,no,away_yes,away_yes,2026-05-08 03:45:03.460578+00:00,0.66,2.95,0.046399999999999775,0.05525567787694852,0.9566000000000001,,,,,may
1,True,823307,2026-05-03,1,29,3,2026-05-03 21:13:33.558000+00:00,2026-05-03 21:13:36.662118+00:00,2026-05-03 21:14:02.251000+00:00,0.78,1.265666373331276,0.6404251126681879,0.4641855350615571,0.7207133505312086,0.0,0.8793596030222927,-0.09935960302229263,0.656998,3.104118,4.0,1.0,1.0,1.0,0.0,0.0,0.0,0.0,0.0,0.0,0.0,1.0,-1.0,-1.0,0.0,0.0,0.0,0.0,0.0,0.0,0.0,0.75,3.770553,-0.1670540846631663,0.8087204322604982,yes,yes,home_yes,2026-05-03 21:13:38.913936+00:00,0.77,2.55,0.031700000000000284,0.06703710226427,0.5547999999999997,,,,,may
1,True,823308,2026-05-02,0,41,3,2026-05-03 02:05:04.321000+00:00,2026-05-03 02:05:05.519252+00:00,2026-05-03 02:06:32.218000+00:00,0.34,-0.663294217410264,0.1271521930368681,0.2971215583466458,-1.0653338472038736,0.04489084051422165,0.14510526434470825,0.19489473565529178,0.047094,1.198252,6.0,0.0,2.0,-2.0,0.0,0.0,1.0,0.0,0.0,0.0,0.0,-2.0,-2.0,0.0,1.0,-1.0,-1.0,7.0,255.09,1.0,0.006388765649999404,0.29,4.995281,-0.23208982964457736,0.30161017785659056,no,away_yes,away_yes,2026-05-03 02:05:05.539628+00:00,0.67,2.91,0.045099999999999696,0.03751438243732183,0.9152000000000002,,,,,may
1,True,823375,2026-05-30,1,79,6,2026-05-30 22:50:34.898000+00:00,2026-05-30 22:50:37.519285+00:00,2026-05-30 22:50:56.525000+00:00,0.72,0.9444616088408513,0.632254082170985,0.6562078993635083,-0.1045414593532662,-0.4418327522790395,0.7827480113501587,-0.06274801135015873,0.276582,2.621285,8.0,0.0,1.0,2.0,3.0,2.0,1.0,1.0,1.0,0.0,0.0,0.0,1.0,0.0,0.0,0.0,0.0,1.0,91.44,1.0,0.0,0.71,4.752752,-0.04907756178600997,0.7471635898258215,yes,yes,home_yes,2026-05-30 22:50:38.580953+00:00,0.72,2.72,0.03839999999999977,0.035484964326234894,0.7232000000000003,,,,,may
1,True,823376,2026-05-27,0,32,2,2026-05-27 23:41:10.977000+00:00,2026-05-27 23:41:12.410557+00:00,2026-05-27 23:41:46.272000+00:00,0.39,-0.4473122180436648,0.3079142059922281,0.45944811826636434,-0.647324140952592,-0.1654610659026769,0.2830920596082662,0.10690794039173379,1.418168,1.433557,4.0,0.0,2.0,-1.0,0.0,0.0,0.0,1.0,0.0,0.0,0.0,-1.0,0.0,-1.0,0.0,0.0,0.0,11.0,256.5,-0.4658869395711501,0.012331509060227744,0.4,4.319726,0.041847109935500504,0.3561166357301122,no,away_yes,away_yes,2026-05-27 23:41:14.379523+00:00,0.61,3.19,0.053200000000000136,0.05488793202094196,1.1908999999999998,,,,,may
1,True,823377,2026-05-29,1,16,3,2026-05-29 23:18:43.166000+00:00,2026-05-29 23:18:44.249534+00:00,2026-05-29 23:19:20.057000+00:00,0.42,-0.3227733922630512,0.44368034727133143,0.6302789541898726,-0.7596523942227993,0.08269171584511309,0.23773865226349394,0.18226134773650604,2.29777,1.083534,2.0,0.0,1.0,0.0,0.0,0.0,1.0,1.0,0.0,0.0,0.0,-2.0,0.0,-2.0,0.0,0.0,-1.0,5.0,53.68,1.0,0.004898979485566361,0.46,3.207173,0.16243074218787182,0.3854579981001171,no,away_yes,away_yes,2026-05-29 23:18:46.578509+00:00,0.57,3.4,0.05840000000000023,0.09304280645960158,0.40359999999999996,profitable_reversal,2026-05-30 01:42:56.612839+00:00,0.72,0.04800000000000004,may
1,True,823377,2026-05-29,1,25,1,2026-05-29 23:35:43.012000+00:00,2026-05-29 23:35:45.365789+00:00,2026-05-29 23:36:12.197000+00:00,0.31,-0.8001193001121131,0.27181022048525083,0.5162696101209575,-1.0505590198535455,-0.04634749773573299,0.14132469403324965,0.16867530596675034,0.277249,2.353789,3.0,0.0,2.0,-2.0,0.0,0.0,0.0,0.0,0.0,0.0,0.0,-2.0,0.0,0.0,-1.0,0.0,0.0,0.0,0.0,0.0,0.0,0.33,4.499968,0.09193424218762747,0.27470667786217956,no,away_yes,away_yes,2026-05-29 23:35:49.686299+00:00,0.67,2.91,0.045099999999999696,0.11580356742105752,0.059300000000000574,profitable_reversal,2026-05-30 01:42:56.612839+00:00,0.72,0.04109999999999969,may
1,True,823377,2026-05-29,1,73,4,2026-05-30 01:42:54.466000+00:00,2026-05-30 01:42:56.578916+00:00,2026-05-30 01:43:45.101000+00:00,0.27,-0.9946225751440619,0.004202065559016121,0.002446934664876283,0.5425011058935523,0.1580569347943236,0.3520185026190534,-0.08201850261905336,0.040607,2.112916,9.0,1.0,0.0,-1.0,0.0,0.0,1.0,0.0,0.0,0.0,0.0,0.0,-1.0,-2.0,1.0,0.0,0.0,0.0,0.0,0.0,0.0,0.29,3.829811,0.09923852808922062,0.29067638133845297,yes,yes,home_yes,2026-05-30 01:42:56.690445+00:00,0.26,7.31,0.09850000000000003,0.12574434758409112,5.3109,,,,,may
1,True,823378,2026-05-28,0,32,3,2026-05-28 23:47:23.636000+00:00,2026-05-28 23:47:25.079295+00:00,2026-05-28 23:47:56.872000+00:00,0.46,-0.16034265007517937,0.2605661900814222,0.32873799077569804,-0.3291293704537561,0.04032804538697188,0.37056352069058424,0.08943647930941578,2.422341,1.443295,4.0,1.0,2.0,-1.0,1.0,2.0,0.0,0.0,0.0,0.0,1.0,0.0,0.0,1.0,-1.0,0.0,0.0,0.0,0.0,0.0,0.0,0.45,4.016172,-0.04032804538697188,0.4114176445674474,no,away_yes,away_yes,2026-05-28 23:47:26.669412+00:00,0.56,3.46,0.059699999999999864,0.039194949796632156,1.4627,,,,,may
1,True,823381,2026-05-17,0,35,1,2026-05-17 18:49:50.390000+00:00,2026-05-17 18:49:56.015344+00:00,2026-05-17 18:50:23.753000+00:00,0.3,-0.8472978603872036,0.16423404498247401,0.19942158552037584,-0.2371427212567616,0.36101334553733067,0.1907021972117157,0.1092978027882843,2.485179,5.625344,5.0,1.0,1.0,-2.0,0.0,0.0,1.0,0.0,0.0,0.0,1.0,0.0,0.0,0.0,0.0,0.0,0.0,0.0,0.0,0.0,0.0,0.25,4.484942,-0.2513144282809062,0.24704366366183836,no,away_yes,away_yes,2026-05-17 18:49:58.410598+00:00,0.73,2.68,0.03699999999999992,0.024522981386273256,0.6866000000000001,,,,,may
1,True,823384,2026-05-15,0,21,5,2026-05-15 23:27:46.002000+00:00,2026-05-15 23:27:47.727256+00:00,2026-05-15 23:29:12.775000+00:00,0.72,0.9444616088408513,0.7703529259017478,0.5839324407566595,0.8713674417781103,-0.10150694634183632,0.8718410681210462,-0.15184106812104625,3.683816,1.725256,3.0,1.0,1.0,2.0,0.0,0.0,1.0,0.0,0.0,0.0,0.0,2.0,-2.0,-2.0,1.0,-1.0,-1.0,1.0,14.85,-1.0,0.0,0.82,4.697556,0.5718858805272369,0.7680712376880903,yes,yes,home_yes,2026-05-15 23:27:47.809473+00:00,0.74,2.65,0.035700000000000065,0.038688779873439175,-1.9967,,,,,may
1,True,823387,2026-05-03,1,56,4,2026-05-03 19:32:27.645000+00:00,2026-05-03 19:32:30.235104+00:00,2026-05-03 19:33:34.383000+00:00,0.83,1.5856272637403817,0.8503417779152453,0.2953516022083157,2.6068166187993556,0.0,0.9851155790682784,-0.15511557906827844,2.418464,2.590104,8.0,1.0,2.0,1.0,0.0,0.0,1.0,1.0,0.0,0.0,0.0,1.0,-1.0,-2.0,0.0,0.0,0.0,0.0,0.0,0.0,0.0,0.87,4.946102,0.3153314974526653,0.8651108039429125,yes,yes,home_yes,2026-05-03 19:32:34.377555+00:00,0.84,2.35,0.022199999999999998,0.03681038926584448,0.3538000000000001,,,,,may
1,True,823461,2026-05-22,0,57,1,2026-05-23 00:37:50.140000+00:00,2026-05-23 00:37:52.095782+00:00,2026-05-23 00:38:38.187000+00:00,0.18,-1.5163474893680886,0.0016053657606419636,0.007459308537425935,-1.541991714262271,-0.1914220746244899,0.05381340842141833,0.12618659157858167,0.029497,1.955782,9.0,0.0,1.0,-1.0,0.0,0.0,0.0,0.0,0.0,0.0,0.0,-1.0,0.0,0.0,0.0,0.0,0.0,2.0,55.04,-1.0,0.0,0.18,4.691696,0.0,0.15891632706458222,no,away_yes,away_yes,2026-05-23 00:37:55.061790+00:00,0.82,2.4,0.024800000000000155,0.025800815045002555,0.4072,,,,,may
1,True,823462,2026-05-20,0,14,3,2026-05-20 17:36:12.712000+00:00,2026-05-20 17:36:15.559692+00:00,2026-05-20 17:36:47.181000+00:00,0.4,-0.4054651081081643,0.24302487017962426,0.3432265154445544,-0.48721805218266057,0.0,0.2905564278446652,0.10944357215533485,0.356603,2.847692,2.0,0.0,2.0,-2.0,0.0,0.0,1.0,0.0,0.0,0.0,0.0,-1.0,-1.0,-1.0,1.0,0.0,-1.0,0.0,0.0,0.0,0.0,0.39,4.040342,-0.041847109935500504,0.3581432634122659,no,away_yes,away_yes,2026-05-20 17:36:16.442805+00:00,0.62,3.14,0.051799999999999846,0.01683015288548531,1.1414000000000002,,,,,may
1,True,823464,2026-05-19,0,45,2,2026-05-20 00:13:52.718000+00:00,2026-05-20 00:13:57.638131+00:00,2026-05-20 00:14:32.632000+00:00,0.26,-1.0459685551826876,0.07035456873818202,0.11551872786329276,-0.5456868551518972,0.0,0.16915111975375283,0.09084888024624718,1.361736,4.920131,7.0,0.0,0.0,-1.0,0.0,0.0,0.0,1.0,1.0,0.0,0.0,0.0,0.0,-1.0,0.0,0.0,1.0,0.0,0.0,0.0,0.0,0.17,3.734832,-0.539658708557694,0.22957298177739102,no,away_yes,away_yes,2026-05-20 00:13:58.285189+00:00,0.75,2.62,0.034399999999999986,0.019118787743235464,0.09450000000000047,profitable_reversal,2026-05-20 00:17:41.400747+00:00,0.81,0.02829999999999977,may
1,True,823464,2026-05-19,0,47,3,2026-05-20 00:17:39.851000+00:00,2026-05-20 00:17:41.321712+00:00,2026-05-20 00:20:28.703000+00:00,0.23,-1.2083112059245342,0.0875330713721636,0.061362213369621,0.3835002710732267,-0.0556316959861487,0.316656680116732,-0.08665668011673197,1.146466,1.470712,7.0,0.0,1.0,-1.0,0.0,0.0,1.0,1.0,1.0,0.0,1.0,0.0,-1.0,-1.0,0.0,0.0,0.0,0.0,0.0,0.0,0.0,0.23,3.535598,0.0,0.25147397924759846,yes,yes,home_yes,2026-05-20 00:17:42.211164+00:00,0.22,5.0,0.06009999999999982,0.09726989623799245,-1.1601,,,,,may
1,True,823465,2026-05-18,1,59,5,2026-05-19 00:43:16.058000+00:00,2026-05-19 00:43:17.170181+00:00,2026-05-19 00:43:51.387000+00:00,0.29,-0.8953840470548413,0.0920598132489513,0.2746185427124649,-1.3174253458512766,0.20322824161326847,0.0819578935916135,0.2080421064083865,0.168705,1.112181,8.0,0.0,2.0,-1.0,0.0,0.0,0.0,1.0,0.0,0.0,0.0,-1.0,-3.0,-1.0,0.0,0.0,0.0,6.0,322.93,-1.0,0.01247219128924647,0.29,4.141922,0.0,0.25131167413647915,no,away_yes,away_yes,2026-05-19 00:43:18.087214+00:00,0.71,0.67,0.009699999999999986,0.016221178328559013,-0.4854,,,,,may
1,True,823466,2026-05-08,0,24,5,2026-05-08 23:35:22.181000+00:00,2026-05-08 23:35:23.308786+00:00,2026-05-08 23:35:46.850000+00:00,0.27,-0.9946225751440619,0.11849137232309981,0.2583321522864678,-0.9521393092872614,0.0,0.12490687119429082,0.14509312880570918,0.720528,1.127786,4.0,0.0,0.0,-3.0,0.0,0.0,0.0,0.0,0.0,0.0,0.0,-2.0,-2.0,-2.0,-1.0,0.0,0.0,4.0,143.28,1.0,0.004330127018922198,0.25,4.884532,-0.10398971352404784,0.23643514873515128,no,away_yes,away_yes,2026-05-08 23:35:24.380656+00:00,0.73,1.0,0.013800000000000034,0.019764851264848726,0.013800000000000034,profitable_reversal,2026-05-09 02:09:43.896419+00:00,0.77,0.012399999999999967,may
1,True,823466,2026-05-08,0,94,6,2026-05-09 02:09:40.425000+00:00,2026-05-09 02:09:41.430574+00:00,2026-05-09 02:10:22.510000+00:00,0.33,-0.7081850579244856,0.004271149987113865,0.0029303487422126825,0.37810731499821415,0.0,0.41822170722686985,-0.08822170722686984,0.366643,1.005574,11.0,1.0,0.0,-2.0,0.0,0.0,1.0,1.0,0.0,0.0,0.0,0.0,-3.0,-2.0,1.0,0.0,0.0,11.0,283.0,-0.901060070671378,0.020810042076835632,0.3,4.713459,-0.13911280246271795,0.3551423566523813,yes,yes,home_yes,2026-05-09 02:09:44.934037+00:00,0.26,7.31,0.09850000000000003,0.5969906271289073,-1.9991,,,,,may
1,True,823468,2026-05-09,1,20,3,2026-05-09 23:17:19.782000+00:00,2026-05-09 23:17:27.332711+00:00,2026-05-09 23:17:47.185000+00:00,0.64,0.5753641449035619,0.5162277830299921,0.38886376961238045,0.5170247598942546,0.08581591958485613,0.7323489415823522,-0.09234894158235218,3.119975,7.550711,3.0,1.0,0.0,0.0,0.0,0.0,0.0,0.0,0.0,0.0,0.0,1.0,-2.0,0.0,0.0,0.0,0.0,0.0,0.0,0.0,0.0,0.64,3.828953,0.0,0.6662040322302446,yes,yes,home_yes,2026-05-09 23:17:27.727890+00:00,0.64,3.04,0.04909999999999992,0.030560257979943634,1.0453000000000001,,,,,may
1,True,823470,2026-05-06,1,64,3,2026-05-07 00:58:18.029000+00:00,2026-05-07 00:58:22.399059+00:00,2026-05-07 00:58:50.962000+00:00,0.75,1.0986122886681098,0.4584626679317471,0.3143635172380513,0.6132644244470613,0.0,0.8470795441314689,-0.09707954413146891,0.149463,4.370059,8.0,1.0,0.0,-1.0,0.0,0.0,1.0,1.0,1.0,0.0,0.0,0.0,-2.0,0.0,0.0,0.0,1.0,0.0,0.0,0.0,0.0,0.7,4.450313,-0.25131442828090633,0.7702524497830195,yes,yes,home_yes,2026-05-07 00:58:24.557320+00:00,0.7,2.79,0.041100000000000136,0.15490433489462452,0.7959,,,,,may
1,True,823544,2026-05-24,1,19,2,2026-05-24 18:15:45.051000+00:00,2026-05-24 18:15:53.365001+00:00,2026-05-24 18:18:00.366000+00:00,0.6,0.4054651081081642,0.45004304323797256,0.32911217659747216,0.5117065049035427,0.04149973090675274,0.7059245265580072,-0.10592452655800721,2.256409,8.314001,3.0,1.0,0.0,0.0,0.0,0.0,0.0,0.0,0.0,0.0,-1.0,0.0,0.0,-1.0,-1.0,0.0,-1.0,0.0,0.0,0.0,0.0,0.59,4.899208,-0.04149973090675274,0.634160650634176,yes,yes,home_yes,2026-05-24 18:15:53.559028+00:00,0.6,3.24,0.05449999999999999,0.056180508054730446,1.2415000000000003,,,,,may
1,True,823545,2026-05-21,0,43,3,2026-05-22 00:52:06.700000+00:00,2026-05-22 00:52:09.360451+00:00,2026-05-22 00:52:55.405000+00:00,0.36,-0.5753641449035618,0.19986994137153546,0.16066358448506568,0.26619153074562263,0.0,0.42331670720309605,-0.06331670720309607,1.226468,2.660451,6.0,0.0,2.0,-1.0,0.0,0.0,1.0,0.0,1.0,0.0,1.0,0.0,-2.0,0.0,0.0,-1.0,1.0,0.0,0.0,0.0,0.0,0.37,4.606204,0.04314733115625358,0.38067249097623296,yes,yes,home_yes,2026-05-22 00:52:10.581124+00:00,0.36,5.31,0.08570000000000033,0.02407092708379674,-1.9973,,,,,may
1,True,823546,2026-05-22,0,37,1,2026-05-23 00:20:47.700000+00:00,2026-05-23 00:20:49.513841+00:00,2026-05-23 00:21:18.477000+00:00,0.74,1.0459685551826876,0.6080790443461167,0.3899642097347766,0.8867073679570341,-0.05264373348542217,0.8792470991877332,-0.13924709918773326,0.634524,1.813841,5.0,1.0,0.0,1.0,0.0,0.0,0.0,0.0,0.0,0.0,0.0,1.0,0.0,0.0,0.0,0.0,0.0,0.0,0.0,0.0,0.0,0.74,4.063598,0.0,0.7683184987087254,yes,yes,home_yes,2026-05-23 00:20:51.024200+00:00,0.74,2.65,0.035700000000000065,0.039344021578122196,-1.9967,,,,,may
1,True,823547,2026-05-20,0,46,2,2026-05-21 03:02:47.118000+00:00,2026-05-21 03:02:50.715640+00:00,2026-05-21 03:04:15.567000+00:00,0.35,-0.6190392084062235,0.1339524444159984,0.20742859222675225,-0.5259595170383498,-0.043675063502661704,0.24949196219243408,0.1005080378075659,2.29737,3.59764,7.0,0.0,0.0,0.0,0.0,0.0,1.0,1.0,1.0,0.0,0.0,0.0,-1.0,0.0,0.0,0.0,1.0,0.0,0.0,0.0,0.0,0.29,4.579721,-0.2763448386486178,0.32446270830590784,no,away_yes,away_yes,2026-05-21 03:02:51.151343+00:00,0.65,3.0,0.04779999999999984,0.02881187508227656,1.0022,,,,,may
1,True,823548,2026-05-19,1,25,3,2026-05-20 00:02:47.169000+00:00,2026-05-20 00:02:50.315860+00:00,2026-05-20 00:03:24.781000+00:00,0.38,-0.4895482253187058,0.18022931988380164,0.31402674599906344,-0.7334341253483818,0.04266858842860244,0.22000264852627233,0.15999735147372768,4.381817,3.14686,4.0,0.0,0.0,-1.0,0.0,0.0,1.0,0.0,1.0,0.0,0.0,-1.0,-1.0,-1.0,0.0,-1.0,1.0,0.0,0.0,0.0,0.0,0.32,4.013524,-0.2642235770576743,0.34232371704541187,no,away_yes,away_yes,2026-05-20 00:02:54.772964+00:00,0.63,3.09,0.05050000000000021,0.0350197143296771,-1.9972,,,,,may
1,True,823549,2026-05-18,1,35,4,2026-05-19 00:25:03.145000+00:00,2026-05-19 00:25:04.341608+00:00,2026-05-19 00:25:43.098000+00:00,0.62,0.4895482253187058,0.46035622725214304,0.3184674708625455,0.6019149992546637,0.042236007275040954,0.740626476082946,-0.12062647608294597,1.992299,1.196608,4.0,1.0,2.0,0.0,0.0,0.0,0.0,1.0,0.0,0.0,0.0,1.0,-2.0,-1.0,0.0,1.0,-1.0,5.0,90.0,-1.0,0.0,0.62,4.687037,0.0,0.6572561861685271,yes,yes,home_yes,2026-05-19 00:25:09.028645+00:00,0.62,1.0,0.01649999999999996,0.020756186168527146,0.36350000000000005,,,,,may
1,True,823550,2026-05-06,0,18,1,2026-05-06 23:46:01.946000+00:00,2026-05-06 23:46:03.283320+00:00,2026-05-06 23:46:37.814000+00:00,0.33,-0.7081850579244856,0.2469735295210378,0.38749954502091744,-0.6569842069980274,-0.0891458495182621,0.21822788650035976,0.11177211349964025,2.861397,1.33732,3.0,0.0,0.0,-2.0,0.0,0.0,0.0,1.0,0.0,0.0,0.0,-1.0,0.0,0.0,-1.0,1.0,0.0,5.0,480.84999999999997,1.0,0.004898979485566361,0.32,4.466502,-0.04558674445189448,0.2944647535822212,no,away_yes,away_yes,2026-05-06 23:46:06.516661+00:00,0.68,2.87,0.04379999999999984,0.02948615721902538,0.8746,,,,,may
1,True,823550,2026-05-06,0,21,4,2026-05-06 23:52:14.849000+00:00,2026-05-06 23:52:16.916919+00:00,2026-05-06 23:52:43.140000+00:00,0.19,-1.4500101755059984,0.1431544274493194,0.31891224643635196,-1.030558564856631,0.0,0.07723166000957317,0.11276833999042683,0.025677,2.067919,3.0,0.0,2.0,-4.0,0.0,0.0,0.0,0.0,0.0,0.0,0.0,-2.0,-2.0,-1.0,0.0,-1.0,0.0,2.0,60.4,1.0,0.0,0.19,3.857616,0.0,0.16420087725802845,no,away_yes,away_yes,2026-05-06 23:52:20.578668+00:00,0.81,2.43,0.02619999999999978,0.036491868262990945,0.4355000000000002,,,,,may
1,True,823551,2026-05-07,1,20,1,2026-05-07 17:28:49.880000+00:00,2026-05-07 17:28:54.630820+00:00,2026-05-07 17:29:09.844000+00:00,0.63,0.5322168137473082,0.47775758721429484,0.6175937172565922,-0.5683756232745047,0.126751705639144,0.45936220817235324,0.17063779182764677,1.554017,4.75082,3.0,0.0,1.0,0.0,0.0,0.0,0.0,0.0,0.0,0.0,0.0,-1.0,0.0,0.0,0.0,0.0,0.0,0.0,0.0,0.0,0.0,0.63,4.759345,0.0,0.5989195036410582,no,away_yes,away_yes,2026-05-07 17:28:56.033342+00:00,0.38,5.04,0.08319999999999994,0.023045701649066858,-1.9984,,,,,may
1,True,823552,2026-05-04,1,35,2,2026-05-05 00:28:49.338000+00:00,2026-05-05 00:28:55.068759+00:00,2026-05-05 00:29:27.394000+00:00,0.84,1.6582280766035322,0.8851063985940091,0.7809569871087939,0.770449409478807,0.07260081286315057,0.9134160234608222,-0.07341602346082221,0.46871,5.730759,5.0,0.0,2.0,3.0,0.0,0.0,0.0,0.0,1.0,0.0,2.0,0.0,-1.0,0.0,-1.0,-1.0,1.0,0.0,0.0,0.0,0.0,0.82,4.982629,-0.14188058723544406,0.8634071104872518,yes,yes,home_yes,2026-05-05 00:28:56.618300+00:00,0.84,2.35,0.022199999999999998,0.03280670964504187,0.3538000000000001,,,,,may
1,True,823553,2026-05-05,1,51,2,2026-05-06 00:49:50.594000+00:00,2026-05-06 00:49:53.216216+00:00,2026-05-06 00:50:11.652000+00:00,0.79,1.3249254147435987,0.6508341020967974,0.34946973477033266,1.2440784736686914,0.05925904141232263,0.9248221526378091,-0.13482215263780906,0.217303,2.622216,6.0,1.0,2.0,1.0,0.0,0.0,0.0,0.0,0.0,0.0,0.0,1.0,-1.0,0.0,0.0,0.0,0.0,0.0,0.0,0.0,0.0,0.79,3.882547,0.0,0.8208504500682596,yes,yes,home_yes,2026-05-06 00:49:56.394027+00:00,0.79,2.49,0.028999999999999693,0.0478176206699667,0.4939000000000002,,,,,may
1,True,823554,2026-05-02,1,12,4,2026-05-02 18:08:50.094000+00:00,2026-05-02 18:08:53.069651+00:00,2026-05-02 18:09:20.254000+00:00,0.75,1.0986122886681098,0.7360457420485446,0.6252848533253167,0.5134752607478656,0.0,0.8337010135149255,-0.08370101351492554,1.713976,2.975651,2.0,1.0,0.0,1.0,0.0,0.0,0.0,0.0,0.0,0.0,0.0,1.0,-2.0,-1.0,0.0,0.0,0.0,0.0,0.0,0.0,0.0,0.75,4.998305,0.0,0.7759817280390596,yes,yes,home_yes,2026-05-02 18:08:53.391734+00:00,0.75,2.62,0.034399999999999986,0.033672127462336235,0.6206,,,,,may
1,True,823554,2026-05-02,1,23,1,2026-05-02 18:29:38.656000+00:00,2026-05-02 18:29:42.229611+00:00,2026-05-02 18:31:26.687000+00:00,0.77,1.2083112059245342,0.8122732281155816,0.7366288029721338,0.4363295335203654,-0.3773160578158474,0.883083194588528,-0.113083194588528,1.43713,3.573611,3.0,1.0,2.0,2.0,0.0,1.0,0.0,0.0,1.0,0.0,0.0,1.0,0.0,1.0,0.0,-1.0,0.0,0.0,0.0,0.0,0.0,0.87,4.419075,0.6926475552685127,0.8189867712513034,yes,yes,home_yes,2026-05-02 18:29:42.587925+00:00,0.77,2.55,0.031700000000000284,0.09321626669082325,0.5547999999999997,,,,,may
1,True,823555,2026-05-03,1,18,4,2026-05-03 18:23:11.606000+00:00,2026-05-03 18:23:13.095394+00:00,2026-05-03 18:23:59.431000+00:00,0.75,1.0986122886681098,0.567344995002091,0.5781260740244671,-0.04405852998568521,0.47957308026188616,0.6399116445800062,0.11008835541999384,0.665867,1.489394,3.0,0.0,1.0,0.0,0.0,0.0,0.0,0.0,0.0,0.0,1.0,-1.0,-1.0,-2.0,0.0,-1.0,0.0,8.0,1353.3,1.0,0.0033071891388307415,0.75,4.311489,0.0,0.7099954665186278,no,away_yes,away_yes,2026-05-03 18:23:17.456513+00:00,0.26,5.0,0.0673999999999999,0.0826226674068612,-0.3274999999999997,profitable_reversal,2026-05-03 18:34:03.123878+00:00,0.22,0.06009999999999982,may
1,True,823555,2026-05-03,1,23,2,2026-05-03 18:34:00.800000+00:00,2026-05-03 18:34:01.915754+00:00,2026-05-03 18:34:29.103000+00:00,0.77,1.2083112059245342,0.8084689710218185,0.5996122572179873,1.0362426993118898,-0.11661420881906448,0.9138178445629638,-0.14381784456296376,0.819702,1.115754,3.0,1.0,1.0,2.0,0.0,0.0,0.0,0.0,0.0,0.0,0.0,2.0,-1.0,0.0,0.0,-1.0,0.0,2.0,196.0,-0.9897959183673469,0.0050000000000000044,0.68,4.856868,-0.4545394035481539,0.8094539825694581,yes,yes,home_yes,2026-05-03 18:34:03.369571+00:00,0.68,2.87,0.04379999999999984,0.3277329299743448,0.11939999999999973,profitable_reversal,2026-05-03 18:52:19.633711+00:00,0.75,0.03770000000000007,may
1,True,823555,2026-05-03,1,30,4,2026-05-03 18:52:17.747000+00:00,2026-05-03 18:52:19.363226+00:00,2026-05-03 18:53:33.121000+00:00,0.62,0.4895482253187058,0.38299848350876786,0.5528853955956711,-0.6891762434461317,0.0,0.45025807607146684,0.16974192392853316,0.806045,1.616226,4.0,0.0,0.0,1.0,0.0,0.0,1.0,1.0,1.0,0.0,0.0,-1.0,-1.0,-2.0,0.0,0.0,0.0,1.0,5.0,-1.0,0.0,0.7,4.525105,0.35774963506849766,0.5908212685654254,no,away_yes,away_yes,2026-05-03 18:52:20.219124+00:00,0.25,7.6,0.09980000000000011,1.1099583589027668,1.2885,profitable_reversal,2026-05-03 18:54:45.136052+00:00,0.45,0.13169999999999993,may
1,True,823557,2026-05-01,1,9,3,2026-05-01 23:28:07.789000+00:00,2026-05-01 23:28:08.943814+00:00,2026-05-01 23:28:27.199000+00:00,0.63,0.5322168137473082,0.4023297389867141,0.5381699383513496,-0.5487445895888317,0.0,0.49586815009640667,0.13413184990359334,1.666308,1.154814,2.0,0.0,0.0,0.0,0.0,0.0,0.0,0.0,0.0,0.0,0.0,-1.0,-1.0,-1.0,0.0,0.0,0.0,4.0,4.0,-1.0,0.0,0.63,4.698053,0.0,0.5992640412728237,no,away_yes,away_yes,2026-05-01 23:28:10.660191+00:00,0.38,5.04,0.08319999999999994,0.021309231984968424,-1.9984,,,,,may
1,True,823621,2026-05-31,1,18,1,2026-05-31 18:17:55.995000+00:00,2026-05-31 18:17:58.030641+00:00,2026-05-31 18:18:23.568000+00:00,0.86,1.815289966638249,0.8165807857117419,0.6076365154488313,1.0559633274456637,-0.17714019805195735,0.9547131182923939,-0.09471311829239393,1.898567,2.035641,2.0,1.0,2.0,3.0,0.0,0.0,0.0,0.0,0.0,0.0,0.0,2.0,0.0,0.0,-1.0,0.0,0.0,1.0,1.15,1.0,0.0,0.85,4.40437,-0.08068891125014255,0.8846788340861812,yes,yes,home_yes,2026-05-31 18:17:58.084857+00:00,0.86,1.0,0.008500000000000063,0.01617883408618115,0.13149999999999995,,,,,may
1,True,823626,2026-05-27,1,20,2,2026-05-27 23:49:14.299000+00:00,2026-05-27 23:49:16.427131+00:00,2026-05-27 23:49:47.199000+00:00,0.72,0.9444616088408513,0.6281082325076366,0.5891412208930402,0.16369326560445652,-0.3804638059027474,0.8158708535353929,-0.09587085353539293,2.285117,2.128131,3.0,0.0,1.0,2.0,0.0,0.0,0.0,1.0,0.0,0.0,1.0,0.0,-1.0,0.0,-1.0,1.0,0.0,0.0,0.0,0.0,0.0,0.71,4.681844,-0.04907756178600997,0.7501664842749656,yes,yes,home_yes,2026-05-27 23:49:17.510955+00:00,0.71,2.76,0.03980000000000028,0.07105949659890479,0.7605999999999997,,,,,may
1,True,823627,2026-05-16,1,27,1,2026-05-17 00:21:02.302000+00:00,2026-05-17 00:21:04.146344+00:00,2026-05-17 00:21:54.807000+00:00,0.58,0.32277339226305085,0.5912971740283282,0.3544229829852868,0.9689838683434142,0.48311604233823024,0.6918198805938683,-0.11181988059386838,0.333788,1.844344,3.0,1.0,2.0,1.0,1.0,0.0,0.0,0.0,1.0,0.0,0.0,2.0,1.0,0.0,-1.0,-1.0,0.0,9.0,399.03,1.0,0.032356043952357846,0.71,4.279018,0.5726106547917904,0.618012527157213,yes,yes,home_yes,2026-05-17 00:21:04.274179+00:00,0.58,1.0,0.017100000000000004,0.020912527157213034,0.40290000000000004,,,,,may
1,True,823628,2026-05-17,1,18,4,2026-05-17 18:11:56.987000+00:00,2026-05-17 18:12:00.333770+00:00,2026-05-17 18:12:24.330000+00:00,0.41,-0.3639653772014119,0.287309634350843,0.4132874880976348,-0.5580950630659867,-0.04119198493836074,0.29299784595541745,0.11700215404458253,0.337364,3.34677,3.0,0.0,1.0,-1.0,0.0,0.0,0.0,0.0,0.0,0.0,0.0,-1.0,-2.0,-1.0,0.0,0.0,0.0,0.0,0.0,0.0,0.0,0.41,3.727548,0.0,0.3716991945596175,no,away_yes,away_yes,2026-05-17 18:12:01.428934+00:00,0.6,3.24,0.05449999999999999,0.03719460962683929,-1.9985,,,,,may
1,True,823628,2026-05-17,1,48,5,2026-05-17 19:15:04.834000+00:00,2026-05-17 19:15:08.311574+00:00,2026-05-17 19:16:07.759000+00:00,0.32,-0.7537718023763801,0.1960186595008988,0.22585783817972416,-0.1795164427582976,0.2921967528063075,0.22697263350879354,0.09302736649120646,1.373388,3.477574,6.0,0.0,1.0,0.0,0.0,0.0,1.0,1.0,1.0,0.0,0.0,0.0,-2.0,-2.0,1.0,0.0,0.0,0.0,0.0,0.0,0.0,0.32,3.503568,0.0,0.2806506706308606,no,away_yes,away_yes,2026-05-17 19:15:12.886112+00:00,0.69,2.83,0.042400000000000215,0.0406586021146645,-1.9951,,,,,may
1,True,823631,2026-05-13,1,80,6,2026-05-14 02:15:57.214000+00:00,2026-05-14 02:15:59.500992+00:00,2026-05-14 02:16:24.410000+00:00,0.69,0.8001193001121129,0.007231120241618893,0.009628358945596178,-0.2887364527475027,0.2679024863648046,0.5605711504488367,0.1294288495511633,0.055751,2.286992,10.0,1.0,1.0,0.0,0.0,0.0,0.0,1.0,0.0,0.0,1.0,0.0,-2.0,-2.0,0.0,0.0,0.0,0.0,0.0,0.0,0.0,0.69,4.582494,0.0,0.6326052387688136,no,away_yes,away_yes,2026-05-14 02:16:01.297465+00:00,0.3,6.35,0.09340000000000015,0.33455673381803364,-1.9984,,,,,may
1,True,823703,2026-05-20,1,33,2,2026-05-20 18:54:29.519000+00:00,2026-05-20 18:54:33.619749+00:00,2026-05-20 18:55:09.663000+00:00,0.85,1.7346010553881064,0.8537115806308438,0.47824793667817667,1.8510764675653266,0.14897379164772473,0.9688321339673203,-0.11883213396732029,2.813828,4.100749,4.0,1.0,2.0,3.0,0.0,0.0,0.0,0.0,0.0,0.0,0.0,3.0,0.0,-1.0,-1.0,-1.0,0.0,0.0,0.0,0.0,0.0,0.85,4.237319,0.0,0.8751180543215218,yes,yes,home_yes,2026-05-20 18:54:34.507406+00:00,0.84,2.35,0.022199999999999998,0.06032742765557628,0.3538000000000001,,,,,may
1,True,823705,2026-05-18,1,42,5,2026-05-19 02:59:33.276000+00:00,2026-05-19 02:59:35.433340+00:00,2026-05-19 03:00:08.108000+00:00,0.81,1.4500101755059986,0.8760789137199669,0.7408308787355617,0.905519670021363,0.06371581438610785,0.9081968076157814,-0.09819680761578131,1.429311,2.15734,6.0,0.0,2.0,3.0,0.0,0.0,0.0,0.0,1.0,0.0,2.0,0.0,-2.0,-2.0,-1.0,-1.0,1.0,0.0,0.0,0.0,0.0,0.86,3.337171,0.3652797911322503,0.8464337503801769,yes,yes,home_yes,2026-05-19 02:59:38.272877+00:00,0.8,2.46,0.02760000000000007,0.08662702593523493,0.4643999999999999,,,,,may
1,True,823706,2026-05-16,0,12,3,2026-05-16 23:32:46.825000+00:00,2026-05-16 23:32:50.766895+00:00,2026-05-16 23:33:26.287000+00:00,0.65,0.6190392084062236,0.6246788319383577,0.4906494795562708,0.5468619840563342,0.043675063502661704,0.7544014070024604,-0.10440140700246037,2.202164,3.941895,2.0,1.0,0.0,0.0,0.0,0.0,0.0,1.0,1.0,0.0,0.0,0.0,-1.0,-1.0,-1.0,1.0,1.0,0.0,0.0,0.0,0.0,0.64,4.165375,-0.043675063502661704,0.6847015436316094,yes,yes,home_yes,2026-05-16 23:32:54.932270+00:00,0.64,1.0,0.016199999999999992,0.028501543631609394,-0.6562,,,,,may
1,True,823707,2026-05-15,0,60,4,2026-05-16 01:18:08.058000+00:00,2026-05-16 01:18:09.476446+00:00,2026-05-16 01:18:51.295000+00:00,0.17,-1.5856272637403817,0.027452172800134678,0.13152110117350468,-1.6798979489371357,0.0,0.03677300045371471,0.1332269995462853,0.864669,1.418446,8.0,0.0,0.0,-1.0,0.0,0.0,0.0,1.0,1.0,0.0,0.0,-1.0,-2.0,-1.0,-1.0,0.0,1.0,6.0,64.0,0.09375,0.0121335164821342,0.17,4.726278,0.0,0.14795617290509733,no,away_yes,away_yes,2026-05-16 01:18:13.469195+00:00,0.83,2.38,0.023600000000000287,0.028864308485868163,0.3809999999999998,,,,,may
1,True,823708,2026-05-17,1,63,1,2026-05-17 20:32:31.298000+00:00,2026-05-17 20:32:32.736338+00:00,2026-05-17 20:33:01.232000+00:00,0.65,0.6190392084062236,0.5278600009395207,0.659069332661646,-0.5475940538136509,-0.04425500900404067,0.528892816879761,0.12110718312023905,4.274572,1.438338,8.0,0.0,0.0,1.0,0.0,0.0,0.0,1.0,0.0,0.0,0.0,0.0,0.0,0.0,0.0,1.0,0.0,0.0,0.0,0.0,0.0,0.63,4.232113,-0.08682239465891539,0.6220892205060783,no,away_yes,away_yes,2026-05-17 20:32:32.793025+00:00,0.31,6.15,0.09209999999999985,0.3255512938876187,-1.9986,,,,,may
1,True,823709,2026-05-14,1,17,6,2026-05-14 18:15:06.247000+00:00,2026-05-14 18:15:07.533950+00:00,2026-05-14 18:16:26.446000+00:00,0.66,0.6632942174102643,0.7259946860906471,0.6522412284074319,0.3454897739455608,-0.044890840514221764,0.7414799431462489,-0.08147994314624885,0.402614,1.28695,2.0,1.0,0.0,0.0,0.0,0.0,1.0,1.0,1.0,0.0,0.0,0.0,-3.0,-2.0,0.0,0.0,1.0,6.0,441.51,1.0,0.0,0.7,4.572939,0.18400364297693916,0.6857984346370055,yes,yes,home_yes,2026-05-14 18:15:07.788502+00:00,0.66,2.95,0.046399999999999775,0.029705382179166406,0.9566000000000001,,,,,may
1,True,823709,2026-05-14,1,18,3,2026-05-14 18:17:11.898000+00:00,2026-05-14 18:17:19.097360+00:00,2026-05-14 18:18:14.971000+00:00,0.83,1.5856272637403817,0.8663762847951854,0.7216765923715404,0.9164982376186375,0.0,0.9242906912579538,-0.09429069125795386,4.08301,7.19936,2.0,1.0,0.0,2.0,0.0,0.0,0.0,1.0,1.0,0.0,0.0,2.0,-1.0,-1.0,-1.0,0.0,0.0,0.0,0.0,0.0,0.0,0.83,4.228854,0.0,0.8583613277226945,yes,yes,home_yes,2026-05-14 18:17:23.326214+00:00,0.83,2.38,0.023600000000000287,0.04389995998001264,0.3809999999999998,,,,,may
1,True,823711,2026-05-03,1,75,6,2026-05-03 19:36:38.511000+00:00,2026-05-03 19:36:39.731497+00:00,2026-05-03 19:37:57.777000+00:00,0.79,1.3249254147435987,0.7501247799898028,0.805965987419455,-0.32473018339813975,0.2789568595609111,0.6728796566655053,0.11712034333449473,0.074208,1.220497,9.0,0.0,1.0,1.0,0.0,0.0,1.0,0.0,0.0,0.0,0.0,0.0,-3.0,-2.0,1.0,0.0,0.0,1.0,5.0,1.0,0.0,0.79,3.75771,0.0,0.7508647792946335,no,away_yes,away_yes,2026-05-03 19:36:41.545623+00:00,0.22,8.62,0.10360000000000014,0.14754560248025933,-2.0,,,,,may
1,True,823715,2026-05-02,0,11,6,2026-05-02 18:30:02.788000+00:00,2026-05-02 18:30:03.945001+00:00,2026-05-02 18:30:46.365000+00:00,0.36,-0.5753641449035618,0.31098324396730315,0.4377812511635243,-0.5453549093464064,0.043675063502661704,0.23786976815193384,0.12213023184806615,2.097897,1.157001,2.0,0.0,2.0,-1.0,0.0,0.0,0.0,0.0,0.0,0.0,0.0,-1.0,-3.0,-2.0,0.0,0.0,0.0,2.0,155.17000000000002,1.0,0.0,0.36,4.431285,0.0,0.3240541729091341,no,away_yes,away_yes,2026-05-02 18:30:04.087520+00:00,0.65,3.0,0.04779999999999984,0.030037481272597866,1.0022,,,,,may
1,True,823783,2026-05-27,1,57,2,2026-05-27 19:40:33.621000+00:00,2026-05-27 19:40:35.604157+00:00,2026-05-27 19:42:05.968000+00:00,0.66,0.6632942174102643,0.26254993802076393,0.39661556861025915,-0.61317001492676,-0.18400364297693916,0.5582660456513744,0.10173395434862564,0.985088,1.983157,8.0,1.0,1.0,-1.0,0.0,0.0,1.0,0.0,1.0,0.0,1.0,0.0,-1.0,0.0,0.0,0.0,0.0,0.0,0.0,0.0,0.0,0.56,4.597075,-0.42213216059337605,0.6148632423984914,no,away_yes,away_yes,2026-05-27 19:40:35.604984+00:00,0.34,4.58,0.07199999999999984,0.13472634981490927,-1.6292,,,,,may
1,True,823786,2026-05-24,0,38,1,2026-05-24 19:35:06.366000+00:00,2026-05-24 19:35:07.702886+00:00,2026-05-24 19:35:26.813000+00:00,0.31,-0.8001193001121131,0.27858615976356926,0.2829664943613186,-0.021691497548832817,-0.3105710747934073,0.37490295054797285,-0.06490295054797285,0.50709,1.336886,5.0,0.0,0.0,0.0,1.0,0.0,1.0,1.0,0.0,0.0,0.0,0.0,1.0,0.0,0.0,0.0,0.0,2.0,153.66,1.0,0.0,0.3,3.357637,-0.047178560275090486,0.3315566252863444,yes,yes,home_yes,2026-05-24 19:35:08.738319+00:00,0.31,6.15,0.09209999999999985,0.040473245511018136,-1.9986,,,,,may
1,True,823787,2026-05-23,0,31,3,2026-05-24 00:21:03.207000+00:00,2026-05-24 00:21:04.832371+00:00,2026-05-24 00:21:29.658000+00:00,0.38,-0.4895482253187058,0.31047676931652446,0.6770867564449989,-1.5383070289093497,0.04266858842860244,0.11199493073249842,0.26800506926750156,1.949154,1.625371,4.0,0.0,1.0,-1.0,0.0,0.0,0.0,0.0,0.0,0.0,0.0,-3.0,0.0,-2.0,-1.0,-1.0,0.0,2.0,887.78,1.0,0.0,0.38,4.878202,0.0,0.30765857506978256,no,away_yes,away_yes,2026-05-24 00:21:04.850719+00:00,0.63,3.09,0.05050000000000021,0.14213500303437165,1.0927999999999998,,,,,may
1,True,823792,2026-05-09,1,75,3,2026-05-10 02:08:14.564000+00:00,2026-05-10 02:08:17.550181+00:00,2026-05-10 02:11:05.062000+00:00,0.46,-0.16034265007517937,0.0037680670134100603,0.006862002514337773,-0.6025476396726024,0.45869655833104417,0.22765731535474276,0.23234268464525726,1.148312,2.986181,10.0,1.0,0.0,-1.0,0.0,0.0,0.0,1.0,0.0,0.0,-2.0,-1.0,0.0,-2.0,-1.0,0.0,0.0,0.0,0.0,0.0,0.0,0.45,4.577341,-0.04032804538697188,0.3505686157283087,no,away_yes,away_yes,2026-05-10 02:08:18.927250+00:00,0.56,3.46,0.059699999999999864,0.24973258958005157,-1.9973,,,,,may
1,True,823793,2026-05-10,1,30,2,2026-05-10 19:16:30.418000+00:00,2026-05-10 19:16:34.290601+00:00,2026-05-10 19:17:10.766000+00:00,0.47,-0.12014431184206334,0.4481663741574132,0.33572225909598435,0.474334074188137,0.20262908042098784,0.5378178065781425,-0.06781780657814251,2.060286,3.872601,4.0,1.0,0.0,-2.0,0.0,0.0,1.0,1.0,1.0,0.0,0.0,0.0,0.0,-1.0,0.0,0.0,1.0,0.0,0.0,0.0,0.0,0.47,4.409439,0.0,0.492610078625439,yes,yes,home_yes,2026-05-10 19:16:36.286400+00:00,0.43,4.47,0.07669999999999999,0.2031670514557123,2.4711999999999996,,,,,may
1,True,823794,2026-05-08,1,14,2,2026-05-09 00:09:06.821000+00:00,2026-05-09 00:09:08.665391+00:00,2026-05-09 00:09:43.910000+00:00,0.8,1.3862943611198908,0.8617864841871771,0.7772311791215295,0.5806045584572805,-0.8109302162163288,0.9414659274188548,-0.14146592741885478,2.501454,1.844391,2.0,1.0,0.0,2.0,0.0,0.0,1.0,1.0,1.0,0.0,0.0,1.0,0.0,-1.0,0.0,0.0,0.0,2.0,230.77,0.7333275555748147,0.0050000000000000044,0.82,4.150098,0.13005312824819737,0.8378148612013128,yes,yes,home_yes,2026-05-09 00:09:08.873769+00:00,0.81,2.43,0.02619999999999978,0.04139011271919012,0.4355000000000002,,,,,may
1,True,823861,2026-05-24,1,60,3,2026-05-24 19:53:13.037000+00:00,2026-05-24 19:53:15.100458+00:00,2026-05-24 19:53:55.666000+00:00,0.56,0.24116205681688824,0.4521314331998431,0.3723300541111058,0.330171263702569,0.08081940674170876,0.6202274898211562,-0.06022748982115611,0.089481,2.063458,7.0,1.0,2.0,0.0,0.0,0.0,1.0,1.0,1.0,0.0,0.0,0.0,0.0,-2.0,0.0,0.0,1.0,3.0,56.0,1.0,0.0,0.64,3.705858,0.3342020880866737,0.5820001387773194,yes,yes,home_yes,2026-05-24 19:53:15.102649+00:00,0.56,3.46,0.059699999999999864,0.016420480169524992,1.4627,,,,,may
1,True,823863,2026-05-22,1,25,1,2026-05-23 00:05:37.696000+00:00,2026-05-23 00:05:39.307573+00:00,2026-05-23 00:07:48.782000+00:00,0.58,0.32277339226305085,0.47434887856729896,0.393708812780176,0.3290541516701592,0.04092224012206336,0.6481472864500099,-0.06814728645000989,0.738453,1.611573,4.0,1.0,0.0,0.0,0.0,0.0,0.0,0.0,0.0,0.0,-1.0,0.0,0.0,0.0,-1.0,0.0,0.0,0.0,0.0,0.0,0.0,0.58,4.494246,0.0,0.6002972650212492,yes,yes,home_yes,2026-05-23 00:05:43.801819+00:00,0.58,3.34,0.05700000000000016,0.010792865170972457,1.3457999999999999,,,,,may
1,True,823863,2026-05-22,1,29,2,2026-05-23 00:12:30.109000+00:00,2026-05-23 00:12:33.818797+00:00,2026-05-23 00:13:00.579000+00:00,0.7,0.8472978603872034,0.6205319830596698,0.46992890401885995,0.6122365565749901,-0.048086186667637865,0.8187083126923601,-0.11870831269236015,0.576208,3.709797,4.0,1.0,2.0,1.0,0.0,0.0,1.0,0.0,0.0,0.0,0.0,1.0,-1.0,0.0,1.0,0.0,-1.0,0.0,0.0,0.0,0.0,0.7,3.396869,0.0,0.7363367214732035,yes,yes,home_yes,2026-05-23 00:12:37.215666+00:00,0.7,2.79,0.041100000000000136,0.06027945291023776,0.7959,,,,,may
1,True,823865,2026-05-19,0,38,6,2026-05-19 21:26:29.106000+00:00,2026-05-19 21:26:32.979072+00:00,2026-05-19 21:29:27.063000+00:00,0.68,0.7537718023763803,0.6719641687483404,0.6098387083434558,0.27044788707347944,-0.046347497735732546,0.7447047641818164,-0.06470476418181637,3.267361,3.873072,5.0,0.0,1.0,2.0,0.0,0.0,0.0,1.0,0.0,0.0,1.0,0.0,-3.0,-2.0,0.0,0.0,0.0,0.0,0.0,0.0,0.0,0.68,4.991125,0.0,0.7050849718843865,yes,yes,home_yes,2026-05-19 21:26:33.797717+00:00,0.68,2.87,0.04379999999999984,0.02819386930818915,-1.9954,,,,,may
1,True,823865,2026-05-19,0,45,4,2026-05-19 21:38:59.276000+00:00,2026-05-19 21:39:01.130196+00:00,2026-05-19 21:39:36.445000+00:00,0.69,0.8001193001121129,0.7226724460643758,0.677974812938594,0.2132763834001684,-0.09526474694272846,0.7518792899302512,-0.06187928993025127,0.993699,1.854196,5.0,1.0,1.0,1.0,2.0,2.0,0.0,1.0,1.0,0.0,0.0,0.0,1.0,0.0,-1.0,0.0,1.0,0.0,0.0,0.0,0.0,0.69,4.970878,0.0,0.7151385729355337,yes,yes,home_yes,2026-05-19 21:39:02.642376+00:00,0.69,1.14,0.017100000000000115,0.011557973146508398,-0.8037,,,,,may
1,True,823869,2026-05-09,1,78,1,2026-05-09 23:02:19.156000+00:00,2026-05-09 23:02:20.645014+00:00,2026-05-09 23:05:34.547000+00:00,0.8,1.3862943611198908,0.8193092636911199,0.7321849621816445,0.5059381154502067,-0.06371581438610785,0.8760937952089811,-0.07609379520898107,1.29934,1.489014,9.0,0.0,2.0,1.0,0.0,0.0,1.0,0.0,0.0,0.0,1.0,0.0,0.0,0.0,1.0,-1.0,0.0,1.0,18.27,1.0,0.0,0.76,4.653055,-0.23361485118150527,0.8301637976823103,yes,yes,home_yes,2026-05-09 23:02:23.187750+00:00,0.78,2.52,0.030299999999999994,0.0961127701594219,0.5241,,,,,may
1,True,823870,2026-05-07,1,18,4,2026-05-07 23:16:21.406000+00:00,2026-05-07 23:16:22.580743+00:00,2026-05-07 23:17:14.691000+00:00,0.59,0.3639653772014115,0.43258006709582764,0.599565189193376,-0.674985940626041,-0.08334684084225336,0.44332616699377075,0.14667383300622922,4.847318,1.174743,3.0,0.0,1.0,1.0,0.0,0.0,0.0,1.0,1.0,0.0,0.0,-1.0,-2.0,-1.0,-1.0,0.0,1.0,1.0,9.0,1.0,0.0,0.59,3.71241,0.0,0.5567018811185379,no,away_yes,away_yes,2026-05-07 23:16:24.987134+00:00,0.42,4.57,0.07800000000000007,0.028472403288281753,-1.9974,,,,,may
1,True,823873,2026-05-05,0,21,4,2026-05-05 23:22:07.232000+00:00,2026-05-05 23:22:09.594883+00:00,2026-05-05 23:22:49.772000+00:00,0.56,0.24116205681688824,0.5183687423698511,0.30744535791671285,0.8855978181196041,0.0,0.7552404499309012,-0.19524044993090117,0.966342,2.362883,2.0,1.0,2.0,0.0,0.0,0.0,1.0,0.0,1.0,0.0,0.0,2.0,-2.0,-1.0,0.0,-1.0,0.0,0.0,0.0,0.0,0.0,0.57,3.96365,0.040689095324099256,0.6050193889329434,yes,yes,home_yes,2026-05-05 23:22:10.446000+00:00,0.57,1.0,0.017200000000000104,0.017819388932943325,-0.5872,,,,,may
1,True,823877,2026-05-01,0,29,1,2026-05-02 00:14:57.573000+00:00,2026-05-02 00:15:04.563062+00:00,2026-05-02 00:16:26.618000+00:00,0.43,-0.2818511521409879,0.2744894972795944,0.4219715224443521,-0.6572772426189778,0.08211422506042404,0.2647854239399797,0.16521457606002027,0.027156,6.990062,4.0,0.0,2.0,-1.0,0.0,0.0,0.0,1.0,1.0,0.0,0.0,-1.0,0.0,0.0,-1.0,1.0,0.0,0.0,0.0,0.0,0.0,0.39,3.528684,-0.1654610659026769,0.39512612018704724,no,away_yes,away_yes,2026-05-02 00:15:08.084425+00:00,0.58,3.34,0.05700000000000016,0.026078758575262012,0.3633999999999997,profitable_reversal,2026-05-02 01:04:54.153651+00:00,0.72,0.04720000000000013,may
1,True,823877,2026-05-01,0,47,6,2026-05-02 01:04:52.014000+00:00,2026-05-02 01:04:53.585631+00:00,2026-05-02 01:07:28.493000+00:00,0.33,-0.7081850579244856,0.25322547353603225,0.12038869066703972,0.9072715095888721,0.5001261480000486,0.4253033404703868,-0.0953033404703868,2.335371,1.571631,6.0,1.0,0.0,-1.0,0.0,0.0,0.0,0.0,0.0,0.0,-1.0,0.0,-3.0,-2.0,-1.0,-1.0,-1.0,11.0,7434.38,0.9958624660025449,0.023390327873215655,0.33,4.3713,0.0,0.3525047504860297,yes,yes,home_yes,2026-05-02 01:04:55.157287+00:00,0.33,5.78,0.08949999999999969,0.04057745780925187,-1.9969,,,,,may
1,True,823945,2026-05-30,0,10,2,2026-05-31 02:28:28.613000+00:00,2026-05-31 02:28:30.077440+00:00,2026-05-31 02:28:54.727000+00:00,0.43,-0.2818511521409879,0.30646634359870295,0.39918041703730756,-0.4078106222502921,0.0,0.334108317442001,0.09589168255799901,0.06826,1.46444,2.0,0.0,0.0,-1.0,0.0,0.0,0.0,0.0,0.0,0.0,0.0,-1.0,-1.0,0.0,0.0,0.0,0.0,1.0,344.39,1.0,0.0,0.44,4.936923,0.04068909532409978,0.39234038625525036,no,away_yes,away_yes,2026-05-31 02:28:32.106348+00:00,0.57,3.4,0.05840000000000023,0.06964268673214871,1.4036,,,,,may
1,True,823945,2026-05-30,0,63,4,2026-05-31 04:31:43.010000+00:00,2026-05-31 04:31:44.044802+00:00,2026-05-31 04:32:11.048000+00:00,0.33,-0.7081850579244856,0.09725508716805487,0.731657597324483,-3.2311515879476076,0.0,0.019089614793099598,0.3109103852069004,0.085318,1.034802,8.0,0.0,2.0,-1.0,0.0,0.0,0.0,0.0,0.0,0.0,0.0,-2.0,-1.0,-2.0,-1.0,0.0,0.0,11.0,1406.08,0.9914656349567592,0.007713892158398707,0.3,4.599579,-0.13911280246271795,0.2731586272812325,no,away_yes,away_yes,2026-05-31 04:31:44.061082+00:00,0.66,2.95,0.046399999999999775,0.1507820495203642,0.9566000000000001,,,,,may
1,True,823948,2026-05-25,1,32,1,2026-05-26 02:15:13.314000+00:00,2026-05-26 02:15:15.259986+00:00,2026-05-26 02:15:54.726000+00:00,0.68,0.7537718023763803,0.5827983955638177,0.49922012262003973,0.3373912645442867,0.04558674445189426,0.7399245273221255,-0.0599245273221255,3.280592,1.945986,4.0,1.0,1.0,-1.0,0.0,0.0,1.0,0.0,1.0,0.0,0.0,0.0,0.0,0.0,1.0,-1.0,1.0,2.0,25.0,1.0,0.0,0.7,4.301607,0.09352605801082314,0.7009407780797934,yes,yes,home_yes,2026-05-26 02:15:19.011246+00:00,0.67,2.91,0.045099999999999696,0.04493766421219893,0.9152000000000002,,,,,may
1,True,823950,2026-05-14,1,36,3,2026-05-15 03:28:08.980000+00:00,2026-05-15 03:28:10.723459+00:00,2026-05-15 03:30:10.201000+00:00,0.67,0.708185057924486,0.5136021975642245,0.8190860380020135,-1.4557453421763187,-0.6781093031954047,0.48264423038280635,0.1873557696171937,4.882051,1.743459,5.0,0.0,2.0,0.0,0.0,0.0,0.0,0.0,0.0,0.0,0.0,-2.0,0.0,-2.0,-1.0,0.0,0.0,8.0,352.69,0.234455187274944,0.0048412291827592754,0.68,4.421734,0.04558674445189426,0.6497884217568258,no,away_yes,away_yes,2026-05-15 03:28:13.300400+00:00,0.31,6.15,0.09209999999999985,0.15520120619552133,-1.9986,,,,,may
1,True,823951,2026-05-12,0,35,1,2026-05-13 03:19:24.565000+00:00,2026-05-13 03:19:27.014455+00:00,2026-05-13 03:19:51.224000+00:00,0.57,0.2818511521409875,0.2956738289958505,0.4633109202027551,-0.7209640728500533,0.040689095324099256,0.3822988773512157,0.18770112264878425,1.991024,2.449455,5.0,0.0,2.0,-1.0,0.0,0.0,0.0,0.0,0.0,0.0,0.0,-1.0,0.0,0.0,0.0,0.0,0.0,1.0,0.86,1.0,0.0,0.58,4.934355,0.04092224012206336,0.5287612952143363,no,away_yes,away_yes,2026-05-13 03:19:27.232574+00:00,0.42,1.0,0.017100000000000004,0.034138704785663665,0.5629000000000001,,,,,may
1,True,823951,2026-05-12,0,39,3,2026-05-13 03:26:51.040000+00:00,2026-05-13 03:26:52.806179+00:00,2026-05-13 03:29:11.113000+00:00,0.56,0.24116205681688824,0.21559025210175464,0.3019865221611118,-0.45369587229431985,-0.040689095324099256,0.45714423116693126,0.1028557688330688,0.38386,1.766179,6.0,0.0,0.0,-1.0,0.0,0.0,0.0,0.0,0.0,1.0,-1.0,0.0,-1.0,-1.0,-1.0,0.0,0.0,8.0,109.0,1.0,0.007071067811865442,0.51,4.535149,-0.20115672220318903,0.5170849758632875,no,away_yes,away_yes,2026-05-13 03:26:53.304698+00:00,0.43,4.47,0.07669999999999999,0.1598301578911049,2.4711999999999996,,,,,may
1,True,823953,2026-05-11,0,18,3,2026-05-12 02:47:15.906000+00:00,2026-05-12 02:47:17.019388+00:00,2026-05-12 02:48:48.852000+00:00,0.44,-0.2411620568168881,0.29902365621417804,0.34254853415542563,-0.19999386015327458,0.2483861685018177,0.33413494635543717,0.10586505364456283,2.117447,1.113388,3.0,0.0,1.0,-1.0,0.0,0.0,1.0,0.0,1.0,0.0,0.0,0.0,-2.0,0.0,1.0,-1.0,1.0,4.0,50.42,1.0,0.004330127018922198,0.43,4.117488,-0.04068909532409978,0.38588973791487075,no,away_yes,away_yes,2026-05-12 02:47:20.720548+00:00,0.58,1.15,0.01970000000000005,0.019526801397898697,0.46329999999999993,,,,,may
1,True,823953,2026-05-11,0,46,5,2026-05-12 03:46:05.299000+00:00,2026-05-12 03:46:06.313054+00:00,2026-05-12 03:48:46.678000+00:00,0.32,-0.7537718023763801,0.1850880483694205,0.40222137165280336,-1.0860305377091712,-0.3483066942682158,0.18369734528657636,0.13630265471342365,0.042451,1.014054,6.0,0.0,0.0,-1.0,0.0,0.0,0.0,1.0,0.0,0.0,0.0,-2.0,-1.0,-2.0,0.0,0.0,-1.0,3.0,1188.43,1.0,5.551115123125783e-17,0.36,4.547751,0.17840765747281828,0.2937778911993022,no,away_yes,away_yes,2026-05-12 03:46:06.410473+00:00,0.65,3.0,0.04779999999999984,0.1208663264020935,1.0022,,,,,may
1,True,823954,2026-05-10,0,12,4,2026-05-10 20:28:05.395000+00:00,2026-05-10 20:28:06.561956+00:00,2026-05-10 20:28:47.242000+00:00,0.43,-0.2818511521409879,0.2947538058048631,0.41243065922467737,-0.5184803290564479,0.2076970731777179,0.26736584303869415,0.16263415696130584,0.586533,1.166956,2.0,0.0,1.0,-1.0,0.0,0.0,1.0,1.0,0.0,0.0,0.0,-1.0,-2.0,-1.0,0.0,0.0,0.0,0.0,0.0,0.0,0.0,0.43,4.776841,0.0,0.38138321544336024,no,away_yes,away_yes,2026-05-10 20:28:10.689847+00:00,0.59,3.29,0.05580000000000007,0.03834922119134468,1.2931000000000001,,,,,may
1,True,823957,2026-05-08,1,14,2,2026-05-09 02:37:38.295000+00:00,2026-05-09 02:37:40.361916+00:00,2026-05-09 02:38:21.853000+00:00,0.43,-0.2818511521409879,0.3677006439530339,0.33718337556325745,0.13377763684211996,-0.12150850206580852,0.49335913722517366,-0.06335913722517367,0.648293,2.066916,2.0,1.0,1.0,-1.0,0.0,0.0,1.0,0.0,0.0,0.0,0.0,0.0,-1.0,0.0,1.0,0.0,0.0,0.0,0.0,0.0,0.0,0.43,4.470747,0.0,0.45176870813145814,yes,yes,home_yes,2026-05-09 02:37:41.347505+00:00,0.43,4.47,0.07669999999999999,0.020606125347617923,2.4711999999999996,,,,,may
1,True,824028,2026-05-24,1,7,2,2026-05-24 23:38:29.444000+00:00,2026-05-24 23:38:32.591793+00:00,2026-05-24 23:39:01.044000+00:00,0.42,-0.3227733922630512,0.27421210565977827,0.3950893517731223,-0.5473870885125666,0.0,0.2952209103878841,0.12477908961211587,0.503471,3.147793,2.0,0.0,0.0,-1.0,0.0,0.0,0.0,0.0,0.0,0.0,0.0,-1.0,-1.0,0.0,0.0,0.0,0.0,0.0,0.0,0.0,0.0,0.41,4.451365,-0.04119198493836074,0.3811455386939698,no,away_yes,away_yes,2026-05-24 23:38:33.469483+00:00,0.59,3.29,0.05580000000000007,0.039131177696839645,-1.9969,,,,,may
1,True,824029,2026-05-22,1,63,3,2026-05-23 03:43:07.997000+00:00,2026-05-23 03:43:09.658563+00:00,2026-05-23 03:45:55.220000+00:00,0.67,0.708185057924486,0.6148082616261191,0.7067953925085517,-0.41230131981384044,0.3854116656614352,0.4776329559040791,0.19236704409592092,0.848176,1.661563,7.0,1.0,0.0,1.0,0.0,0.0,0.0,0.0,0.0,0.0,-2.0,-1.0,0.0,-2.0,-1.0,-1.0,0.0,3.0,65.78,1.0,0.0,0.75,4.95732,0.39042723074362373,0.6170827463544081,no,away_yes,away_yes,2026-05-23 03:43:10.261285+00:00,0.32,5.96,0.09079999999999999,0.28418683172772785,-1.998,,,,,may
1,True,824030,2026-05-23,1,33,4,2026-05-24 03:16:16.319000+00:00,2026-05-24 03:16:17.517282+00:00,2026-05-24 03:17:07.767000+00:00,0.68,0.7537718023763803,0.6640572038770787,0.5797355207231666,0.35973962521534597,0.04558674445189426,0.7442020476460158,-0.06420204764601578,0.566872,1.198282,4.0,1.0,1.0,1.0,0.0,0.0,1.0,0.0,1.0,0.0,0.0,0.0,-1.0,-2.0,0.0,0.0,1.0,2.0,12.94,1.0,0.0,0.69,3.994388,0.046347497735732546,0.7018654179541414,yes,yes,home_yes,2026-05-24 03:16:19.766520+00:00,0.68,2.87,0.04379999999999984,0.018953749528385744,0.8746,,,,,may
1,True,824030,2026-05-23,1,45,3,2026-05-24 03:39:49.042000+00:00,2026-05-24 03:39:51.485872+00:00,2026-05-24 03:40:29.971000+00:00,0.76,1.1526795099383855,0.739193557673885,0.5771600037773703,0.7306555900967131,0.1580569347943236,0.8488074488356535,-0.0888074488356535,1.503775,2.443872,5.0,1.0,2.0,2.0,0.0,0.0,0.0,1.0,0.0,0.0,0.0,1.0,0.0,-2.0,0.0,0.0,0.0,7.0,258.0,1.0,0.011605769149479955,0.75,4.146939,-0.054067221270275745,0.793364901889925,yes,yes,home_yes,2026-05-24 03:39:53.460980+00:00,0.76,2.58,0.03299999999999992,0.05308144687600665,0.5862,,,,,may
1,True,824031,2026-05-21,0,55,3,2026-05-22 03:38:14.737000+00:00,2026-05-22 03:38:17.580272+00:00,2026-05-22 03:38:47.789000+00:00,0.44,-0.2411620568168881,0.2167771477067464,0.2514478700715672,-0.19364225684465097,0.20615016122677668,0.3450308109222153,0.09496918907778468,0.041406,2.843272,8.0,0.0,2.0,0.0,2.0,1.0,0.0,1.0,1.0,0.0,0.0,0.0,1.0,0.0,-1.0,0.0,1.0,0.0,0.0,0.0,0.0,0.44,3.393973,0.0,0.4153459878045103,no,away_yes,away_yes,2026-05-22 03:38:20.052615+00:00,0.56,3.46,0.059699999999999864,0.025602882196394436,0.3027000000000002,profitable_reversal,2026-05-22 04:18:13.493223+00:00,0.68,0.05279999999999996,may
1,True,824031,2026-05-21,0,72,3,2026-05-22 04:19:34.475000+00:00,2026-05-22 04:19:36.028961+00:00,2026-05-22 04:20:11.760000+00:00,0.39,-0.4473122180436648,0.0031373875488736047,0.0021276766400969427,0.38937223383531894,0.0,0.48551905481609103,-0.09551905481609102,0.270129,1.553961,10.0,0.0,1.0,0.0,0.0,0.0,1.0,1.0,1.0,0.0,1.0,0.0,0.0,-2.0,0.0,0.0,0.0,7.0,287.7,-0.8282933611400766,0.009035079029052496,0.42,4.944417,0.1245388257806136,0.4419858456795197,yes,yes,home_yes,2026-05-22 04:19:36.548377+00:00,0.41,4.68,0.07930000000000015,0.0703937577801522,0.4947999999999997,profitable_reversal,2026-05-22 04:31:45.743774+00:00,0.55,0.08110000000000017,may
1,True,824031,2026-05-21,0,77,7,2026-05-22 04:32:03.066000+00:00,2026-05-22 04:32:04.115846+00:00,2026-05-22 04:33:08.411000+00:00,0.43,-0.2818511521409879,0.004186199074528934,0.007126024710361116,-0.5349169050542999,-0.2818511521409879,0.3693708299447444,0.06062917005525559,0.027045,1.049846,10.0,1.0,1.0,-1.0,0.0,0.0,1.0,0.0,1.0,0.0,1.0,0.0,-2.0,-2.0,0.0,0.0,0.0,11.0,546.0799999999999,1.0,0.007158188976374381,0.39,4.744455,-0.1654610659026769,0.40785609699003417,no,away_yes,away_yes,2026-05-22 04:32:04.174451+00:00,0.56,3.46,0.059699999999999864,0.051517904414481536,1.4627,,,,,may
1,True,824032,2026-05-20,0,22,1,2026-05-21 02:18:08.443000+00:00,2026-05-21 02:18:12.548467+00:00,2026-05-21 02:18:35.591000+00:00,0.67,0.708185057924486,0.716498261920997,0.4681928321257336,1.0545582792570927,-0.1391128024627174,0.8701014598083248,-0.20010145980832472,0.273101,4.105467,2.0,1.0,1.0,2.0,0.0,0.0,0.0,0.0,0.0,0.0,0.0,2.0,0.0,0.0,-1.0,0.0,0.0,0.0,0.0,0.0,0.0,0.68,4.830747,0.04558674445189426,0.7205925475261064,yes,yes,home_yes,2026-05-21 02:18:13.677037+00:00,0.68,2.0,0.03049999999999997,0.050685095052212636,-0.0405000000000002,profitable_reversal,2026-05-21 04:04:36.674788+00:00,0.69,0.030000000000000027,may
1,True,824032,2026-05-20,0,72,6,2026-05-21 04:05:03.622000+00:00,2026-05-21 04:05:05.112423+00:00,2026-05-21 04:05:56.401000+00:00,0.59,0.3639653772014115,0.007317085425914087,0.011072984472271145,-0.41808698729610416,-0.08334684084225336,0.5073057876962613,0.08269421230373863,0.084033,1.490423,9.0,1.0,1.0,0.0,0.0,0.0,1.0,0.0,0.0,0.0,1.0,0.0,-3.0,-2.0,0.0,0.0,0.0,11.0,1856.42,1.0,0.0049792959773196956,0.6,4.333731,0.04149973090675274,0.5586386456714147,no,away_yes,away_yes,2026-05-21 04:05:05.115555+00:00,0.41,4.68,0.07930000000000015,0.06747113825777895,0.6837999999999993,profitable_reversal,2026-05-21 04:19:41.991205+00:00,0.59,0.07930000000000037,may
1,True,824032,2026-05-20,0,76,2,2026-05-21 04:16:02.279000+00:00,2026-05-21 04:16:03.427406+00:00,2026-05-21 04:16:49.007000+00:00,0.27,-0.9946225751440619,0.0011005038960842928,0.005926248526558653,-1.6884659928703227,0.5910046885963197,0.03647071554095152,0.2335292844590485,0.050125,1.148406,10.0,0.0,1.0,-1.0,0.0,0.0,0.0,0.0,1.0,0.0,0.0,-1.0,0.0,-1.0,0.0,-1.0,1.0,26.0,1659.06,-0.170240979831953,0.03521699428387569,0.28,4.783249,0.05016096630321076,0.1927523287705674,no,away_yes,away_yes,2026-05-21 04:16:03.964036+00:00,0.76,2.58,0.03299999999999992,0.08889899177193628,-0.5153000000000001,profitable_reversal,2026-05-21 04:19:41.991205+00:00,0.59,0.04370000000000007,may
1,True,824033,2026-05-19,0,21,1,2026-05-20 02:20:16.551000+00:00,2026-05-20 02:20:23.264677+00:00,2026-05-20 02:20:55.330000+00:00,0.45,-0.20067069546215124,0.2718164081440817,0.40215437382297126,-0.5889297936464675,-0.0805263836200879,0.32980346130101784,0.12019653869898217,1.528394,6.713677,3.0,0.0,2.0,-1.0,0.0,0.0,1.0,1.0,0.0,0.0,0.0,-1.0,0.0,0.0,0.0,0.0,0.0,0.0,0.0,0.0,0.0,0.45,3.921987,0.0,0.41871537828122424,no,away_yes,away_yes,2026-05-20 02:20:23.823119+00:00,0.56,3.46,0.059699999999999864,0.013944791146963897,1.4627,,,,,may
1,True,824033,2026-05-19,0,22,6,2026-05-20 02:23:28.928000+00:00,2026-05-20 02:23:34.195069+00:00,2026-05-20 02:24:50.476000+00:00,0.3,-0.8472978603872036,0.12158022921706213,0.2631311524200983,-0.9477928749521756,0.19867069479548405,0.11985948947138439,0.1801405105286156,0.791975,5.267069,3.0,0.0,2.0,-3.0,0.0,0.0,0.0,1.0,0.0,0.0,0.0,-2.0,-3.0,-2.0,-1.0,0.0,0.0,0.0,0.0,0.0,0.0,0.24,4.820417,-0.30538164955118197,0.2594967647165934,no,away_yes,away_yes,2026-05-20 02:23:34.730386+00:00,0.72,2.72,0.03839999999999977,0.017368799970866447,0.7232000000000003,,,,,may
1,True,824035,2026-05-18,1,66,3,2026-05-19 03:58:52.924000+00:00,2026-05-19 03:58:54.020321+00:00,2026-05-19 04:00:25.440000+00:00,0.33,-0.7081850579244856,0.003596603074682954,0.0020565515310683054,0.5605036608693075,-0.1328209130209238,0.49628494735867507,-0.16628494735867505,0.583909,1.096321,9.0,1.0,0.0,-1.0,0.0,0.0,1.0,0.0,0.0,0.0,0.0,0.0,0.0,-2.0,1.0,0.0,0.0,3.0,79.75,1.0,0.012472191289246459,0.31,4.677829,-0.09193424218762747,0.36187696622664295,yes,yes,home_yes,2026-05-19 03:58:54.168500+00:00,0.32,2.73,0.04159999999999997,0.07272411779873526,1.8148,,,,,may
1,True,824036,2026-05-06,1,20,4,2026-05-06 20:48:32.059000+00:00,2026-05-06 20:48:36.917148+00:00,2026-05-06 20:49:05.275000+00:00,0.81,1.4500101755059986,0.8029754010929133,0.6950035260250326,0.5813787880624602,0.06371581438610785,0.8773609668092335,-0.06736096680923342,0.921185,4.858148,2.0,1.0,2.0,3.0,0.0,0.0,0.0,0.0,1.0,0.0,0.0,1.0,-1.0,-2.0,0.0,-1.0,1.0,0.0,0.0,0.0,0.0,0.8,3.968242,-0.06371581438610785,0.832202911972471,yes,yes,home_yes,2026-05-06 20:48:38.101190+00:00,0.81,0.4,0.0043999999999999595,0.004481164788988412,0.0716,,,,,may
1,True,824039,2026-05-04,0,29,5,2026-05-05 02:34:41.039000+00:00,2026-05-05 02:34:43.508785+00:00,2026-05-05 02:35:07.048000+00:00,0.16,-1.6582280766035322,0.053043548829546094,0.1516946564192847,-1.1607688689636118,-0.2082179010975338,0.06844791296716377,0.09155208703283624,1.587482,2.469785,4.0,0.0,1.0,-4.0,0.0,0.0,0.0,0.0,0.0,0.0,0.0,-2.0,-2.0,-2.0,-1.0,0.0,0.0,0.0,0.0,0.0,0.0,0.13,4.73247,-0.24273068458951474,0.13971944142099116,no,away_yes,away_yes,2026-05-05 02:34:43.560435+00:00,0.84,2.35,0.022199999999999998,0.02545931266067092,0.3538000000000001,,,,,may
1,True,824041,2026-05-01,0,49,3,2026-05-02 03:28:17.607000+00:00,2026-05-02 03:28:19.827597+00:00,2026-05-02 03:29:06.489000+00:00,0.31,-0.8001193001121131,0.18836403097929055,0.38439100096226675,-0.9897237461151918,0.0,0.14309196754883868,0.16690803245116131,0.211327,2.220597,7.0,0.0,1.0,-1.0,0.0,0.0,0.0,0.0,0.0,0.0,0.0,-1.0,-1.0,-1.0,0.0,0.0,0.0,1.0,235.0,1.0,0.0,0.3,4.961559,-0.047178560275090486,0.27677130792706844,no,away_yes,away_yes,2026-05-02 03:28:21.536935+00:00,0.7,2.79,0.041100000000000136,0.023708050883479187,0.7959,,,,,may
1,True,824042,2026-05-02,1,31,3,2026-05-03 02:37:01.336000+00:00,2026-05-03 02:37:03.251226+00:00,2026-05-03 02:37:31.586000+00:00,0.72,0.9444616088408513,0.7703806538600158,0.47754242300212807,1.300352615505506,0.09716374845364784,0.8954490185431377,-0.17544901854313777,1.896305,1.915226,4.0,1.0,2.0,2.0,0.0,0.0,1.0,0.0,0.0,0.0,0.0,2.0,0.0,-2.0,1.0,-1.0,-1.0,2.0,30.06,0.7658017298735862,0.010000000000000009,0.75,3.824473,0.1541506798272585,0.7673259307453272,yes,yes,home_yes,2026-05-03 02:37:03.433112+00:00,0.74,2.65,0.035700000000000065,0.03671371647511698,0.6533,,,,,may
1,True,824043,2026-05-03,0,8,2,2026-05-03 20:25:44.287000+00:00,2026-05-03 20:25:45.831368+00:00,2026-05-03 20:27:57.067000+00:00,0.56,0.24116205681688824,0.5710066131872434,0.6655651286542589,-0.4022350532781021,-0.040689095324099256,0.469940318735858,0.09005968126414204,0.998915,1.544368,2.0,0.0,0.0,1.0,0.0,0.0,0.0,0.0,0.0,1.0,-1.0,0.0,0.0,-1.0,-1.0,-1.0,0.0,3.0,52.0,1.0,0.004714045207910269,0.58,4.4439,0.08161133544616261,0.5346826617735213,no,away_yes,away_yes,2026-05-03 20:25:50.764374+00:00,0.44,4.37,0.07539999999999991,0.03523676804971197,2.3718000000000004,,,,,may
1,True,824107,2026-05-25,0,18,2,2026-05-25 20:15:34.158000+00:00,2026-05-25 20:15:35.934785+00:00,2026-05-25 20:16:15.553000+00:00,0.4,-0.4054651081081643,0.32580748103571405,0.3518240141435736,-0.11617789678282608,0.30271994981632133,0.3048383113542431,0.09516168864575691,0.053936,1.776785,2.0,1.0,2.0,-1.0,0.0,0.0,1.0,1.0,0.0,0.0,1.0,1.0,-1.0,0.0,0.0,0.0,-1.0,0.0,0.0,0.0,0.0,0.37,4.855649,-0.12675170563914395,0.3401648657839286,no,away_yes,away_yes,2026-05-25 20:15:36.590487+00:00,0.6,3.24,0.05449999999999999,0.13936583486007115,1.2415000000000003,,,,,may
1,True,824111,2026-05-20,0,53,2,2026-05-21 01:26:38.884000+00:00,2026-05-21 01:26:41.725335+00:00,2026-05-21 01:27:04.709000+00:00,0.69,0.8001193001121129,0.573934463064292,0.6014011048695513,-0.11338443486994343,-0.4655470732191632,0.7599274754667824,-0.06992747546678246,1.955024,2.841335,7.0,0.0,1.0,1.0,1.0,1.0,0.0,1.0,0.0,0.0,0.0,0.0,0.0,1.0,-1.0,1.0,0.0,0.0,0.0,0.0,0.0,0.69,4.66482,0.0,0.7185250720950687,yes,yes,home_yes,2026-05-21 01:26:46.390155+00:00,0.69,2.83,0.042400000000000215,0.03832595402904425,-1.9951,,,,,may
1,True,824114,2026-05-18,0,41,2,2026-05-19 00:30:54.392000+00:00,2026-05-19 00:30:55.907145+00:00,2026-05-19 00:31:17.563000+00:00,0.27,-0.9946225751440619,0.15131837050495411,0.39727037134813525,-1.3074464559890815,-0.05016096630321076,0.09518500617740122,0.1748149938225988,0.023356,1.515145,6.0,0.0,1.0,-2.0,0.0,0.0,0.0,0.0,0.0,0.0,0.0,-2.0,-1.0,0.0,-1.0,0.0,0.0,5.0,1289.0,0.8619084561675717,0.00489897948556636,0.25,3.914243,-0.10398971352404784,0.238157932963016,no,away_yes,away_yes,2026-05-19 00:30:56.345982+00:00,0.74,2.65,0.035700000000000065,0.022181477648007514,0.6533,,,,,may
1,True,824116,2026-05-08,1,64,2,2026-05-09 01:55:36.863000+00:00,2026-05-09 01:55:38.030664+00:00,2026-05-09 01:56:14.833000+00:00,0.76,1.1526795099383855,0.31871160581045327,0.515742101388,-0.8226882898257201,0.7472144018302214,0.39718140892685955,0.36281859107314046,1.454887,1.167664,8.0,1.0,2.0,0.0,0.0,0.0,0.0,0.0,1.0,0.0,2.0,0.0,0.0,-1.0,-1.0,-1.0,1.0,0.0,0.0,0.0,0.0,0.76,4.54495,0.0,0.692180857159903,no,away_yes,away_yes,2026-05-09 01:55:41.378485+00:00,0.24,7.91,0.1010000000000002,0.4354494198651675,-1.9994,,,,,may
1,True,824118,2026-05-06,0,46,3,2026-05-07 01:24:29.478000+00:00,2026-05-07 01:24:36.308383+00:00,2026-05-07 01:25:19.527000+00:00,0.36,-0.5753641449035618,0.23915785655966074,0.23915785655966074,0.0,-0.2525907526405106,0.41999999999999993,-0.05999999999999994,0.89342,6.830383,6.0,1.0,0.0,-1.0,0.0,2.0,0.0,0.0,0.0,0.0,0.0,0.0,0.0,0.0,0.0,0.0,0.0,0.0,0.0,0.0,0.0,0.35,4.485971,-0.043675063502661704,0.3802454248461892,yes,yes,home_yes,2026-05-07 01:24:39.009513+00:00,0.36,5.31,0.08570000000000033,0.021803205933264236,-1.9973,,,,,may
1,True,824120,2026-05-04,1,9,3,2026-05-04 23:54:02.208000+00:00,2026-05-04 23:54:03.489645+00:00,2026-05-04 23:54:30.375000+00:00,0.33,-0.7081850579244856,0.20205092387735346,0.39204687184683706,-0.9348086335376325,0.0,0.162058121993829,0.16794187800617102,1.670624,1.281645,2.0,0.0,1.0,-2.0,0.0,0.0,0.0,0.0,0.0,0.0,0.0,-2.0,-2.0,0.0,-1.0,0.0,0.0,1.0,857.0,1.0,0.0,0.33,4.839684,0.0,0.2932833065555699,no,away_yes,away_yes,2026-05-04 23:54:06.608948+00:00,0.68,2.87,0.04379999999999984,0.032876910185514446,-1.9954,,,,,may
1,True,824191,2026-05-29,0,13,2,2026-05-30 00:35:19.814000+00:00,2026-05-30 00:35:21.828247+00:00,2026-05-30 00:35:58.991000+00:00,0.57,0.2818511521409875,0.5074442324713712,0.35994068603360946,0.6054007236336951,0.040689095324099256,0.6998456105225402,-0.1298456105225403,3.306797,2.014247,2.0,1.0,1.0,1.0,0.0,0.0,0.0,0.0,0.0,0.0,0.0,1.0,0.0,-1.0,0.0,0.0,0.0,0.0,0.0,0.0,0.0,0.57,4.650357,0.0,0.6084150394813709,yes,yes,home_yes,2026-05-30 00:35:24.986460+00:00,0.57,3.4,0.05840000000000023,0.07221113423666092,0.3335999999999997,profitable_reversal,2026-05-30 02:47:24.729491+00:00,0.7,0.050000000000000266,may
1,True,824191,2026-05-29,0,71,2,2026-05-30 02:42:42.903000+00:00,2026-05-30 02:42:44.190639+00:00,2026-05-30 02:43:17.818000+00:00,0.75,1.0986122886681098,0.011341282075817425,0.0066514748664735154,0.5383431255683719,0.0,0.8371202342779678,-0.08712023427796778,0.49853,1.287639,9.0,1.0,0.0,0.0,0.0,0.0,1.0,1.0,0.0,0.0,0.0,0.0,0.0,-1.0,0.0,1.0,0.0,6.0,518.47,1.0,0.013743685418725546,0.81,4.039862,0.35139788683788886,0.7741241114719789,yes,yes,home_yes,2026-05-30 02:42:46.890647+00:00,0.72,2.72,0.03839999999999977,0.10881758320378293,-0.13280000000000003,profitable_reversal,2026-05-30 02:47:24.729491+00:00,0.7,0.040000000000000036,may
1,True,824191,2026-05-29,0,74,3,2026-05-30 02:47:22.800000+00:00,2026-05-30 02:47:23.941502+00:00,2026-05-30 02:47:51.181000+00:00,0.65,0.6190392084062236,0.00766135837933021,0.011460042283705646,-0.4065124560729041,-0.1347325939701567,0.5859528201450787,0.06404717985492137,0.286044,1.141502,9.0,1.0,2.0,0.0,0.0,0.0,1.0,1.0,1.0,0.0,1.0,0.0,0.0,-2.0,0.0,0.0,0.0,22.0,943.1700000000001,-0.7383292513544748,0.02029228571413611,0.64,4.933958,-0.043675063502661704,0.6297040754852687,no,away_yes,away_yes,2026-05-30 02:47:24.823590+00:00,0.33,5.78,0.08949999999999969,0.14341044369514688,3.7831000000000006,,,,,may
1,True,824194,2026-05-15,1,54,1,2026-05-16 02:04:37.367000+00:00,2026-05-16 02:04:43.903386+00:00,2026-05-16 02:07:15.811000+00:00,0.66,0.6632942174102643,0.5685635760161065,0.6734206622354528,-0.4477043001581234,0.0,0.5536896865921319,0.10631031340786812,4.350707,6.536386,8.0,0.0,1.0,1.0,0.0,0.0,1.0,1.0,0.0,0.0,0.0,0.0,0.0,0.0,0.0,1.0,0.0,0.0,0.0,0.0,0.0,0.67,4.760156,0.044890840514221764,0.63985223600156,no,away_yes,away_yes,2026-05-16 02:04:45.241382+00:00,0.34,2.0,0.03149999999999997,0.008795527996879882,-0.7115,,,,,may
1,True,824195,2026-05-13,1,43,3,2026-05-14 01:39:08.654000+00:00,2026-05-14 01:39:11.134390+00:00,2026-05-14 01:41:30.504000+00:00,0.33,-0.7081850579244856,0.19307030931330116,0.3197988085461359,-0.675485571222132,0.09193424218762747,0.18609219555004022,0.1439078044499598,1.696198,2.48039,6.0,0.0,0.0,-1.0,0.0,0.0,0.0,0.0,0.0,1.0,-2.0,0.0,-1.0,-1.0,-1.0,-1.0,-1.0,0.0,0.0,0.0,0.0,0.31,4.956766,-0.09193424218762747,0.29007888991913605,no,away_yes,away_yes,2026-05-14 01:39:12.527611+00:00,0.67,2.91,0.045099999999999696,0.07107043033531445,-1.9948,,,,,may
1,True,824200,2026-05-05,1,29,4,2026-05-06 01:06:30.612000+00:00,2026-05-06 01:06:32.195110+00:00,2026-05-06 01:09:04.066000+00:00,0.65,0.6190392084062236,0.7827227179358747,0.6901651741782422,0.4807125538340027,-0.04425500900404067,0.7584145272984594,-0.10841452729845935,1.435485,1.58311,4.0,1.0,0.0,2.0,0.0,0.0,0.0,0.0,0.0,0.0,-2.0,0.0,-1.0,-2.0,-1.0,-1.0,-1.0,0.0,0.0,0.0,0.0,0.66,4.015702,0.04425500900404067,0.6906116688312104,yes,yes,home_yes,2026-05-06 01:06:32.265052+00:00,0.65,3.0,0.04779999999999984,0.07403500649363126,1.0022,,,,,may
1,True,824272,2026-05-28,0,15,2,2026-05-28 17:42:02.703000+00:00,2026-05-28 17:42:05.254209+00:00,2026-05-28 17:42:25.591000+00:00,0.69,0.8001193001121129,0.5988109659353116,0.45019586030101016,0.60039261466872,0.0,0.8022651091371248,-0.11226510913712484,0.323604,2.551209,2.0,1.0,2.0,1.0,0.0,0.0,0.0,0.0,0.0,0.0,0.0,1.0,0.0,-1.0,0.0,0.0,0.0,0.0,0.0,0.0,0.0,0.69,4.188845,0.0,0.7309111724286311,yes,yes,home_yes,2026-05-28 17:42:05.972287+00:00,0.69,2.83,0.042400000000000215,0.07337861797302603,-1.9951,,,,,may
1,True,824273,2026-05-20,0,45,1,2026-05-21 00:09:05.955000+00:00,2026-05-21 00:09:10.302561+00:00,2026-05-21 00:09:36.742000+00:00,0.6,0.4054651081081642,0.3410037937560212,0.24418882025355437,0.47102562818004245,-0.5891574670358977,0.8123950330590273,-0.2123950330590273,0.384151,4.347561,7.0,0.0,2.0,0.0,0.0,0.0,0.0,0.0,0.0,0.0,2.0,0.0,0.0,0.0,-1.0,0.0,0.0,0.0,0.0,0.0,0.0,0.57,3.511739,-0.12361395596717673,0.644888484887926,yes,yes,home_yes,2026-05-21 00:09:10.457814+00:00,0.61,3.19,0.053200000000000136,0.058094266792484,0.45069999999999966,profitable_reversal,2026-05-21 00:46:35.406549+00:00,0.78,0.03840000000000021,may
1,True,824273,2026-05-20,0,61,3,2026-05-21 00:46:54.803000+00:00,2026-05-21 00:46:56.430768+00:00,2026-05-21 00:47:28.576000+00:00,0.61,0.44731221804366483,0.5093292718448947,0.6528157069525251,-0.5941177025879605,-0.352807082068448,0.5513190435519755,0.05868095644802451,0.150591,1.627768,9.0,0.0,0.0,1.0,0.0,0.0,1.0,1.0,0.0,0.0,0.0,0.0,-1.0,-1.0,0.0,1.0,0.0,1.0,4.44,1.0,0.0,0.61,3.14839,0.0,0.5877717641820389,no,away_yes,away_yes,2026-05-21 00:46:58.397983+00:00,0.39,4.91,0.08179999999999987,0.027340637866188996,1.4185999999999999,profitable_reversal,2026-05-21 01:19:54.921285+00:00,0.71,0.0708000000000002,may
1,True,824275,2026-05-26,0,42,1,2026-05-26 23:57:58.430000+00:00,2026-05-26 23:57:59.973382+00:00,2026-05-26 23:58:37.067000+00:00,0.67,0.708185057924486,0.5832754414429938,0.3101504670534329,1.1356500058745098,0.21863683260578026,0.8355107823268157,-0.1655107823268157,0.323051,1.543382,5.0,1.0,0.0,0.0,0.0,0.0,0.0,0.0,1.0,0.0,0.0,2.0,0.0,0.0,-1.0,-1.0,1.0,10.0,124.25999999999999,1.0,0.0,0.7,4.910533,0.1391128024627174,0.693512775066837,yes,yes,home_yes,2026-05-26 23:58:01.306320+00:00,0.67,2.91,0.045099999999999696,0.02332217544449572,0.1495000000000004,profitable_reversal,2026-05-27 01:02:19.912230+00:00,0.75,0.03819999999999979,may
1,True,824275,2026-05-26,0,71,9,2026-05-27 01:02:17.196000+00:00,2026-05-27 01:02:19.500176+00:00,2026-05-27 01:03:37.129000+00:00,0.75,1.0986122886681098,0.6918010260880196,0.7412398858749292,-0.24387008717994896,0.25131442828090633,0.6464401346006904,0.10355986539930961,1.746163,2.304176,8.0,0.0,2.0,1.0,0.0,0.0,1.0,0.0,1.0,0.0,0.0,0.0,-3.0,-2.0,1.0,-1.0,1.0,5.0,2106.3900000000003,1.0,0.0040000000000000036,0.77,3.775146,0.10969891725642444,0.7195472239400601,no,away_yes,away_yes,2026-05-27 01:02:20.246162+00:00,0.26,2.0,0.027000000000000024,0.01390555211987976,1.4529999999999998,,,,,may
1,True,824276,2026-05-19,0,27,2,2026-05-19 23:30:30.334000+00:00,2026-05-19 23:30:31.721251+00:00,2026-05-19 23:30:58.209000+00:00,0.32,-0.7537718023763801,0.2487318762060069,0.47930859269286774,-1.0225741722529471,0.0,0.14475491888519448,0.17524508111480552,0.510746,1.387251,4.0,0.0,0.0,-1.0,0.0,0.0,0.0,0.0,0.0,0.0,0.0,-2.0,0.0,-1.0,-1.0,0.0,0.0,1.0,14.0,1.0,0.0,0.32,4.060594,0.0,0.2864794999227842,no,away_yes,away_yes,2026-05-19 23:30:33.056845+00:00,0.69,2.83,0.042400000000000215,0.024163015218520628,0.8349,,,,,may
1,True,824276,2026-05-19,0,52,3,2026-05-20 00:20:18.195000+00:00,2026-05-20 00:20:20.720066+00:00,2026-05-20 00:20:45.336000+00:00,0.29,-0.8953840470548413,0.1637237885345989,0.24330769919298156,-0.4961483585112174,0.37028232627643454,0.14656320311007737,0.1434367968899226,0.155197,2.525066,7.0,0.0,2.0,-1.0,0.0,0.0,0.0,0.0,0.0,0.0,1.0,-1.0,-1.0,-1.0,0.0,0.0,-1.0,2.0,15.0,1.0,0.0,0.28,4.862246,-0.04907756178600986,0.2218610805521062,no,away_yes,away_yes,2026-05-20 00:20:21.388233+00:00,0.74,2.65,0.035700000000000065,0.06536813653691857,0.6533,,,,,may
1,True,824278,2026-05-16,0,42,2,2026-05-16 18:40:02.961000+00:00,2026-05-16 18:40:04.490959+00:00,2026-05-16 18:40:25.977000+00:00,0.7,0.8472978603872034,0.6006362311813935,0.3010751713711027,1.2502999986682943,0.0,0.8906694840963806,-0.19066948409638063,1.13564,1.529959,6.0,1.0,2.0,1.0,0.0,0.0,0.0,0.0,0.0,0.0,0.0,1.0,0.0,-1.0,0.0,0.0,0.0,4.0,1170.72,-0.7083504168375017,0.004330127018922197,0.71,4.043497,0.048086186667637865,0.739019940200806,yes,yes,home_yes,2026-05-16 18:40:05.167633+00:00,0.71,2.76,0.03980000000000028,0.04029503495422429,-0.10800000000000054,profitable_reversal,2026-05-16 19:28:49.664909+00:00,0.7,0.04060000000000019,may
1,True,824278,2026-05-16,0,66,2,2026-05-16 19:28:46.447000+00:00,2026-05-16 19:28:48.479191+00:00,2026-05-16 19:30:16.057000+00:00,0.59,0.3639653772014115,0.005964812845906424,0.008563615556284222,-0.36426261996611586,-0.08334684084225336,0.5207504741475273,0.06924952585247268,0.04913,2.032191,9.0,1.0,2.0,0.0,0.0,0.0,1.0,0.0,1.0,0.0,1.0,0.0,-1.0,0.0,0.0,-1.0,1.0,1.0,5.0,1.0,0.0,0.69,4.329202,0.4361539229107014,0.5683779640548626,no,away_yes,away_yes,2026-05-16 19:28:50.246012+00:00,0.36,5.31,0.08570000000000033,0.29461301086867914,3.3126999999999995,,,,,may
1,True,824280,2026-05-15,1,44,4,2026-05-16 00:35:17.856000+00:00,2026-05-16 00:35:22.756458+00:00,2026-05-16 00:36:00.383000+00:00,0.59,0.3639653772014115,0.43387710908219607,0.2719507255693306,0.7186979954815673,0.16329468173926007,0.7149134546681629,-0.12491345466816295,2.190865,4.900458,6.0,1.0,1.0,0.0,0.0,0.0,0.0,1.0,0.0,0.0,0.0,1.0,-2.0,-1.0,0.0,1.0,-1.0,0.0,0.0,0.0,0.0,0.52,3.796488,-0.2839226695278749,0.6167080351961242,yes,yes,home_yes,2026-05-16 00:35:23.364059+00:00,0.59,1.64,0.027800000000000047,0.016001177721643625,0.6446,,,,,may
1,True,824282,2026-05-06,0,18,7,2026-05-06 23:21:26.764000+00:00,2026-05-06 23:21:29.534879+00:00,2026-05-06 23:22:01.490000+00:00,0.32,-0.7537718023763801,0.1844167012744412,0.3175016919999418,-0.7214287827978297,0.24085077276768185,0.1523804731362068,0.1676195268637932,0.647249,2.770879,3.0,0.0,0.0,-1.0,0.0,0.0,0.0,1.0,1.0,0.0,0.0,-1.0,-3.0,-2.0,-1.0,0.0,1.0,0.0,0.0,0.0,0.0,0.28,4.87941,-0.1906898064644711,0.27440983666786617,no,away_yes,away_yes,2026-05-06 23:21:32.773691+00:00,0.69,2.83,0.042400000000000215,0.05832016222993852,0.8349,,,,,may
1,True,824283,2026-05-04,0,45,2,2026-05-04 23:42:26.751000+00:00,2026-05-04 23:42:29.716054+00:00,2026-05-04 23:43:02.362000+00:00,0.65,0.6190392084062236,0.5645556163246869,0.494030303185221,0.2835517425808705,-0.08914584951826243,0.7294308364438123,-0.07943083644381232,0.865108,2.965054,6.0,1.0,1.0,0.0,1.0,1.0,0.0,1.0,1.0,0.0,0.0,0.0,1.0,0.0,-1.0,0.0,1.0,0.0,0.0,0.0,0.0,0.65,3.996645,0.0,0.6749729744830908,yes,yes,home_yes,2026-05-04 23:42:31.212093+00:00,0.65,3.0,0.04779999999999984,0.02711892344927247,-1.9978,,,,,may
1,True,824285,2026-05-03,1,33,3,2026-05-04 00:33:36.207000+00:00,2026-05-04 00:33:38.168245+00:00,2026-05-04 00:34:06.197000+00:00,0.81,1.4500101755059986,0.8097846036947492,0.4924706881796836,1.4787307202012319,0.0,0.9492490516545531,-0.13924905165455304,0.100518,1.961245,5.0,1.0,0.0,2.0,0.0,0.0,0.0,0.0,0.0,0.0,0.0,2.0,0.0,-2.0,-1.0,0.0,0.0,0.0,0.0,0.0,0.0,0.81,4.730926,0.0,0.8461860926358464,yes,yes,home_yes,2026-05-04 00:33:42.440695+00:00,0.82,2.4,0.024800000000000155,0.0380466223260314,0.4072,,,,,may
1,True,824353,2026-05-29,1,16,2,2026-05-30 01:12:59.945000+00:00,2026-05-30 01:13:03.106029+00:00,2026-05-30 01:13:35.019000+00:00,0.55,0.2006706954621514,0.5918535982952012,0.4593742154638071,0.5344955330930632,-0.04049136135473683,0.6847434714008086,-0.13474347140080856,2.291826,3.161029,2.0,1.0,2.0,1.0,1.0,1.0,0.0,0.0,1.0,0.0,0.0,1.0,1.0,0.0,-1.0,0.0,0.0,0.0,0.0,0.0,0.0,0.57,4.53751,0.08118045667883608,0.6084121481356858,yes,yes,home_yes,2026-05-30 01:13:05.410978+00:00,0.57,3.4,0.05840000000000023,0.0722013036613316,1.4036,,,,,may
1,True,824353,2026-05-29,1,83,5,2026-05-30 03:40:34.547000+00:00,2026-05-30 03:40:36.816663+00:00,2026-05-30 03:43:26.506000+00:00,0.57,0.2818511521409875,0.005647148172899337,0.0012370605767746997,1.5228379338756168,-0.04092224012206336,0.8636109984919484,-0.2936109984919485,0.274183,2.269663,9.0,1.0,1.0,0.0,0.0,0.0,0.0,0.0,0.0,0.0,0.0,3.0,-2.0,-2.0,-1.0,0.0,-1.0,7.0,518.62,0.8125024102425668,0.009897433186107878,0.57,4.972512,0.0,0.6200542906362336,yes,yes,home_yes,2026-05-30 03:40:37.670179+00:00,0.58,3.34,0.05700000000000016,0.07678133072502027,1.3457999999999999,,,,,may
1,True,824355,2026-05-20,0,25,3,2026-05-20 20:02:08.134000+00:00,2026-05-20 20:02:09.297117+00:00,2026-05-20 20:02:31.450000+00:00,0.34,-0.663294217410264,0.2607390216721628,0.5240436608911481,-1.1383798968425105,-0.044255009004040446,0.1471138733900359,0.19288612660996413,0.20259,1.163117,4.0,0.0,1.0,-1.0,0.0,0.0,0.0,0.0,0.0,0.0,0.0,-2.0,-1.0,-1.0,-1.0,0.0,0.0,1.0,1.0,-1.0,0.0,0.35,4.272756,0.044255009004040446,0.30339004039639605,no,away_yes,away_yes,2026-05-20 20:02:09.629851+00:00,0.66,2.95,0.046399999999999775,0.06159938083063178,0.9566000000000001,,,,,may
1,True,824359,2026-05-16,1,17,6,2026-05-16 19:54:41.239000+00:00,2026-05-16 19:54:43.559107+00:00,2026-05-16 19:55:36.773000+00:00,0.6,0.4054651081081642,0.6595164974109609,0.5944798745169103,0.27862395383559413,0.0,0.6646507217578631,-0.06465072175786313,2.472159,2.320107,2.0,1.0,0.0,1.0,0.0,0.0,0.0,1.0,0.0,0.0,0.0,0.0,-2.0,-2.0,0.0,1.0,0.0,0.0,0.0,0.0,0.0,0.63,3.411619,0.126751705639144,0.623591425562944,yes,yes,home_yes,2026-05-16 19:54:44.921149+00:00,0.6,1.0,0.016800000000000037,0.006791425562943987,0.3832,,,,,may
1,True,824359,2026-05-16,1,33,4,2026-05-16 20:30:26.045000+00:00,2026-05-16 20:30:29.502822+00:00,2026-05-16 20:33:07.452000+00:00,0.69,0.8001193001121129,0.7560115119775946,0.6801718080149586,0.3763740860648285,0.0919342421876268,0.7473557890200121,-0.05735578902001215,2.869891,3.457822,4.0,1.0,0.0,2.0,0.0,0.0,0.0,0.0,0.0,0.0,-1.0,0.0,-1.0,-2.0,-1.0,0.0,0.0,0.0,0.0,0.0,0.0,0.7,3.805615,0.0471785602750906,0.7131735264927567,yes,yes,home_yes,2026-05-16 20:30:31.539137+00:00,0.69,1.0,0.015000000000000013,0.00817352649275671,0.29500000000000004,,,,,may
1,True,824363,2026-05-04,0,33,2,2026-05-04 22:45:44.359000+00:00,2026-05-04 22:45:45.671747+00:00,2026-05-04 22:46:07.532000+00:00,0.3,-0.8472978603872036,0.20161159790373995,0.35060703483471367,-0.7598801452606259,0.0,0.16698077909712306,0.13301922090287693,1.441695,1.312747,6.0,0.0,0.0,-1.0,0.0,0.0,0.0,0.0,0.0,0.0,0.0,-1.0,-1.0,0.0,0.0,0.0,0.0,1.0,9.0,1.0,0.0,0.3,4.916876,0.0,0.26879871645929715,no,away_yes,away_yes,2026-05-04 22:45:47.365619+00:00,0.71,0.95,0.013700000000000045,0.00644121936366775,0.2617999999999999,,,,,may
1,True,824364,2026-05-03,0,14,1,2026-05-03 19:36:53.121000+00:00,2026-05-03 19:36:55.933445+00:00,2026-05-03 19:37:16.610000+00:00,0.34,-0.663294217410264,0.16027062409624893,0.23291849919192886,-0.46431142993265784,0.04489084051422165,0.2364040288418541,0.10359597115814592,1.952457,2.812445,2.0,0.0,2.0,-2.0,0.0,0.0,0.0,0.0,0.0,0.0,0.0,-1.0,0.0,0.0,0.0,0.0,0.0,0.0,0.0,0.0,0.0,0.34,4.6504,0.0,0.3019891720281815,no,away_yes,away_yes,2026-05-03 19:36:59.657034+00:00,0.67,2.91,0.045099999999999696,0.03641150939799191,0.9152000000000002,,,,,may
1,True,824364,2026-05-03,0,46,7,2026-05-03 20:50:51.417000+00:00,2026-05-03 20:50:52.455594+00:00,2026-05-03 20:53:27.566000+00:00,0.29,-0.8953840470548413,0.10031483908547423,0.17397088073295586,-0.6359891567286333,0.0,0.17779285851886786,0.11220714148113212,2.381372,1.038594,5.0,0.0,1.0,-1.0,0.0,0.0,1.0,1.0,1.0,0.0,0.0,-1.0,-3.0,-2.0,0.0,0.0,0.0,7.0,112.63,-0.9822427417206784,0.02390457218668788,0.37,4.596725,0.3631672333075331,0.2562575825885502,no,away_yes,away_yes,2026-05-03 20:50:54.948711+00:00,0.65,3.0,0.04779999999999984,0.23342725223434935,1.0022,,,,,may
1,True,824366,2026-05-01,0,64,3,2026-05-02 02:54:19.493000+00:00,2026-05-02 02:54:20.750448+00:00,2026-05-02 02:54:58.707000+00:00,0.58,0.32277339226305085,0.3067189560429078,0.6217253496443046,-1.3123815032787944,-0.041191984938360626,0.27920346334509355,0.3007965366549064,1.185469,1.257448,8.0,0.0,2.0,0.0,0.0,0.0,0.0,0.0,0.0,0.0,1.0,-1.0,0.0,-2.0,0.0,0.0,-1.0,6.0,513.56,1.0,0.0,0.54,4.738284,-0.16243074218787137,0.5441986612676348,no,away_yes,away_yes,2026-05-02 02:54:20.793055+00:00,0.43,3.0,0.05149999999999988,0.025904016197095647,1.6585,,,,,may
1,True,824430,2026-05-31,0,43,4,2026-05-31 19:01:57.042000+00:00,2026-05-31 19:01:59.612657+00:00,2026-05-31 19:03:14.892000+00:00,0.79,1.3249254147435987,0.7658003690044832,0.6733356600305141,0.4614368485478956,-0.06136894637629209,0.863860500888633,-0.07386050088863294,2.077589,2.570657,5.0,1.0,1.0,1.0,0.0,0.0,0.0,1.0,1.0,0.0,0.0,0.0,-1.0,-2.0,-1.0,1.0,1.0,0.0,0.0,0.0,0.0,0.78,4.425607,-0.05925904141232263,0.8148463308983912,yes,yes,home_yes,2026-05-31 19:02:00.985321+00:00,0.79,2.49,0.028999999999999693,0.03286736393699432,-1.9961,,,,,may
1,True,824431,2026-05-30,0,47,2,2026-05-30 21:45:10.482000+00:00,2026-05-30 21:45:11.706738+00:00,2026-05-30 21:52:35.834000+00:00,0.27,-0.9946225751440619,0.22388325273121557,0.39102346580822933,-0.8001660713326229,0.0,0.1424866243224785,0.12751337567752152,0.035033,1.224738,6.0,0.0,2.0,-1.0,0.0,0.0,0.0,1.0,0.0,0.0,0.0,-1.0,0.0,-1.0,0.0,0.0,0.0,3.0,22.0,-0.45454545454545453,0.004714045207910321,0.27,4.564512,0.0,0.23966342667767485,no,away_yes,away_yes,2026-05-30 21:45:12.356125+00:00,0.73,2.68,0.03699999999999992,0.044302016503831615,0.6866000000000001,,,,,may
1,True,824432,2026-05-27,1,41,1,2026-05-27 18:32:28.727000+00:00,2026-05-27 18:32:30.655230+00:00,2026-05-27 18:33:23.810000+00:00,0.73,0.9946225751440619,0.6540732883088334,0.4311605987546686,0.9141099774091253,0.09923852808922062,0.8593007114268042,-0.12930071142680422,0.371551,1.92823,5.0,1.0,2.0,1.0,0.0,0.0,1.0,0.0,0.0,0.0,0.0,1.0,0.0,0.0,1.0,-1.0,0.0,0.0,0.0,0.0,0.0,0.74,4.249812,0.05134598003862567,0.7633548202391427,yes,yes,home_yes,2026-05-27 18:32:31.734338+00:00,0.73,2.68,0.03699999999999992,0.052390918240902556,0.6866000000000001,,,,,may
1,True,824433,2026-05-29,1,38,1,2026-05-30 00:18:45.502000+00:00,2026-05-30 00:18:49.752762+00:00,2026-05-30 00:19:29.532000+00:00,0.75,1.0986122886681098,0.5387052582489226,0.7039461470313444,-0.7110290851585319,0.39042723074362373,0.49928899367073587,0.25071100632926413,0.037439,4.250762,5.0,0.0,0.0,2.0,0.0,0.0,0.0,1.0,1.0,0.0,0.0,-1.0,0.0,0.0,-1.0,1.0,0.0,0.0,0.0,0.0,0.0,0.7,4.258471,-0.25131442828090633,0.7010273239709734,no,away_yes,away_yes,2026-05-30 00:18:49.849672+00:00,0.26,7.0,0.09429999999999983,0.17850873220318597,-1.9143,,,,,may
1,True,824434,2026-05-26,0,13,4,2026-05-26 22:42:14.951000+00:00,2026-05-26 22:42:17.059979+00:00,2026-05-26 22:43:19.526000+00:00,0.35,-0.6190392084062235,0.2243945461936424,0.39008868177627265,-0.7932986214731158,-0.17172699036255873,0.2243296781692825,0.12567032183071747,0.199485,2.108979,2.0,0.0,1.0,-2.0,0.0,0.0,1.0,0.0,0.0,0.0,0.0,-2.0,-1.0,-2.0,1.0,-1.0,-1.0,3.0,539.0,0.9072356215213359,5.551115123125783e-17,0.32,4.72228,-0.13473259397015658,0.3154742494323264,no,away_yes,away_yes,2026-05-26 22:42:17.127975+00:00,0.66,2.95,0.046399999999999775,0.02595096417463731,0.9566000000000001,,,,,may
1,True,824435,2026-05-16,1,16,7,2026-05-16 22:41:30.819000+00:00,2026-05-16 22:41:33.243609+00:00,2026-05-16 22:42:56.497000+00:00,0.73,0.9946225751440619,0.7645507216248868,0.5224207978605202,1.0880494827139047,0.05016096630321065,0.8841684984734781,-0.15416849847347813,0.04862,2.424609,2.0,1.0,2.0,2.0,0.0,0.0,1.0,1.0,0.0,0.0,0.0,2.0,-1.0,-2.0,0.0,0.0,-1.0,0.0,0.0,0.0,0.0,0.73,4.77814,0.0,0.780185200456995,yes,yes,home_yes,2026-05-16 22:41:34.160800+00:00,0.73,2.68,0.03699999999999992,0.09749633722474679,-0.3487999999999998,profitable_reversal,2026-05-16 23:31:45.615512+00:00,0.63,0.04379999999999984,may
1,True,824435,2026-05-16,1,40,6,2026-05-16 23:31:55.189000+00:00,2026-05-16 23:31:56.652236+00:00,2026-05-16 23:32:30.302000+00:00,0.51,0.040005334613699206,0.34902254063580707,0.5398243156093077,-0.7829739165120351,-0.492211479133609,0.4376371591003386,0.07236284089966138,0.622529,1.463236,5.0,0.0,2.0,0.0,0.0,0.0,1.0,1.0,1.0,0.0,0.0,-1.0,-3.0,-2.0,0.0,0.0,0.0,2.0,129.35,-0.31426362582141476,0.04499999999999999,0.52,3.626944,0.04003737305983736,0.48338777218850987,no,away_yes,away_yes,2026-05-16 23:31:57.491878+00:00,0.41,4.68,0.07930000000000015,0.419645226157774,0.6363999999999992,profitable_reversal,2026-05-16 23:52:14.455833+00:00,0.58,0.0799000000000003,may
1,True,824439,2026-05-15,0,73,6,2026-05-16 01:51:17.648000+00:00,2026-05-16 01:51:19.065368+00:00,2026-05-16 01:51:49.768000+00:00,0.4,-0.4054651081081643,0.1713724368950171,0.09902037046840519,0.6322254452360025,0.2578291093020997,0.4922334316817645,-0.09223343168176446,0.119851,1.417368,8.0,1.0,1.0,-2.0,0.0,0.0,1.0,1.0,1.0,0.0,0.0,1.0,-3.0,-2.0,0.0,0.0,0.0,6.0,116.0,0.5172413793103449,0.0214087209644419,0.39,4.966729,-0.041847109935500504,0.42751998016887655,yes,yes,home_yes,2026-05-16 01:51:21.138723+00:00,0.4,4.79,0.0804999999999998,0.05132070500891875,-1.9965,,,,,may
1,True,824440,2026-05-10,0,23,5,2026-05-10 18:27:08.460000+00:00,2026-05-10 18:27:09.753504+00:00,2026-05-10 18:27:54.947000+00:00,0.65,0.6190392084062236,0.580772673810342,0.40451929340277115,0.7126156531072667,0.043675063502661704,0.7838050527496333,-0.13380505274963328,1.924364,1.293504,3.0,1.0,1.0,0.0,0.0,0.0,1.0,0.0,1.0,0.0,0.0,1.0,-1.0,-2.0,0.0,-1.0,1.0,0.0,0.0,0.0,0.0,0.66,4.816225,0.04425500900404067,0.7015237593463702,yes,yes,home_yes,2026-05-10 18:27:13.644365+00:00,0.65,2.5,0.03990000000000005,0.08890939836592548,-1.6649,,,,,may
1,True,824444,2026-05-09,0,30,5,2026-05-10 01:20:48.908000+00:00,2026-05-10 01:20:52.385686+00:00,2026-05-10 01:22:17.068000+00:00,0.65,0.6190392084062236,0.613883762171079,0.5249109665218873,0.3639407041342962,0.08682239465891539,0.7101592317714548,-0.06015923177145477,1.555332,3.477686,4.0,1.0,1.0,0.0,0.0,0.0,1.0,1.0,1.0,0.0,0.0,0.0,-1.0,-2.0,0.0,0.0,1.0,0.0,0.0,0.0,0.0,0.66,4.855299,0.04425500900404067,0.6706675471726538,yes,yes,home_yes,2026-05-10 01:20:56.984377+00:00,0.65,3.0,0.04779999999999984,0.014202641517961356,-1.9978,,,,,may
1,True,824512,2026-05-31,1,53,4,2026-05-31 19:22:54.048000+00:00,2026-05-31 19:22:55.743466+00:00,2026-05-31 19:23:36.325000+00:00,0.8,1.3862943611198908,0.8522517849462113,0.7453406751984321,0.6784577048156815,0.0,0.8874297673676094,-0.08742976736760932,1.561386,1.695466,6.0,1.0,1.0,2.0,0.0,0.0,0.0,1.0,0.0,0.0,0.0,1.0,-2.0,-1.0,0.0,0.0,0.0,0.0,0.0,0.0,0.0,0.82,4.573921,0.13005312824819737,0.8349442719840017,yes,yes,home_yes,2026-05-31 19:22:56.398212+00:00,0.81,2.43,0.02619999999999978,0.03441458092112416,0.4355000000000002,,,,,may
1,True,824513,2026-05-30,0,14,1,2026-05-30 23:47:12.031000+00:00,2026-05-30 23:47:13.258124+00:00,2026-05-30 23:47:48.584000+00:00,0.62,0.4895482253187058,0.5580403418212062,0.30457813398860173,1.0588036610861356,0.1255828481172943,0.80577214725894,-0.18577214725893998,1.138326,1.227124,2.0,1.0,1.0,1.0,0.0,0.0,0.0,0.0,0.0,0.0,0.0,2.0,0.0,0.0,-1.0,0.0,0.0,4.0,82.53,1.0,0.008660254037844395,0.59,4.607782,-0.1255828481172943,0.6528771522800889,yes,yes,home_yes,2026-05-30 23:47:13.258227+00:00,0.62,3.14,0.051799999999999846,0.05143425815947936,-1.9986,,,,,may
1,True,824517,2026-05-14,1,13,1,2026-05-14 17:09:07.690000+00:00,2026-05-14 17:09:13.567657+00:00,2026-05-14 17:09:34.622000+00:00,0.77,1.2083112059245342,0.693173329345698,0.43296321772445195,1.0847684814553857,0.2136886307804723,0.8888839026102148,-0.11888390261021475,2.252187,5.877657,2.0,1.0,2.0,2.0,0.0,0.0,0.0,0.0,0.0,0.0,0.0,2.0,0.0,0.0,-1.0,0.0,0.0,0.0,0.0,0.0,0.0,0.79,3.116195,0.11661420881906448,0.8008222989369724,yes,yes,home_yes,2026-05-14 17:09:15.898548+00:00,0.78,2.52,0.030299999999999994,0.022172193321170465,0.5241,,,,,may
1,True,824519,2026-05-13,0,76,3,2026-05-14 01:22:48.753000+00:00,2026-05-14 01:22:50.632131+00:00,2026-05-14 01:25:16.581000+00:00,0.66,0.6632942174102643,0.006560334685893661,0.00837808226216552,-0.24640884785928563,0.13107740366295606,0.5709695452427389,0.08903045475726112,0.418777,1.879131,9.0,1.0,0.0,0.0,0.0,0.0,0.0,0.0,0.0,0.0,-2.0,0.0,-1.0,-1.0,-1.0,0.0,0.0,5.0,204.0,0.9901960784313726,0.008000000000000007,0.66,3.030773,0.0,0.6362723029234989,no,away_yes,away_yes,2026-05-14 01:22:53.839457+00:00,0.33,5.78,0.08949999999999969,0.1054460891021766,3.7831000000000006,,,,,may
1,True,824521,2026-05-12,0,18,5,2026-05-12 23:20:12.712000+00:00,2026-05-12 23:20:14.058629+00:00,2026-05-12 23:20:29.519000+00:00,0.37,-0.5322168137473082,0.2524087860016708,0.368111188332755,-0.545477970321465,0.0,0.253942505205147,0.116057494794853,0.82451,1.346629,3.0,0.0,1.0,-2.0,0.0,0.0,0.0,0.0,0.0,0.0,0.0,-1.0,-2.0,-2.0,0.0,0.0,0.0,1.0,5.0,1.0,0.0,0.37,4.065625,0.0,0.33296279628083963,no,away_yes,away_yes,2026-05-12 23:20:14.226465+00:00,0.64,3.04,0.04909999999999992,0.033093099306247376,1.0453000000000001,,,,,may
1,True,824522,2026-05-08,0,28,4,2026-05-08 23:04:09.860000+00:00,2026-05-08 23:04:11.704782+00:00,2026-05-08 23:05:06.198000+00:00,0.46,-0.16034265007517937,0.39218087485667064,0.3011717666888811,0.40357002722290525,0.04032804538697188,0.5505515257981061,-0.09055152579810605,0.019972,1.844782,4.0,1.0,1.0,-2.0,0.0,0.0,1.0,1.0,1.0,0.0,0.0,0.0,-1.0,-2.0,0.0,0.0,1.0,3.0,20.0,1.0,0.0,0.47,4.400546,0.04019833823311603,0.49069895949826525,yes,yes,home_yes,2026-05-08 23:04:12.476769+00:00,0.44,4.37,0.07539999999999991,0.14615445300741925,-1.9982,,,,,may
1,True,824594,2026-05-29,1,61,5,2026-05-30 01:40:02.993000+00:00,2026-05-30 01:40:04.865327+00:00,2026-05-30 01:40:34.069000+00:00,0.26,-1.0459685551826876,0.06003388844897643,0.15420450554172593,-1.0489366942662575,-0.5137517414353794,0.17063217918969795,0.08936782081030206,2.854086,1.872327,8.0,1.0,2.0,-1.0,0.0,0.0,0.0,0.0,0.0,0.0,2.0,0.0,-1.0,-2.0,-1.0,0.0,0.0,0.0,0.0,0.0,0.0,0.21,4.204359,-0.2789568595609111,0.21845257339017435,no,away_yes,away_yes,2026-05-30 01:40:04.880491+00:00,0.7,2.79,0.041100000000000136,0.18641732024141364,-0.11080000000000045,profitable_reversal,2026-05-30 01:54:31.399872+00:00,0.69,0.04180000000000028,may
1,True,824594,2026-05-29,1,68,4,2026-05-30 01:54:29.317000+00:00,2026-05-30 01:54:31.027425+00:00,2026-05-30 01:55:55.071000+00:00,0.32,-0.7537718023763801,0.004198016548921023,0.0022833416005565922,0.6108930797653143,-0.17840765747281828,0.508881299492539,-0.188881299492539,0.30107,1.710425,9.0,1.0,1.0,-1.0,0.0,0.0,1.0,0.0,1.0,0.0,0.0,0.0,-1.0,-2.0,0.0,0.0,1.0,2.0,7.970000000000001,1.0,0.0,0.41,4.403328,0.38980642517496816,0.35396654622006174,yes,yes,home_yes,2026-05-30 01:54:31.982978+00:00,0.31,6.15,0.09209999999999985,0.17829425925337988,0.7846,profitable_reversal,2026-05-30 02:09:39.059492+00:00,0.47,0.10729999999999995,may
1,True,824594,2026-05-29,1,76,1,2026-05-30 02:09:33.395000+00:00,2026-05-30 02:09:35.308085+00:00,,0.22,-1.2656663733312759,0.0016165497505716124,0.0016597431616383045,-0.026412038345388744,0.6352923878617711,0.1270418785320828,0.09295812146791721,0.315405,1.913085,10.0,1.0,2.0,-1.0,0.0,1.0,0.0,1.0,0.0,0.0,0.0,0.0,0.0,1.0,0.0,0.0,0.0,0.0,0.0,0.0,0.0,0.99,4.1617,5.8607862234658645,0.19182129302452502,no,away_yes,away_yes,2026-05-30 02:09:39.073585+00:00,0.01,10.0,0.006999999999999992,7.9747870697547505,-0.107,,,,,may
1,True,824597,2026-05-26,0,57,3,2026-05-27 01:44:02.515000+00:00,2026-05-27 01:44:04.554017+00:00,2026-05-27 01:44:31.669000+00:00,0.59,0.3639653772014115,0.27170973109181473,0.06386944274403979,1.6989485499196304,0.041191984938360626,0.883058944262139,-0.2930589442621391,0.323595,2.039017,8.0,1.0,1.0,0.0,0.0,0.0,0.0,0.0,0.0,0.0,0.0,2.0,-1.0,-1.0,-1.0,0.0,0.0,0.0,0.0,0.0,0.0,0.59,4.626801,0.0,0.6361869291563524,yes,yes,home_yes,2026-05-27 01:44:06.254513+00:00,0.6,3.24,0.05449999999999999,0.06274565046658201,0.1884999999999999,profitable_reversal,2026-05-27 01:50:23.073857+00:00,0.69,0.04859999999999998,may
1,True,824597,2026-05-26,0,60,2,2026-05-27 01:50:21.310000+00:00,2026-05-27 01:50:22.900020+00:00,2026-05-27 01:54:49.894000+00:00,0.69,0.8001193001121129,0.006389033600815552,0.2726252110392915,-4.065418853165474,0.13682508270184857,0.03222913052955977,0.6577708694704402,0.004091,1.59002,9.0,0.0,0.0,0.0,0.0,0.0,0.0,0.0,0.0,1.0,-2.0,0.0,0.0,-1.0,0.0,-1.0,0.0,0.0,0.0,0.0,0.0,0.69,4.854842,0.0,0.6673082226579062,no,away_yes,away_yes,2026-05-27 01:50:26.126931+00:00,0.3,6.35,0.09340000000000015,0.1141927861222953,4.3516,,,,,may
1,True,824598,2026-05-25,1,21,6,2026-05-25 18:45:42.660000+00:00,2026-05-25 18:45:46.431916+00:00,2026-05-25 18:46:09.312000+00:00,0.77,1.2083112059245342,0.7339002740302065,0.7339002740302065,0.0,-0.3773160578158474,0.83,-0.05999999999999994,1.746901,3.771916,2.0,1.0,2.0,2.0,2.0,2.0,0.0,1.0,0.0,0.0,0.0,0.0,0.0,0.0,0.0,0.0,0.0,0.0,0.0,0.0,0.0,0.77,4.931638,0.0,0.8016793205940336,yes,yes,home_yes,2026-05-25 18:45:49.434058+00:00,0.77,2.55,0.031700000000000284,0.04908226751478528,0.5547999999999997,,,,,may
1,True,824599,2026-05-17,1,80,4,2026-05-17 21:06:37.934000+00:00,2026-05-17 21:06:40.557261+00:00,2026-05-17 21:09:01.481000+00:00,0.6,0.4054651081081642,0.005860771792977318,0.009206766504886721,-0.4550288003833449,0.12361395596717673,0.45681346616643864,0.14318653383356134,2.79961,2.623261,9.0,1.0,0.0,0.0,0.0,0.0,0.0,0.0,0.0,0.0,-2.0,0.0,-1.0,-2.0,0.0,0.0,0.0,0.0,0.0,0.0,0.0,0.6,4.755386,0.0,0.5675214411757533,no,away_yes,away_yes,2026-05-17 21:06:41.082082+00:00,0.41,4.68,0.07930000000000015,0.02589965529747444,0.07330000000000014,profitable_reversal,2026-05-17 21:10:41.120424+00:00,0.46,0.08139999999999992,may
1,True,824599,2026-05-17,1,82,3,2026-05-17 21:11:00.771000+00:00,2026-05-17 21:11:03.178631+00:00,2026-05-17 21:11:38.333000+00:00,0.61,0.44731221804366483,0.007234984887435275,0.005129880239256882,0.3459641586023654,-0.042236007275040954,0.6975192312480692,-0.08751923124806926,2.545578,2.407631,9.0,1.0,1.0,0.0,0.0,0.0,0.0,1.0,0.0,0.0,0.0,0.0,-2.0,0.0,0.0,1.0,0.0,0.0,0.0,0.0,0.0,0.66,4.981813,0.21598199936659945,0.6409094537287187,yes,yes,home_yes,2026-05-17 21:11:03.325441+00:00,0.61,2.03,0.03390000000000004,0.02884619106929885,-0.2725000000000002,profitable_reversal,2026-05-17 21:27:47.984814+00:00,0.51,0.035600000000000076,may
1,True,824599,2026-05-17,1,92,1,2026-05-17 21:27:43.261000+00:00,2026-05-17 21:27:44.741577+00:00,,0.44,-0.2411620568168881,0.002545514281268348,0.0036422205313417183,-0.35936093694757076,0.2483861685018177,0.2996617356877651,0.1403382643122349,1.936287,1.480577,10.0,1.0,1.0,-1.0,0.0,0.0,0.0,0.0,1.0,0.0,1.0,0.0,0.0,0.0,0.0,-1.0,1.0,9.0,111.87,-0.8748547421113793,0.04714045207910317,0.51,4.750543,0.28116739143058733,0.3708925218586205,no,away_yes,away_yes,2026-05-17 21:27:47.986317+00:00,0.42,4.57,0.07800000000000007,0.8776211751061042,-1.9974,,,,,may
1,True,824603,2026-05-13,1,15,2,2026-05-14 00:09:50.766000+00:00,2026-05-14 00:09:52.314000+00:00,2026-05-14 00:10:24.077000+00:00,0.72,0.9444616088408513,0.7707758157009972,0.6826719475544758,0.446618736447303,0.0,0.800764658114851,-0.080764658114851,0.877832,1.548,2.0,1.0,1.0,2.0,0.0,0.0,1.0,0.0,0.0,0.0,0.0,1.0,0.0,-1.0,1.0,0.0,-1.0,1.0,12.25,1.0,0.0,0.73,3.722709,0.05016096630321065,0.7512655092310525,yes,yes,home_yes,2026-05-14 00:09:53.703335+00:00,0.72,0.75,0.010599999999999943,0.012849131923289459,0.19940000000000002,,,,,may
1,True,824604,2026-05-12,1,51,6,2026-05-13 01:22:43.045000+00:00,2026-05-13 01:22:44.094812+00:00,2026-05-13 01:25:33.520000+00:00,0.64,0.5753641449035619,0.6009204225537681,0.7754399657872579,-0.8299858035087331,-0.08793007250670237,0.4584233299950554,0.1815766700049446,0.239226,1.049812,6.0,0.0,1.0,1.0,0.0,0.0,0.0,1.0,0.0,0.0,0.0,-2.0,-3.0,-2.0,0.0,0.0,-1.0,1.0,0.25,1.0,0.0,0.65,4.945792,0.043675063502661704,0.6156521823894371,no,away_yes,away_yes,2026-05-13 01:22:44.098140+00:00,0.35,5.46,0.08700000000000019,0.10053908415367344,-1.998,,,,,may
1,True,824605,2026-05-10,1,50,1,2026-05-10 20:04:35.894000+00:00,2026-05-10 20:04:41.089921+00:00,2026-05-10 20:05:53.117000+00:00,0.32,-0.7537718023763801,0.1749661122175693,0.13974043386467302,0.26661535598737474,-0.17840765747281828,0.4234201746435302,-0.1034201746435302,0.905131,5.195921,7.0,1.0,2.0,-1.0,0.0,0.0,1.0,1.0,0.0,0.0,0.0,0.0,0.0,0.0,0.0,1.0,0.0,0.0,0.0,0.0,0.0,0.3,3.527246,-0.09352605801082348,0.3406664737609785,yes,yes,home_yes,2026-05-10 20:04:44.617167+00:00,0.3,6.35,0.09340000000000015,0.16483210838221357,4.3516,,,,,may
1,True,824606,2026-05-09,1,28,3,2026-05-10 00:18:04.010000+00:00,2026-05-10 00:18:10.896801+00:00,2026-05-10 00:18:32.586000+00:00,0.8,1.3862943611198908,0.9201375126420338,0.8406472065768351,0.7811653731392321,-0.19933290262049086,0.9142597729197565,-0.11425977291975642,0.647779,6.886801,4.0,0.0,2.0,4.0,0.0,0.0,0.0,0.0,0.0,0.0,2.0,0.0,-2.0,0.0,-1.0,0.0,0.0,0.0,0.0,0.0,0.0,0.86,3.330852,0.42899560551835814,0.8437978037132102,yes,yes,home_yes,2026-05-10 00:18:12.338890+00:00,0.8,2.46,0.02760000000000007,0.08014259713449698,0.4643999999999999,,,,,may
1,True,824677,2026-05-19,0,23,1,2026-05-20 00:23:49.446000+00:00,2026-05-20 00:23:52.234289+00:00,2026-05-20 00:24:19.096000+00:00,0.17,-1.5856272637403817,0.10388749331800529,0.17723206374496758,-0.6195432325134929,0.5051138331933878,0.06236922192324457,0.10763077807675545,2.250244,2.788289,3.0,0.0,2.0,-3.0,0.0,0.0,1.0,0.0,1.0,0.0,0.0,-1.0,0.0,0.0,0.0,-1.0,1.0,3.0,115.0,1.0,0.009428090415820628,0.17,4.527565,0.0,0.1291571074717059,no,away_yes,away_yes,2026-05-20 00:23:55.870210+00:00,0.84,1.17,0.01110000000000011,0.02498618425810397,0.17609999999999992,,,,,may
1,True,824679,2026-05-22,0,18,5,2026-05-22 19:01:31.058000+00:00,2026-05-22 19:01:32.309585+00:00,2026-05-22 19:01:57.129000+00:00,0.43,-0.2818511521409879,0.3246719054141566,0.47405854309112094,-0.6285244030253274,-0.08118045667883664,0.3038152892617615,0.1261847107382385,0.543612,1.251585,3.0,0.0,0.0,-1.0,0.0,0.0,0.0,0.0,0.0,0.0,0.0,-1.0,-1.0,-2.0,0.0,0.0,0.0,9.0,1537.93,-0.5670414128081251,0.009162456945817032,0.42,4.930011,-0.0409222401220633,0.3916832469377994,no,away_yes,away_yes,2026-05-22 19:01:32.695512+00:00,0.56,3.46,0.059699999999999864,0.1074759655952143,0.8764999999999992,profitable_reversal,2026-05-22 20:58:18.517266+00:00,0.84,0.032600000000000406,may
1,True,824679,2026-05-22,0,71,1,2026-05-22 20:58:15.076000+00:00,2026-05-22 20:58:16.301308+00:00,2026-05-22 20:58:47.147000+00:00,0.28,-0.9444616088408512,0.08904445487828629,0.06023821790341806,0.42196105993070177,0.0,0.3722677078676995,-0.0922677078676995,0.233429,1.225308,8.0,1.0,2.0,-2.0,0.0,0.0,1.0,1.0,1.0,0.0,0.0,0.0,0.0,0.0,0.0,0.0,1.0,4.0,428.2,0.35450723960766,0.004999999999999977,0.27,4.944462,-0.05016096630321076,0.30389260391861067,yes,yes,home_yes,2026-05-22 20:58:18.667266+00:00,0.27,7.04,0.09719999999999995,0.14140393158701905,-1.998,,,,,may
1,True,824682,2026-05-05,1,42,2,2026-05-06 01:10:22.953000+00:00,2026-05-06 01:10:24.097218+00:00,2026-05-06 01:13:07.457000+00:00,0.29,-0.8953840470548413,0.2013242421617153,0.3255735118497578,-0.6497638964906635,-0.048086186667637754,0.18286416132527233,0.10713583867472765,0.260283,1.144218,6.0,0.0,2.0,-2.0,0.0,0.0,0.0,0.0,0.0,0.0,0.0,-1.0,-1.0,0.0,0.0,0.0,0.0,4.0,590.27,0.498432920527894,0.007071067811865462,0.29,3.0582,0.0,0.2574484267631499,no,away_yes,away_yes,2026-05-06 01:10:24.102382+00:00,0.72,1.0,0.01419999999999999,0.008351573236850207,-0.7342,,,,,may
1,True,824682,2026-05-05,1,49,3,2026-05-06 01:28:44.235000+00:00,2026-05-06 01:28:45.389332+00:00,2026-05-06 01:31:13.207000+00:00,0.25,-1.0986122886681098,0.12407255471592205,0.21901895512052919,-0.6830241492297955,0.054067221270275745,0.13756020601799143,0.11243979398200857,0.908715,1.154332,7.0,0.0,0.0,-2.0,0.0,0.0,0.0,0.0,0.0,1.0,-2.0,0.0,0.0,-2.0,-1.0,-1.0,-1.0,5.0,4.0,-1.0,0.01019803902718557,0.22,3.331122,-0.16705408466316607,0.2178083520152212,no,away_yes,away_yes,2026-05-06 01:28:47.240607+00:00,0.76,1.0,0.012800000000000034,0.009391647984778762,-0.7728,,,,,may
1,True,824683,2026-05-06,1,65,5,2026-05-07 01:52:43.919000+00:00,2026-05-07 01:52:45.101873+00:00,2026-05-07 01:53:08.842000+00:00,0.78,1.265666373331276,0.8131266265426549,0.9091936049619889,-0.8333727357698693,0.27104379818721414,0.5402253376294651,0.2397746623705349,4.939717,1.182873,9.0,0.0,0.0,1.0,0.0,0.0,0.0,0.0,0.0,0.0,0.0,-1.0,-3.0,-1.0,0.0,0.0,0.0,7.0,9169.26,1.0,0.01277753129999881,0.88,4.480735,0.7267637913589302,0.7443043757707517,no,away_yes,away_yes,2026-05-07 01:52:46.095353+00:00,0.18,10.5,0.10850000000000004,0.6863040544071072,7.385300000000003,profitable_reversal,2026-05-07 02:15:28.035032+00:00,0.9,0.06619999999999848,may
1,True,824683,2026-05-06,1,75,6,2026-05-07 02:16:07.242000+00:00,2026-05-07 02:16:08.419886+00:00,2026-05-07 02:17:12.913000+00:00,0.58,0.32277339226305085,0.0068701663818896115,0.002488919902111004,1.0197413346513828,-0.08269171584511337,0.8061533250543987,-0.22615332505439878,0.18475,1.177886,9.0,1.0,1.0,0.0,0.0,0.0,0.0,0.0,0.0,0.0,0.0,2.0,-3.0,-2.0,-1.0,0.0,0.0,4.0,226.66,-0.9867643165975469,0.010897247358851694,0.58,4.98547,0.0,0.6324834931856221,yes,yes,home_yes,2026-05-07 02:16:08.549438+00:00,0.59,1.0,0.017000000000000015,0.025483493185622152,0.393,,,,,may
1,True,824684,2026-05-04,1,29,1,2026-05-05 01:38:49.552000+00:00,2026-05-05 01:38:52.822860+00:00,2026-05-05 01:39:15.697000+00:00,0.37,-0.5322168137473082,0.2197940406442288,0.40404166779317174,-0.8782142648392024,-0.04266858842860244,0.20298159035804728,0.16701840964195272,0.398141,3.27086,4.0,0.0,2.0,-3.0,0.0,0.0,0.0,0.0,0.0,0.0,0.0,-2.0,0.0,0.0,-1.0,0.0,0.0,0.0,0.0,0.0,0.0,0.37,4.069852,0.0,0.3293202797574057,no,away_yes,away_yes,2026-05-05 01:38:53.555613+00:00,0.63,3.09,0.05050000000000021,0.07520033554961603,-1.9972,,,,,may
1,True,824685,2026-05-02,1,11,2,2026-05-02 18:41:33.548000+00:00,2026-05-02 18:41:34.586469+00:00,2026-05-02 18:42:02.916000+00:00,0.75,1.0986122886681098,0.6354271488525243,0.4903908788332508,0.5940122684247063,0.05264373348542217,0.8375323280674888,-0.08753232806748878,1.097163,1.038469,2.0,1.0,0.0,1.0,0.0,0.0,0.0,0.0,0.0,0.0,0.0,1.0,0.0,-1.0,0.0,0.0,0.0,0.0,0.0,0.0,0.0,0.75,4.496713,0.0,0.7728623431537054,yes,yes,home_yes,2026-05-02 18:41:37.051257+00:00,0.75,2.62,0.034399999999999986,0.025499339062708133,0.6206,,,,,may
1,True,824757,2026-05-28,0,30,1,2026-05-28 21:16:48.483000+00:00,2026-05-28 21:16:50.127510+00:00,2026-05-28 21:17:21.433000+00:00,0.41,-0.3639653772014119,0.3704328547992921,0.28751832817205825,0.377107267258846,0.0,0.5032854252292107,-0.09328542522921074,0.210077,1.64451,4.0,0.0,2.0,0.0,0.0,0.0,0.0,1.0,1.0,0.0,1.0,0.0,0.0,0.0,0.0,0.0,0.0,2.0,15.0,0.3333333333333333,0.009999999999999981,0.43,4.253006,0.08211422506042404,0.44845746749026494,yes,yes,home_yes,2026-05-28 21:16:50.433692+00:00,0.42,4.57,0.07800000000000007,0.05205062643051078,-1.9974,,,,,may
1,True,824758,2026-05-26,0,45,4,2026-05-27 00:18:52.458000+00:00,2026-05-27 00:18:54.646292+00:00,2026-05-27 00:21:38.480000+00:00,0.29,-0.8953840470548413,0.090083898180354,0.20972121973745916,-0.986004315450421,0.0,0.13222948473915666,0.15777051526084332,0.96277,2.188292,6.0,0.0,0.0,-1.0,0.0,0.0,0.0,1.0,1.0,0.0,0.0,-1.0,-1.0,-2.0,-1.0,1.0,0.0,1.0,25.0,-1.0,0.0,0.25,4.927,-0.20322824161326847,0.25662304847856304,no,away_yes,away_yes,2026-05-27 00:18:56.007066+00:00,0.71,2.76,0.03980000000000028,0.05232038619916597,0.7605999999999997,,,,,may
1,True,824758,2026-05-26,0,78,4,2026-05-27 01:39:31.596000+00:00,2026-05-27 01:39:32.693453+00:00,2026-05-27 01:40:03.071000+00:00,0.18,-1.5163474893680886,0.0025324566240217676,0.004388505529815062,-0.5516614084250699,0.29894247727016054,0.08572778459630274,0.09427221540369725,0.309123,1.097453,9.0,1.0,2.0,-1.0,0.0,0.0,1.0,1.0,0.0,0.0,1.0,0.0,-2.0,-1.0,0.0,0.0,0.0,15.0,1316.54,-0.5662266243334801,0.046399233710147515,0.18,4.717769,0.0,0.13648212093997186,no,away_yes,away_yes,2026-05-27 01:39:33.026566+00:00,0.83,2.38,0.023600000000000287,0.0561725521628669,0.3809999999999998,,,,,may
1,True,824759,2026-05-24,0,50,3,2026-05-24 19:29:14.942000+00:00,2026-05-24 19:29:17.611253+00:00,2026-05-24 19:30:22.986000+00:00,0.25,-1.0986122886681098,0.1498835032538528,0.37047199210095816,-1.2053225499325584,-0.2513144282809062,0.11378787105939847,0.13621212894060153,0.23952,2.669253,6.0,0.0,2.0,-2.0,0.0,0.0,0.0,1.0,0.0,0.0,0.0,-2.0,-1.0,-1.0,0.0,0.0,-1.0,0.0,0.0,0.0,0.0,0.28,4.765717,0.1541506798272586,0.22160344550080766,no,away_yes,away_yes,2026-05-24 19:29:18.563566+00:00,0.73,2.34,0.032299999999999995,0.08094793752811007,0.20299999999999963,profitable_reversal,2026-05-24 20:18:53.980676+00:00,0.84,0.02210000000000023,may
1,True,824759,2026-05-24,0,68,5,2026-05-24 20:18:49.846000+00:00,2026-05-24 20:18:52.492444+00:00,2026-05-24 20:21:39.656000+00:00,0.27,-0.9946225751440619,0.13923911295780728,0.08082765541525591,0.6095304045935683,0.2710437981872139,0.34160814597668243,-0.07160814597668241,2.716433,2.646444,8.0,1.0,1.0,-2.0,0.0,0.0,0.0,1.0,1.0,0.0,0.0,0.0,-3.0,-1.0,-1.0,1.0,1.0,0.0,0.0,0.0,0.0,0.31,4.702614,0.19450327503194886,0.2912698178197292,yes,yes,home_yes,2026-05-24 20:18:54.739585+00:00,0.24,7.91,0.1010000000000002,0.30454425895405796,-1.9994,,,,,may
1,True,824761,2026-05-22,0,18,6,2026-05-22 23:38:55.050000+00:00,2026-05-22 23:38:56.173384+00:00,2026-05-22 23:39:30.255000+00:00,0.56,0.24116205681688824,0.46261855320541945,0.5836039548437213,-0.48739107047829894,0.12101774497482483,0.4092064688919846,0.15079353110801547,1.896143,1.123384,2.0,0.0,1.0,1.0,0.0,0.0,1.0,1.0,1.0,0.0,0.0,-1.0,-3.0,-2.0,0.0,0.0,0.0,0.0,0.0,0.0,0.0,0.6,4.068473,0.16430305129127598,0.5245662023691477,no,away_yes,away_yes,2026-05-22 23:39:01.156919+00:00,0.42,4.57,0.07800000000000007,0.17533245517299478,2.5726000000000004,,,,,may
1,True,824762,2026-05-14,0,26,3,2026-05-14 23:56:44.716000+00:00,2026-05-14 23:56:46.908990+00:00,2026-05-14 23:57:24.285000+00:00,0.58,0.32277339226305085,0.4575211920258587,0.42730656365469444,0.12252303914364962,-0.16677483305565494,0.6484131406011294,-0.06841314060112946,0.048624,2.19299,4.0,1.0,2.0,0.0,0.0,0.0,0.0,1.0,0.0,0.0,0.0,0.0,-1.0,-1.0,0.0,1.0,0.0,0.0,0.0,0.0,0.0,0.57,4.870106,-0.04092224012206336,0.6022449008398636,yes,yes,home_yes,2026-05-14 23:56:47.584685+00:00,0.58,0.52,0.008900000000000019,0.0026673484367290713,-0.3105,,,,,may
1,True,824763,2026-05-13,1,12,3,2026-05-13 23:08:55.883000+00:00,2026-05-13 23:08:59.040046+00:00,2026-05-13 23:09:22.527000+00:00,0.69,0.8001193001121129,0.6222227232195395,0.480075948623203,0.5787317256431317,0.0,0.7988064065575126,-0.10880640655751261,2.31336,3.157046,2.0,1.0,1.0,1.0,0.0,0.0,0.0,0.0,0.0,0.0,0.0,1.0,-1.0,-1.0,0.0,0.0,0.0,0.0,0.0,0.0,0.0,0.68,3.08747,-0.046347497735732546,0.728754798002799,yes,yes,home_yes,2026-05-13 23:09:01.375798+00:00,0.69,2.83,0.042400000000000215,0.06727607834792101,0.8349,,,,,may
1,True,824764,2026-05-12,0,57,1,2026-05-13 00:47:54.939000+00:00,2026-05-13 00:47:57.657374+00:00,2026-05-13 00:48:41.519000+00:00,0.38,-0.4895482253187058,0.17346747025161252,0.11936600013832041,0.43719851354972206,-0.32920557524352645,0.5687752290287345,-0.18877522902873445,0.645448,2.718374,8.0,1.0,0.0,-1.0,0.0,0.0,1.0,0.0,0.0,0.0,0.0,0.0,0.0,0.0,1.0,0.0,0.0,0.0,0.0,0.0,0.0,0.38,4.851527,0.0,0.41323903280565943,yes,yes,home_yes,2026-05-13 00:48:00.645188+00:00,0.38,2.52,0.04159999999999997,0.0421623626702618,-0.9992,,,,,may
1,True,824767,2026-05-07,0,17,5,2026-05-07 23:47:59.246000+00:00,2026-05-07 23:48:01.456581+00:00,2026-05-07 23:48:36.262000+00:00,0.43,-0.2818511521409879,0.3132384727742419,0.20345473671328831,0.5798180836100782,0.2076970731777179,0.5225521525241689,-0.09255215252416887,1.460547,2.210581,2.0,1.0,0.0,-2.0,0.0,0.0,1.0,1.0,0.0,0.0,0.0,1.0,-1.0,-2.0,0.0,0.0,0.0,1.0,8.0,1.0,0.0,0.43,4.987443,0.0,0.45529032185662044,yes,yes,home_yes,2026-05-07 23:48:04.042655+00:00,0.43,4.47,0.07669999999999999,0.0363477386990934,-1.9988,,,,,may
1,True,824772,2026-05-01,1,30,5,2026-05-02 00:11:06.417000+00:00,2026-05-02 00:11:08.822084+00:00,2026-05-02 00:13:38.277000+00:00,0.79,1.3249254147435987,0.7927426458440779,0.7008222893818428,0.4903207607434089,0.05925904141232263,0.8527063644010604,-0.06270636440106037,3.577132,2.405084,4.0,1.0,0.0,2.0,0.0,0.0,0.0,0.0,0.0,0.0,-1.0,0.0,-3.0,-1.0,-1.0,0.0,0.0,0.0,0.0,0.0,0.0,0.81,3.765156,0.12508476076239994,0.8126940713161197,yes,yes,home_yes,2026-05-02 00:11:09.779065+00:00,0.79,2.49,0.028999999999999693,0.027508237577138286,0.4939000000000002,,,,,may
1,True,824832,2026-05-31,1,23,3,2026-05-31 17:02:16.304000+00:00,2026-05-31 17:02:17.347102+00:00,2026-05-31 17:03:25.055000+00:00,0.79,1.3249254147435987,0.7586051729131599,0.6095927244708617,0.6994469897034266,0.05925904141232263,0.8770852709840746,-0.08708527098407459,2.257177,1.043102,3.0,1.0,1.0,2.0,0.0,0.0,1.0,0.0,1.0,0.0,0.0,1.0,-1.0,-1.0,0.0,-1.0,1.0,1.0,1.0,1.0,0.0,0.84,4.627361,0.3333026618599335,0.8148113105956685,yes,yes,home_yes,2026-05-31 17:02:17.700398+00:00,0.79,2.49,0.028999999999999693,0.03278016338321471,0.4939000000000002,,,,,may
1,True,824833,2026-05-30,1,21,7,2026-05-30 20:50:59.427000+00:00,2026-05-30 20:51:02.097546+00:00,2026-05-30 20:51:31.005000+00:00,0.57,0.2818511521409875,0.47729547209317685,0.4384991401986195,0.15637484365369153,-0.2935129927625744,0.6751867655871345,-0.10518676558713458,0.771375,2.670546,3.0,1.0,1.0,0.0,0.0,0.0,1.0,1.0,0.0,0.0,0.0,0.0,-3.0,-2.0,0.0,1.0,0.0,0.0,0.0,0.0,0.0,0.57,4.244381,0.0,0.6022475344018378,yes,yes,home_yes,2026-05-30 20:51:06.341927+00:00,0.57,3.4,0.05840000000000023,0.05124161696624831,0.05550000000000033,profitable_reversal,2026-05-30 20:56:09.362601+00:00,0.62,0.05609999999999982,may
1,True,824833,2026-05-30,1,24,1,2026-05-30 20:56:06.118000+00:00,2026-05-30 20:56:07.855113+00:00,2026-05-30 20:58:24.345000+00:00,0.63,0.5322168137473082,0.5274657197091354,0.6793094877139367,-0.6406267194037415,-0.22155498862907208,0.528256133036122,0.10174386696387805,0.96875,1.737113,4.0,0.0,0.0,1.0,0.0,0.0,0.0,0.0,0.0,1.0,-1.0,0.0,0.0,0.0,-1.0,-1.0,-1.0,1.0,7.33,1.0,0.0,0.63,3.78814,0.0,0.6045915518796684,no,away_yes,away_yes,2026-05-30 20:56:09.364037+00:00,0.36,1.0,0.016199999999999992,0.019208448120331623,0.36060000000000003,profitable_reversal,2026-05-30 22:44:39.196786+00:00,0.75,0.01319999999999999,may
1,True,824833,2026-05-30,1,35,2,2026-05-30 21:16:02.386000+00:00,2026-05-30 21:16:03.766864+00:00,2026-05-30 21:18:38.846000+00:00,0.61,0.44731221804366483,0.21555210387685553,0.417529267554183,-0.9588531959585836,0.041847109935500615,0.3650787045373207,0.24492129546267927,3.394243,1.380864,5.0,0.0,0.0,-1.0,0.0,0.0,0.0,0.0,0.0,1.0,-1.0,0.0,-1.0,0.0,-1.0,-1.0,-1.0,34.0,618.75,0.6816161616161616,0.037170699477599,0.56,3.578559,-0.2061501612267766,0.5140996883059628,no,away_yes,away_yes,2026-05-30 21:16:04.044147+00:00,0.42,4.57,0.07800000000000007,0.22316442444175022,1.3701000000000005,profitable_reversal,2026-05-30 22:44:39.196786+00:00,0.75,0.05999999999999961,may
1,True,824834,2026-05-28,0,35,3,2026-05-28 23:45:03.433000+00:00,2026-05-28 23:45:05.014454+00:00,2026-05-28 23:46:13.411000+00:00,0.42,-0.3227733922630512,0.3371958626579119,0.2552044470698538,0.39522920658346294,0.1667748330556546,0.47643771038931215,-0.05643771038931217,2.531721,1.581454,5.0,0.0,2.0,0.0,0.0,0.0,1.0,0.0,1.0,0.0,1.0,0.0,-2.0,0.0,0.0,0.0,0.0,24.0,295.61,1.0,0.011426091000668407,0.47,3.094107,0.20262908042098784,0.44111643781908383,yes,yes,home_yes,2026-05-28 23:45:05.019302+00:00,0.42,4.57,0.07800000000000007,0.018502120833213107,-1.9974,,,,,may
1,True,824835,2026-05-29,0,61,1,2026-05-30 01:07:22.847000+00:00,2026-05-30 01:07:25.201554+00:00,2026-05-30 01:08:02.503000+00:00,0.55,0.2006706954621514,0.43293487798525476,0.5730761923062099,-0.564299949093328,-0.3315461182851568,0.49197990409384834,0.0580200959061517,2.386132,2.354554,8.0,0.0,0.0,1.0,0.0,0.0,1.0,1.0,0.0,0.0,0.0,0.0,0.0,0.0,0.0,1.0,0.0,0.0,0.0,0.0,0.0,0.54,4.668368,-0.040328045386971934,0.5287347691105476,no,away_yes,away_yes,2026-05-30 01:07:25.465867+00:00,0.44,1.0,0.017299999999999982,0.013965230889452396,0.5427000000000001,,,,,may
1,True,824836,2026-05-27,1,26,3,2026-05-27 23:22:58.712000+00:00,2026-05-27 23:22:59.887520+00:00,2026-05-27 23:23:30.178000+00:00,0.85,1.7346010553881064,0.8835130289732664,0.8388942237312953,0.3761031289922543,0.0,0.8919392238300301,-0.041939223830030126,1.405793,1.17552,3.0,0.0,2.0,5.0,0.0,0.0,1.0,1.0,1.0,0.0,1.0,0.0,0.0,-2.0,0.0,0.0,0.0,0.0,0.0,0.0,0.0,0.87,3.576649,0.16635770580494058,0.8706962533019034,yes,yes,home_yes,2026-05-27 23:23:02.062551+00:00,0.85,2.32,0.02080000000000015,0.02721530766041571,0.32719999999999994,,,,,may
1,True,824837,2026-05-26,1,18,1,2026-05-26 23:10:32.580000+00:00,2026-05-26 23:10:34.972950+00:00,2026-05-26 23:11:02.951000+00:00,0.71,0.8953840470548413,0.692888411838533,0.5692016180315624,0.5350632839941427,0.048086186667637865,0.7993699426885026,-0.08936994268850262,1.309884,2.39295,2.0,1.0,1.0,1.0,0.0,0.0,1.0,1.0,1.0,0.0,0.0,1.0,0.0,0.0,0.0,0.0,0.0,0.0,0.0,0.0,0.0,0.74,4.627044,0.1505845081278463,0.7401777237105177,yes,yes,home_yes,2026-05-26 23:10:37.277792+00:00,0.72,2.72,0.03839999999999977,0.01648340849260848,0.7232000000000003,,,,,may
1,True,824838,2026-05-25,1,39,5,2026-05-25 19:03:37.558000+00:00,2026-05-25 19:03:39.999904+00:00,2026-05-25 19:04:11.892000+00:00,0.31,-0.8001193001121131,0.1775012753242422,0.3295953551171035,-0.8233533660601889,-0.04634749773573299,0.17120301368587346,0.13879698631412654,0.110863,2.441904,6.0,0.0,0.0,-1.0,0.0,0.0,0.0,0.0,0.0,0.0,0.0,-1.0,-1.0,-2.0,0.0,0.0,0.0,0.0,0.0,0.0,0.0,0.31,4.925496,0.0,0.2775508734237745,no,away_yes,away_yes,2026-05-25 19:03:40.173810+00:00,0.69,2.83,0.042400000000000215,0.049431028210718125,0.5939000000000003,profitable_reversal,2026-05-25 21:25:46.492514+00:00,0.92,0.014599999999999724,may
1,True,824838,2026-05-25,1,97,8,2026-05-25 21:25:44.838000+00:00,2026-05-25 21:25:46.445241+00:00,2026-05-25 21:30:27.525000+00:00,0.1,-2.197224577336219,0.006579019067959876,0.00297859558563711,0.7960514627397259,-1.3971052772241062,0.49898304205922844,-0.3989830420592284,0.08154,1.607241,12.0,1.0,1.0,0.0,0.0,0.0,1.0,0.0,0.0,0.0,0.0,1.0,-3.0,-2.0,1.0,0.0,-1.0,33.0,2815.2200000000003,0.44920823239391594,0.052598239887871844,0.09,4.860766,-0.11641035184441151,0.13101923810079283,yes,yes,home_yes,2026-05-25 21:25:46.538939+00:00,0.07,10.0,0.045599999999999974,0.5645923810079282,2.3020000000000005,profitable_reversal,2026-05-25 21:37:48.421870+00:00,0.32,0.15239999999999965,may
1,True,824838,2026-05-25,1,102,5,2026-05-25 21:38:14.602000+00:00,2026-05-25 21:38:15.811876+00:00,2026-05-25 21:38:53.478000+00:00,0.18,-1.5163474893680886,0.0008937912634356948,0.002821374726109771,-1.1514384462263285,0.06927977437229305,0.060821300194539525,0.11917869980546048,0.084787,1.209876,13.0,0.0,0.0,-1.0,0.0,0.0,1.0,1.0,0.0,0.0,0.0,-1.0,-2.0,-2.0,0.0,1.0,-1.0,4.0,438.82,1.0,0.008291561975888494,0.2,4.809523,0.13005312824819804,0.15568923337547652,no,away_yes,away_yes,2026-05-25 21:38:20.415949+00:00,0.81,2.43,0.02619999999999978,0.05717516289759228,-1.9945,,,,,may
1,True,824839,2026-05-24,1,57,3,2026-05-24 18:33:09.916000+00:00,2026-05-24 18:33:12.588810+00:00,2026-05-24 18:34:50.976000+00:00,0.27,-0.9946225751440619,0.060636888457497595,0.09512354675682755,-0.4876767966591178,0.0,0.1850803639527688,0.08491963604723121,2.357517,2.67281,8.0,0.0,1.0,-1.0,0.0,0.0,1.0,0.0,1.0,0.0,0.0,0.0,0.0,-2.0,0.0,0.0,1.0,0.0,0.0,0.0,0.0,0.21,3.670278,-0.33030283959953677,0.247800950647238,no,away_yes,away_yes,2026-05-24 18:33:12.763480+00:00,0.73,2.68,0.03699999999999992,0.022493452265402128,-1.9934,,,,,may
1,True,824841,2026-05-13,1,22,6,2026-05-13 18:02:12.480000+00:00,2026-05-13 18:02:15.730860+00:00,2026-05-13 18:04:36.271000+00:00,0.74,1.0459685551826876,0.7807990263075213,0.7081515074583761,0.38390553303050157,-0.10671095475569792,0.8229677424723167,-0.08296774247231675,1.048501,3.25086,4.0,0.0,0.0,3.0,0.0,0.0,0.0,0.0,0.0,1.0,-2.0,1.0,-3.0,-2.0,0.0,-1.0,0.0,0.0,0.0,0.0,0.0,0.74,4.937646,0.0,0.7655768177922319,yes,yes,home_yes,2026-05-13 18:02:15.776363+00:00,0.74,2.65,0.035700000000000065,0.03207856714941437,0.6533,,,,,may
1,True,824842,2026-05-22,1,37,4,2026-05-23 00:33:59.308000+00:00,2026-05-23 00:34:02.695661+00:00,2026-05-23 00:34:42.026000+00:00,0.79,1.3249254147435987,0.7716754521778499,0.5195138952348346,1.1397007429404449,0.11661420881906448,0.9127760768924824,-0.12277607689248238,2.667041,3.387661,4.0,1.0,1.0,2.0,0.0,0.0,0.0,0.0,0.0,0.0,0.0,2.0,-2.0,-1.0,0.0,-1.0,0.0,0.0,0.0,0.0,0.0,0.79,4.363149,0.0,0.8172547558228456,yes,yes,home_yes,2026-05-23 00:34:07.058810+00:00,0.79,1.0,0.011699999999999933,0.0155547558228456,0.19830000000000003,,,,,may
1,True,824846,2026-05-08,0,27,1,2026-05-09 00:05:16.778000+00:00,2026-05-09 00:05:19.626570+00:00,2026-05-09 00:05:44.172000+00:00,0.67,0.708185057924486,0.588396058476958,0.41390157883725637,0.7051982263681451,-0.04558674445189426,0.8113750928189162,-0.14137509281891614,0.027432,2.84857,4.0,1.0,1.0,1.0,0.0,0.0,0.0,0.0,0.0,0.0,0.0,1.0,0.0,0.0,0.0,0.0,0.0,0.0,0.0,0.0,0.0,0.67,4.880675,0.0,0.7121494672261287,yes,yes,home_yes,2026-05-09 00:05:22.187539+00:00,0.68,2.87,0.04379999999999984,0.048468970938989414,-1.9954,,,,,may
1,True,824920,2026-05-23,0,30,1,2026-05-23 21:53:58.206000+00:00,2026-05-23 21:53:59.338409+00:00,2026-05-23 21:54:29.657000+00:00,0.29,-0.8953840470548413,0.21530318381158953,0.33334924429102675,-0.6001746476061274,0.0,0.18308886325381,0.10691113674618999,0.193376,1.132409,5.0,0.0,0.0,-2.0,0.0,0.0,0.0,0.0,0.0,0.0,0.0,-1.0,0.0,0.0,0.0,0.0,0.0,3.0,292.28,1.0,0.0,0.29,4.961702,0.0,0.25850607151887667,no,away_yes,away_yes,2026-05-23 21:54:00.744704+00:00,0.71,2.76,0.03980000000000028,0.04712324260790006,0.7605999999999997,,,,,may
1,True,824922,2026-05-22,1,54,4,2026-05-23 01:05:04.326000+00:00,2026-05-23 01:05:07.156358+00:00,2026-05-23 01:05:57.187000+00:00,0.72,0.9444616088408513,0.5376765335975167,0.3091535532517265,0.9550718414848268,0.0,0.8698387123107196,-0.14983871231071966,0.465671,2.830358,7.0,1.0,1.0,0.0,0.0,0.0,1.0,0.0,1.0,0.0,0.0,1.0,-2.0,-1.0,0.0,-1.0,1.0,0.0,0.0,0.0,0.0,0.6,4.807719,-0.5389965007326871,0.7541225138032835,yes,yes,home_yes,2026-05-23 01:05:08.956452+00:00,0.7,1.0,0.014700000000000046,0.03942251380328354,-0.04999999999999993,profitable_reversal,2026-05-23 01:38:07.765441+00:00,0.68,0.01529999999999998,may
1,True,824922,2026-05-22,1,68,3,2026-05-23 01:38:04.537000+00:00,2026-05-23 01:38:07.563842+00:00,2026-05-23 01:40:26.391000+00:00,0.69,0.8001193001121129,0.0076224018584819505,0.012062142028451128,-0.4634641444362462,-0.0471785602750906,0.5947974148295749,0.09520258517042501,1.424055,3.026842,9.0,1.0,0.0,0.0,0.0,0.0,0.0,0.0,0.0,0.0,-2.0,0.0,-1.0,-1.0,0.0,0.0,0.0,0.0,0.0,0.0,0.0,0.7,3.390915,0.0471785602750906,0.6654371458173126,no,away_yes,away_yes,2026-05-23 01:38:09.730224+00:00,0.31,6.15,0.09209999999999985,0.058961553223527585,0.7234000000000005,profitable_reversal,2026-05-23 01:52:34.592056+00:00,0.46,0.10699999999999976,may
1,True,824922,2026-05-22,1,71,3,2026-05-23 01:44:40.187000+00:00,2026-05-23 01:44:41.267557+00:00,2026-05-23 01:45:35.473000+00:00,0.6,0.4054651081081642,0.005749640922112917,0.00728488186094302,-0.23820913067952798,0.16430305129127598,0.5007382309979063,0.09926176900209371,1.90813,1.080557,9.0,1.0,2.0,0.0,0.0,0.0,1.0,0.0,0.0,0.0,1.0,0.0,0.0,-2.0,0.0,0.0,0.0,6.0,84.0,1.0,0.0,0.61,3.90488,0.041847109935500615,0.5667598826200895,no,away_yes,away_yes,2026-05-23 01:44:44.918225+00:00,0.4,4.79,0.0804999999999998,0.07872016224977152,0.12360000000000038,profitable_reversal,2026-05-23 01:52:34.592056+00:00,0.46,0.08329999999999993,may
1,True,824924,2026-05-16,0,56,4,2026-05-17 00:56:06.189000+00:00,2026-05-17 00:56:09.409903+00:00,2026-05-17 00:56:30.482000+00:00,0.31,-0.8001193001121131,0.14544578782320083,0.7886123657269539,-3.087357843451543,0.2984929885559967,0.014979643439921406,0.2950203565600786,0.739325,3.220903,8.0,0.0,2.0,-1.0,0.0,0.0,0.0,0.0,0.0,0.0,0.0,-2.0,-1.0,-2.0,0.0,-1.0,0.0,0.0,0.0,0.0,0.0,0.29,4.745838,-0.09526474694272824,0.2277644191458517,no,away_yes,away_yes,2026-05-17 00:56:09.642898+00:00,0.7,2.79,0.041100000000000136,0.16043727058307386,0.7959,,,,,may
1,True,824925,2026-05-15,1,60,4,2026-05-16 01:34:47.624000+00:00,2026-05-16 01:34:49.130658+00:00,2026-05-16 01:35:17.512000+00:00,0.63,0.5322168137473082,0.37050194137886283,0.4449351570552288,-0.3089077008765339,0.08490459570364339,0.5345460005037543,0.09545399949624567,1.400309,1.506658,8.0,1.0,1.0,0.0,0.0,0.0,1.0,0.0,0.0,0.0,1.0,0.0,-2.0,-1.0,0.0,0.0,0.0,0.0,0.0,0.0,0.0,0.63,4.351956,0.0,0.592056990566601,no,away_yes,away_yes,2026-05-16 01:34:50.252902+00:00,0.38,5.04,0.08319999999999994,0.057632767544331026,-1.9984,,,,,may
1,True,824927,2026-05-12,1,39,7,2026-05-13 00:39:37.938000+00:00,2026-05-13 00:39:40.058076+00:00,2026-05-13 00:40:54.626000+00:00,0.81,1.4500101755059986,0.7985788796290574,0.48390555202772395,1.4418359451697564,0.12508476076239994,0.9408530178046466,-0.13085301780464653,0.620088,2.120076,5.0,1.0,1.0,2.0,0.0,0.0,0.0,0.0,0.0,0.0,0.0,2.0,-3.0,-2.0,-1.0,0.0,0.0,5.0,50.66,0.6581129095933677,0.011999999999999967,0.83,4.515631,0.135617088234383,0.8407645612259341,yes,yes,home_yes,2026-05-13 00:39:42.021136+00:00,0.82,2.4,0.024800000000000155,0.025034946942241863,0.4072,,,,,may
1,True,824928,2026-05-13,1,26,5,2026-05-14 00:14:53.175000+00:00,2026-05-14 00:15:02.562699+00:00,2026-05-14 00:15:18.841000+00:00,0.69,0.8001193001121129,0.6638776614504038,0.4883023876376344,0.7274216801392294,0.046347497735732546,0.8147527815138524,-0.1247527815138525,4.976917,9.387699,4.0,1.0,0.0,1.0,0.0,0.0,0.0,0.0,0.0,0.0,0.0,1.0,-2.0,-2.0,0.0,0.0,0.0,0.0,0.0,0.0,0.0,0.68,4.890462,-0.046347497735732546,0.7327195007329563,yes,yes,home_yes,2026-05-14 00:15:07.182435+00:00,0.7,2.79,0.041100000000000136,0.050187407044948146,0.7959,,,,,may
1,True,825000,2026-05-30,1,47,2,2026-05-31 03:38:59.743000+00:00,2026-05-31 03:39:02.039096+00:00,2026-05-31 03:39:26.243000+00:00,0.79,1.3249254147435987,0.7926142365770886,0.6494938663027712,0.7239408059419381,0.05925904141232263,0.8797015728050169,-0.0897015728050169,0.011802,2.296096,6.0,1.0,1.0,2.0,0.0,0.0,0.0,0.0,0.0,0.0,0.0,1.0,-1.0,0.0,0.0,0.0,0.0,1.0,13.0,1.0,0.0,0.77,4.058202,-0.11661420881906448,0.815759192756841,yes,yes,home_yes,2026-05-31 03:39:03.477216+00:00,0.79,1.0,0.011699999999999933,0.014059192756840977,0.19830000000000003,,,,,may
1,True,825001,2026-05-31,0,16,3,2026-05-31 20:43:03.082000+00:00,2026-05-31 20:43:05.598197+00:00,2026-05-31 20:45:18.213000+00:00,0.69,0.8001193001121129,0.8146882717466205,0.8107534934841708,0.025852505193850295,-0.14434230872873843,0.7251821029523107,-0.03518210295231072,2.835178,2.516197,2.0,1.0,1.0,3.0,2.0,1.0,1.0,0.0,0.0,0.0,0.0,0.0,1.0,0.0,0.0,0.0,0.0,0.0,0.0,0.0,0.0,0.69,3.823673,0.0,0.7118313065319583,yes,yes,home_yes,2026-05-31 20:43:06.895700+00:00,0.69,2.83,0.042400000000000215,0.019382597485441792,-1.9951,,,,,may
1,True,825006,2026-05-17,0,47,1,2026-05-17 21:41:00.966000+00:00,2026-05-17 21:41:02.801942+00:00,2026-05-17 21:41:34.352000+00:00,0.41,-0.3639653772014119,0.1879597875844443,0.30910584226667914,-0.6590189279103046,-0.32396004258771266,0.3320285968817503,0.07797140311824968,0.922821,1.835942,6.0,1.0,2.0,-1.0,0.0,0.0,0.0,0.0,0.0,0.0,2.0,0.0,0.0,0.0,-1.0,0.0,0.0,20.0,1821.46,1.0,0.04104570623098108,0.42,4.178223,0.04119198493836074,0.3756000541828396,no,away_yes,away_yes,2026-05-17 21:41:02.809127+00:00,0.6,3.24,0.05449999999999999,0.02455582444759981,1.2415000000000003,,,,,may
1,True,825008,2026-05-14,0,40,5,2026-05-14 20:29:38.328000+00:00,2026-05-14 20:29:40.506613+00:00,2026-05-14 20:30:02.398000+00:00,0.37,-0.5322168137473082,0.23828983350982014,0.4131345018045164,-0.8110559546170055,-0.04266858842860244,0.21406335202382026,0.15593664797617973,1.998277,2.178613,6.0,0.0,0.0,-1.0,0.0,0.0,0.0,0.0,0.0,0.0,0.0,-1.0,-1.0,-2.0,0.0,0.0,0.0,0.0,0.0,0.0,0.0,0.37,4.725654,0.0,0.3340223860700681,no,away_yes,away_yes,2026-05-14 20:29:44.457162+00:00,0.64,3.04,0.04909999999999992,0.029871946346992778,1.0453000000000001,,,,,may
1,True,825009,2026-05-15,1,34,2,2026-05-16 02:47:37.297000+00:00,2026-05-16 02:47:41.518771+00:00,2026-05-16 02:48:02.960000+00:00,0.39,-0.4473122180436648,0.27425852811089935,0.43409005068222317,-0.7079396945166262,-0.08334684084225286,0.255040961059052,0.13495903894094802,2.966642,4.221771,5.0,0.0,1.0,-1.0,0.0,0.0,0.0,0.0,0.0,0.0,0.0,-1.0,0.0,-1.0,0.0,0.0,0.0,0.0,0.0,0.0,0.0,0.39,4.566194,0.0,0.3538476733367336,no,away_yes,away_yes,2026-05-16 02:47:42.145318+00:00,0.62,3.14,0.051799999999999846,0.03031830572265662,-1.9986,,,,,may
1,True,825010,2026-05-13,1,42,6,2026-05-14 03:06:41.697000+00:00,2026-05-14 03:06:43.397612+00:00,2026-05-14 03:07:08.611000+00:00,0.85,1.7346010553881064,0.875803462496999,0.4512887739620052,2.148741288730208,-0.08068891125014255,0.9813673466950198,-0.13136734669501982,0.370884,1.700612,5.0,1.0,1.0,3.0,0.0,0.0,0.0,0.0,0.0,0.0,0.0,4.0,-2.0,-2.0,-1.0,-1.0,-1.0,1.0,10.0,1.0,0.0,0.88,4.870601,0.2578291093020999,0.8856464464816067,yes,yes,home_yes,2026-05-14 03:06:43.416402+00:00,0.86,2.3,0.019400000000000306,0.0395868269076952,0.30259999999999976,,,,,may
1,True,825011,2026-05-12,0,24,4,2026-05-13 02:30:39.414000+00:00,2026-05-13 02:30:40.750253+00:00,2026-05-13 02:33:03.543000+00:00,0.43,-0.2818511521409879,0.28499409757544925,0.3239372372436119,-0.18408619677579763,0.1654610659026769,0.34719351914648033,0.08280648085351966,0.283109,1.336253,3.0,0.0,0.0,-1.0,0.0,0.0,0.0,0.0,0.0,1.0,-2.0,0.0,-1.0,-2.0,0.0,-1.0,0.0,7.0,198.35,1.0,0.010301575072754265,0.44,4.988948,0.04068909532409978,0.4065087573947925,no,away_yes,away_yes,2026-05-13 02:30:44.479197+00:00,0.57,1.7,0.029200000000000115,0.010735112428852667,0.7018,,,,,may
1,True,825012,2026-05-01,0,31,3,2026-05-02 02:40:56.593000+00:00,2026-05-02 02:41:01.550539+00:00,2026-05-02 02:43:19.322000+00:00,0.62,0.4895482253187058,0.48303027320689096,0.49443979816217387,-0.04566326392222721,0.40950551764516924,0.5085940144826387,0.11140598551736125,3.350797,4.957539,4.0,1.0,0.0,0.0,0.0,0.0,0.0,0.0,0.0,0.0,-2.0,0.0,0.0,-2.0,0.0,0.0,0.0,0.0,0.0,0.0,0.0,0.58,3.553182,-0.16677483305565494,0.5821437510993074,no,away_yes,away_yes,2026-05-02 02:41:01.567222+00:00,0.39,4.91,0.08179999999999987,0.05497418210240082,1.7231000000000007,profitable_reversal,2026-05-02 04:05:00.883079+00:00,0.77,0.06089999999999973,may
1,True,825012,2026-05-01,0,69,2,2026-05-02 04:05:54.990000+00:00,2026-05-02 04:05:56.413180+00:00,2026-05-02 04:08:44.574000+00:00,0.39,-0.4473122180436648,0.20668357052965355,0.1045916927824295,0.8021825023852889,-0.1654610659026769,0.6272252438176245,-0.23722524381762444,0.29837,1.42318,7.0,1.0,0.0,-3.0,0.0,0.0,1.0,1.0,1.0,0.0,0.0,1.0,0.0,-1.0,0.0,0.0,0.0,0.0,0.0,0.0,0.0,0.34,4.675956,-0.21598199936659918,0.4114963313290746,yes,yes,home_yes,2026-05-02 04:05:56.525267+00:00,0.39,4.91,0.08179999999999987,0.023746986825756322,-1.9967,,,,,may
1,True,825013,2026-05-03,1,36,7,2026-05-03 21:17:25.933000+00:00,2026-05-03 21:17:27.080093+00:00,2026-05-03 21:17:45.495000+00:00,0.68,0.7537718023763803,0.635140620303159,0.41425201960742786,0.900749503279308,0.0,0.8395011818942454,-0.15950118189424534,4.616953,1.147093,5.0,1.0,0.0,1.0,0.0,0.0,0.0,0.0,0.0,0.0,0.0,1.0,-2.0,-2.0,0.0,0.0,0.0,2.0,15.0,0.2,0.0050000000000000044,0.66,4.399088,-0.09047758496611602,0.7259799250900815,yes,yes,home_yes,2026-05-03 21:17:28.809601+00:00,0.67,2.91,0.045099999999999696,0.11780158201213728,0.9152000000000002,,,,,may
1,True,825014,2026-05-02,0,40,4,2026-05-02 21:19:12.552000+00:00,2026-05-02 21:19:13.920464+00:00,2026-05-02 21:19:42.176000+00:00,0.35,-0.6190392084062235,0.1622861246853987,0.18705395620288123,-0.17204799604123244,0.32542240043462767,0.24665928981902585,0.10334071018097413,1.942247,1.368464,5.0,0.0,2.0,-2.0,0.0,0.0,0.0,0.0,0.0,0.0,1.0,-1.0,-2.0,-1.0,0.0,0.0,-1.0,0.0,0.0,0.0,0.0,0.33,4.577727,-0.0891458495182621,0.2902737196416993,no,away_yes,away_yes,2026-05-02 21:19:16.253009+00:00,0.68,2.87,0.04379999999999984,0.0415144246283229,0.8746,,,,,may
1,True,825080,2026-05-23,1,20,6,2026-05-24 02:51:41.152000+00:00,2026-05-24 02:51:43.843179+00:00,2026-05-24 02:52:12.259000+00:00,0.75,1.0986122886681098,0.7130803284161479,0.674637825360632,0.18115474352921612,-0.22631312607548892,0.8184795598110332,-0.06847955981103315,3.778309,2.691179,3.0,1.0,0.0,0.0,0.0,0.0,1.0,1.0,0.0,0.0,0.0,0.0,-3.0,-2.0,0.0,1.0,0.0,0.0,0.0,0.0,0.0,0.75,3.022532,0.0,0.7702724487019498,yes,yes,home_yes,2026-05-24 02:51:45.899926+00:00,0.75,2.62,0.034399999999999986,0.018713815599108424,0.12190000000000012,profitable_reversal,2026-05-24 04:25:53.425217+00:00,0.82,0.027099999999999902,may
1,True,825080,2026-05-23,1,23,3,2026-05-24 02:59:03.974000+00:00,2026-05-24 02:59:08.287146+00:00,2026-05-24 02:59:43.784000+00:00,0.83,1.5856272637403817,0.9077832029874732,0.7668138566129704,1.0964562442784747,-0.07260081286315057,0.940177358154642,-0.11017735815464202,2.561769,4.313146,3.0,1.0,1.0,3.0,0.0,0.0,0.0,1.0,0.0,0.0,0.0,2.0,-1.0,-1.0,-1.0,0.0,0.0,0.0,0.0,0.0,0.0,0.86,4.780628,0.22966270289786728,0.8669725422601539,yes,yes,home_yes,2026-05-24 02:59:08.324079+00:00,0.83,1.0,0.00990000000000002,0.027072542260153876,-0.030300000000000105,profitable_reversal,2026-05-24 04:25:53.425217+00:00,0.82,0.010400000000000076,may
1,True,825080,2026-05-23,1,65,2,2026-05-24 04:26:07.430000+00:00,2026-05-24 04:26:09.112984+00:00,2026-05-24 04:29:06.836000+00:00,0.71,0.8953840470548413,0.6216604748026775,0.7202249638808733,-0.4489756992541785,0.141612244678461,0.575614543383649,0.13438545661635093,0.031504,1.682984,8.0,0.0,0.0,1.0,0.0,0.0,1.0,0.0,0.0,0.0,0.0,0.0,0.0,-1.0,1.0,0.0,0.0,4.0,11.25,1.0,0.01732050807568879,0.74,4.186138,0.1505845081278463,0.6871558588089016,no,away_yes,away_yes,2026-05-24 04:26:12.431404+00:00,0.29,5.0,0.07210000000000005,0.042120705955491944,0.24630000000000019,profitable_reversal,2026-05-24 04:31:51.107632+00:00,0.37,0.0815999999999999,may
1,True,825082,2026-05-22,0,65,5,2026-05-23 04:10:26.658000+00:00,2026-05-23 04:10:27.825433+00:00,2026-05-23 04:12:39.905000+00:00,0.55,0.2006706954621514,0.008624542498018362,0.4789411911992285,-4.660196315682139,0.0,0.011435564648740425,0.5385644353512596,0.789403,1.167433,9.0,0.0,0.0,0.0,0.0,0.0,0.0,0.0,0.0,1.0,-1.0,0.0,-3.0,-1.0,-1.0,-1.0,0.0,1.0,1.0,1.0,0.0,0.57,4.954318,0.08118045667883608,0.5224697608689456,no,away_yes,away_yes,2026-05-23 04:10:28.698362+00:00,0.44,4.37,0.07539999999999991,0.08860714500270786,2.3718000000000004,,,,,may
1,True,825083,2026-05-21,1,30,1,2026-05-22 02:44:19.860000+00:00,2026-05-22 02:44:21.064113+00:00,2026-05-22 02:45:38.255000+00:00,0.57,0.2818511521409875,0.4871943600506963,0.3934167393662411,0.3817387801217823,0.040689095324099256,0.6508780108173008,-0.08087801081730084,0.037933,1.204113,5.0,0.0,2.0,0.0,0.0,0.0,1.0,1.0,0.0,0.0,1.0,0.0,0.0,0.0,0.0,1.0,-1.0,12.0,506.52,-0.5241254047224198,0.010274023338281637,0.54,4.936049,-0.12150850206580802,0.5974123263115771,yes,yes,home_yes,2026-05-22 02:44:23.089642+00:00,0.56,1.0,0.017299999999999982,0.02011232631157711,0.2427999999999999,profitable_reversal,2026-05-22 03:42:14.840313+00:00,0.83,0.00990000000000002,may
1,True,825083,2026-05-21,1,55,7,2026-05-22 03:43:00.312000+00:00,2026-05-22 03:43:02.776786+00:00,2026-05-22 03:43:41.251000+00:00,0.71,0.8953840470548413,0.6405334739580116,0.7485432281739944,-0.5131775399900446,0.3200199021512794,0.5155416430315618,0.19445835696843816,1.35161,2.464786,8.0,0.0,1.0,1.0,0.0,0.0,1.0,1.0,0.0,0.0,0.0,0.0,-2.0,-2.0,0.0,1.0,0.0,0.0,0.0,0.0,0.0,0.74,4.405812,0.1505845081278463,0.654963189479304,no,away_yes,away_yes,2026-05-22 03:43:03.043562+00:00,0.28,6.8,0.09599999999999986,0.3462503115407328,-2.0,,,,,may
1,True,825084,2026-05-20,1,11,5,2026-05-20 19:59:56.405000+00:00,2026-05-20 19:59:57.830891+00:00,2026-05-20 20:00:35.882000+00:00,0.41,-0.3639653772014119,0.309374773794591,0.43273563127284664,-0.5323454464558737,0.08334684084225286,0.27295971578582506,0.1370402842141749,2.206109,1.425891,2.0,0.0,1.0,-1.0,0.0,0.0,0.0,1.0,0.0,0.0,0.0,-1.0,-3.0,-1.0,-1.0,1.0,0.0,3.0,67.82,1.0,0.004714045207910321,0.42,4.651765,0.04119198493836074,0.3685175275120602,no,away_yes,away_yes,2026-05-20 20:00:01.634461+00:00,0.61,3.19,0.053200000000000136,0.015329087236527747,-1.9991,,,,,may
1,True,825085,2026-05-10,1,15,3,2026-05-10 20:41:11.589000+00:00,2026-05-10 20:41:14.938535+00:00,2026-05-10 20:42:12.201000+00:00,0.67,0.708185057924486,0.7539000641697245,0.548698125837108,0.9241101529011337,0.2608728398808212,0.7976098617916898,-0.12760986179168976,2.511178,3.349535,2.0,1.0,2.0,2.0,0.0,0.0,0.0,1.0,0.0,0.0,0.0,2.0,-2.0,0.0,0.0,0.0,-1.0,0.0,0.0,0.0,0.0,0.7,3.136607,0.1391128024627174,0.7074228033959409,yes,yes,home_yes,2026-05-10 20:41:16.658823+00:00,0.67,2.91,0.045099999999999696,0.06380035788218816,0.27030000000000043,profitable_reversal,2026-05-10 21:28:31.801696+00:00,0.79,0.03379999999999983,may
1,True,825085,2026-05-10,1,40,1,2026-05-10 21:29:08.712000+00:00,2026-05-10 21:29:11.080538+00:00,2026-05-10 21:30:17.571000+00:00,0.67,0.708185057924486,0.5778790153698309,0.770513273437246,-0.8971391257455776,-0.0919342421876268,0.4757640513820207,0.19423594861797933,3.487397,2.368538,6.0,0.0,1.0,1.0,0.0,0.0,0.0,1.0,0.0,0.0,0.0,-1.0,0.0,0.0,-1.0,1.0,0.0,0.0,0.0,0.0,0.0,0.66,4.576394,-0.044890840514221764,0.6488383268633255,no,away_yes,away_yes,2026-05-10 21:29:12.083899+00:00,0.32,1.0,0.01529999999999998,0.01586167313667447,-0.3353,,,,,may
1,True,825086,2026-05-19,1,57,2,2026-05-20 03:29:42.590000+00:00,2026-05-20 03:29:47.070969+00:00,2026-05-20 03:32:24.833000+00:00,0.5,0.0,0.04693251986813929,0.22955395840379172,-1.8001433795133017,0.3639653772014119,0.10302015380340905,0.39697984619659094,0.185913,4.480969,8.0,0.0,0.0,-2.0,0.0,0.0,0.0,0.0,0.0,1.0,-1.0,0.0,-1.0,0.0,-1.0,-1.0,-1.0,0.0,0.0,0.0,0.0,0.21,4.801189,-1.3249254147435987,0.37966510896032923,no,away_yes,away_yes,2026-05-20 03:29:48.320353+00:00,0.58,3.34,0.05700000000000016,0.07771853607250032,-1.9942,,,,,may
1,True,825088,2026-05-08,0,66,1,2026-05-09 04:06:02.714000+00:00,2026-05-09 04:06:04.316421+00:00,2026-05-09 04:07:09.737000+00:00,0.22,-1.2656663733312759,0.001057818889261486,0.003929679011966836,-1.3152276513045669,0.0,0.0703782167497893,0.1496217832502107,0.952739,1.602421,10.0,0.0,0.0,-1.0,0.0,0.0,0.0,1.0,0.0,0.0,0.0,-1.0,0.0,0.0,0.0,0.0,0.0,1.0,1.0,1.0,0.0,0.25,4.422046,0.16705408466316607,0.19398657310532377,no,away_yes,away_yes,2026-05-09 04:06:08.265137+00:00,0.75,1.0,0.01319999999999999,0.042813426894676265,0.2368,,,,,may
1,True,825090,2026-05-07,0,39,4,2026-05-07 20:57:45.290000+00:00,2026-05-07 20:57:46.619712+00:00,2026-05-07 20:59:02.444000+00:00,0.38,-0.4895482253187058,0.26078239475969656,0.39624265409758885,-0.6207604280844014,0.2642235770576743,0.20188858326099865,0.17811141673900135,1.17008,1.329712,5.0,0.0,2.0,-1.0,0.0,0.0,1.0,1.0,0.0,0.0,0.0,-1.0,-2.0,-1.0,0.0,1.0,-1.0,17.0,563.63,-0.6061245852775757,0.06679514724515345,0.36,3.188367,-0.08581591958485602,0.30686457040116616,no,away_yes,away_yes,2026-05-07 20:57:51.354447+00:00,0.65,3.0,0.04779999999999984,0.08160628879650178,1.0022,,,,,may
1,True,825091,2026-05-06,0,50,4,2026-05-07 03:21:53.581000+00:00,2026-05-07 03:21:54.858926+00:00,2026-05-07 03:22:16.387000+00:00,0.35,-0.6190392084062235,0.19056764574032478,0.19721113899274306,-0.042509162187716054,-0.2962658161431723,0.40968141263668456,-0.05968141263668458,0.965671,1.277926,7.0,1.0,0.0,-1.0,2.0,2.0,0.0,0.0,0.0,0.0,0.0,0.0,0.0,1.0,0.0,0.0,0.0,3.0,203.35999999999999,0.6890243902439024,0.004714045207910295,0.35,3.132475,0.0,0.3705046339210041,yes,yes,home_yes,2026-05-07 03:21:55.548541+00:00,0.35,5.46,0.08700000000000019,0.024955301208682196,-1.998,,,,,may
1,True,825092,2026-05-05,1,48,4,2026-05-06 03:20:12.122000+00:00,2026-05-06 03:20:15.710852+00:00,2026-05-06 03:20:57.459000+00:00,0.9,2.1972245773362196,0.9193931759617058,0.8236374988875904,0.8929415873236044,-0.2451224580329856,0.9656197755995758,-0.06561977559957577,2.610158,3.588852,6.0,1.0,1.0,3.0,0.0,0.0,0.0,1.0,1.0,0.0,0.0,1.0,-1.0,-2.0,-1.0,0.0,1.0,0.0,0.0,0.0,0.0,0.91,4.592302,0.11641035184441151,0.921128722664791,yes,yes,home_yes,2026-05-06 03:20:19.089379+00:00,0.9,2.2,0.013899999999999801,0.03258318986254025,0.20610000000000017,,,,,may
1,True,822723,2026-06-16,1,25,7,2026-06-16 23:30:01.103000+00:00,2026-06-16 23:30:02.158660+00:00,2026-06-16 23:30:39.067000+00:00,0.79,1.3249254147435987,0.7821326139519038,0.662149940328951,0.6052479127821143,0.0,0.8732686033714948,-0.08326860337149478,2.770471,1.05566,4.0,0.0,2.0,2.0,0.0,0.0,0.0,0.0,0.0,0.0,2.0,0.0,-3.0,-2.0,-1.0,0.0,0.0,0.0,0.0,0.0,0.0,0.79,4.954133,0.0,0.8221141050311418,yes,yes,home_yes,2026-06-16 23:30:02.781800+00:00,0.8,2.46,0.02760000000000007,0.026800698376608638,0.4643999999999999,,,,,early_june
1,True,822724,2026-06-15,1,43,4,2026-06-16 00:07:36.055000+00:00,2026-06-16 00:07:37.178040+00:00,2026-06-16 00:10:24.922000+00:00,0.74,1.0459685551826876,0.7721399231019416,0.5185358651159002,1.1462565844498238,0.0,0.8995491499470241,-0.15954914994702407,1.534736,1.12304,5.0,1.0,0.0,1.0,0.0,0.0,1.0,1.0,0.0,0.0,0.0,2.0,-1.0,-2.0,0.0,0.0,-1.0,15.0,154.22,0.5691868758915835,0.032013885876114576,0.74,4.969602,0.0,0.7700614257452861,yes,yes,home_yes,2026-06-16 00:07:41.100482+00:00,0.73,2.68,0.03699999999999992,0.07036462099736697,0.6866000000000001,,,,,early_june
1,True,822727,2026-06-03,0,9,5,2026-06-03 17:24:57.983000+00:00,2026-06-03 17:25:03.100948+00:00,2026-06-03 17:25:30.061000+00:00,0.41,-0.3639653772014119,0.35583685423832645,0.48374715688338166,-0.5284453903239186,0.0,0.29061258029205184,0.11938741970794814,0.726443,5.117948,2.0,0.0,2.0,-1.0,0.0,0.0,0.0,0.0,0.0,0.0,0.0,-1.0,-3.0,-1.0,0.0,0.0,0.0,0.0,0.0,0.0,0.0,0.41,3.535033,0.0,0.37683908790531206,no,away_yes,away_yes,2026-06-03 17:25:05.953471+00:00,0.6,3.24,0.05449999999999999,0.020541355186788998,1.2415000000000003,,,,,early_june
1,True,822730,2026-06-01,0,18,6,2026-06-01 23:24:46.440000+00:00,2026-06-01 23:24:47.950413+00:00,2026-06-01 23:25:14.239000+00:00,0.67,0.708185057924486,0.6290920167227123,0.3670613103885144,1.073168196383158,0.044890840514221764,0.8502371686186715,-0.18023716861867145,0.719662,1.510413,2.0,1.0,1.0,1.0,0.0,0.0,0.0,0.0,0.0,0.0,0.0,2.0,-2.0,-2.0,-1.0,0.0,0.0,6.0,93.49,0.5935394159803187,0.005773502691896231,0.66,4.86698,-0.044890840514221764,0.7108680782626156,yes,yes,home_yes,2026-06-01 23:24:48.970401+00:00,0.68,2.87,0.04379999999999984,0.04479138461370667,-1.9954,,,,,early_june
1,True,822801,2026-06-14,0,13,2,2026-06-14 18:06:10.105000+00:00,2026-06-14 18:06:13.343027+00:00,2026-06-14 18:07:02.116000+00:00,0.28,-0.9444616088408512,0.18938973564761163,0.29480844749900603,-0.5818367348767286,-0.04907756178600986,0.18584757081478492,0.0941524291852151,2.043714,3.238027,2.0,0.0,1.0,-2.0,0.0,0.0,0.0,1.0,0.0,0.0,0.0,-1.0,-1.0,0.0,-1.0,1.0,0.0,0.0,0.0,0.0,0.0,0.29,3.279923,0.04907756178600986,0.24891680315475767,no,away_yes,away_yes,2026-06-14 18:06:17.785400+00:00,0.72,2.72,0.03839999999999977,0.04614629541905929,0.7232000000000003,,,,,early_june
1,True,822803,2026-06-12,1,49,2,2026-06-13 01:14:12.419000+00:00,2026-06-13 01:14:13.883788+00:00,2026-06-13 01:17:14.925000+00:00,0.59,0.3639653772014115,0.7699099933510871,0.8882432317668694,-0.865117766993865,0.5243080272765909,0.26396514304946334,0.32603485695053663,0.804578,1.464788,6.0,0.0,0.0,4.0,0.0,0.0,0.0,1.0,1.0,0.0,0.0,0.0,0.0,-1.0,-1.0,1.0,1.0,3.0,85.0,-1.0,0.03299831645537222,0.77,4.618855,0.8443458287231227,0.5254190041338309,no,away_yes,away_yes,2026-06-13 01:14:17.166043+00:00,0.22,8.62,0.10360000000000014,2.0908881843663774,-2.0,,,,,early_june
1,True,822805,2026-06-09,1,14,1,2026-06-09 23:36:06.486000+00:00,2026-06-09 23:36:11.633204+00:00,2026-06-09 23:36:39.564000+00:00,0.39,-0.4473122180436648,0.25795173357962464,0.36104619541067573,-0.48581555866021664,-0.041847109935500504,0.2908456134879454,0.0991543865120546,1.903638,5.147204,2.0,1.0,2.0,-1.0,0.0,0.0,0.0,0.0,0.0,0.0,2.0,0.0,0.0,0.0,-1.0,0.0,0.0,0.0,0.0,0.0,0.0,0.39,3.50966,0.0,0.33662580625830696,no,away_yes,away_yes,2026-06-09 23:36:13.175998+00:00,0.6,3.24,0.05449999999999999,0.15083238772308555,-1.9985,,,,,early_june
1,True,822808,2026-06-06,1,10,7,2026-06-06 19:30:30.445000+00:00,2026-06-06 19:30:39.621721+00:00,2026-06-06 19:30:56.345000+00:00,0.43,-0.2818511521409879,0.3013857751839405,0.42172184078839614,-0.5249985592138122,0.0,0.3085622090782535,0.1214377909217465,3.336975,9.176721,2.0,0.0,1.0,-1.0,0.0,0.0,0.0,0.0,0.0,0.0,0.0,-1.0,-3.0,-2.0,0.0,0.0,0.0,0.0,0.0,0.0,0.0,0.44,3.73016,0.04068909532409978,0.4030338665993872,no,away_yes,away_yes,2026-06-06 19:30:40.157840+00:00,0.57,3.4,0.05840000000000023,0.03328485356208337,-1.9964,,,,,early_june
1,True,822810,2026-06-05,0,36,5,2026-06-06 00:16:41.708000+00:00,2026-06-06 00:16:44.425836+00:00,2026-06-06 00:17:07.120000+00:00,0.83,1.5856272637403817,0.7933938648558776,0.46039994834167103,1.5042381787435628,0.19933290262049086,0.947376437305409,-0.11737643730540903,2.087833,2.717836,5.0,1.0,1.0,2.0,0.0,0.0,0.0,0.0,0.0,0.0,0.0,2.0,-2.0,-2.0,-1.0,0.0,0.0,0.0,0.0,0.0,0.0,0.82,4.899104,-0.06927977437229349,0.8538626660846397,yes,yes,home_yes,2026-06-06 00:16:49.324940+00:00,0.82,1.0,0.010400000000000076,0.02346266608463965,-0.8304,,,,,early_june
1,True,822887,2026-06-15,0,39,2,2026-06-16 01:31:04.998000+00:00,2026-06-16 01:31:06.010558+00:00,2026-06-16 01:31:31.267000+00:00,0.25,-1.0986122886681098,0.12464016384694954,0.2120866402673135,-0.6368108839116475,0.0,0.14989521021628557,0.10010478978371443,2.063087,1.012558,6.0,0.0,0.0,-2.0,0.0,0.0,0.0,0.0,0.0,0.0,0.0,-1.0,-1.0,0.0,0.0,0.0,0.0,0.0,0.0,0.0,0.0,0.25,4.641592,0.0,0.21764587528432475,no,away_yes,away_yes,2026-06-16 01:31:06.672880+00:00,0.76,2.58,0.03299999999999992,0.024673641766442142,0.5862,,,,,early_june
1,True,822891,2026-06-06,0,32,2,2026-06-07 00:44:11.286000+00:00,2026-06-07 00:44:12.686205+00:00,2026-06-07 00:44:38.121000+00:00,0.25,-1.0986122886681098,0.14849001948221074,0.24343979441404862,-0.6125810206650124,-0.05264373348542217,0.15995679522465886,0.09004320477534114,0.892599,1.400205,5.0,0.0,1.0,-2.0,0.0,0.0,0.0,0.0,0.0,0.0,0.0,-1.0,-1.0,0.0,0.0,0.0,0.0,2.0,255.96,1.0,0.0,0.24,4.873219,-0.054067221270275745,0.22685040005010568,no,away_yes,away_yes,2026-06-07 00:44:12.786657+00:00,0.75,2.62,0.034399999999999986,0.026251951868723068,0.6206,,,,,early_june
1,True,822892,2026-06-05,1,44,3,2026-06-06 01:51:07.769000+00:00,2026-06-06 01:51:09.217923+00:00,2026-06-06 01:52:44.610000+00:00,0.43,-0.2818511521409879,0.24339221799191363,0.17860556562706936,0.3916528055375921,0.0,0.5274228671221588,-0.09742286712215881,1.343199,1.448923,6.0,1.0,1.0,-1.0,0.0,0.0,0.0,1.0,0.0,0.0,0.0,0.0,-1.0,-1.0,0.0,1.0,0.0,12.0,607.97,1.0,0.021794494717703363,0.42,3.781961,-0.0409222401220633,0.4506883902636504,yes,yes,home_yes,2026-06-06 01:51:09.473883+00:00,0.43,4.47,0.07669999999999999,0.015777104478517198,2.4711999999999996,,,,,early_june
1,True,822892,2026-06-05,1,50,5,2026-06-06 02:03:14.774000+00:00,2026-06-06 02:03:16.783939+00:00,2026-06-06 02:03:46.045000+00:00,0.69,0.8001193001121129,0.6463614864761369,0.5708102515220991,0.31792596062109224,-0.09526474694272846,0.7708840927100659,-0.08088409271006591,4.324126,2.009939,7.0,0.0,1.0,1.0,0.0,0.0,0.0,0.0,0.0,0.0,1.0,0.0,-3.0,-1.0,0.0,0.0,0.0,0.0,0.0,0.0,0.0,0.73,3.002835,0.19450327503194909,0.7149119523510558,yes,yes,home_yes,2026-06-06 02:03:18.370703+00:00,0.69,2.83,0.042400000000000215,0.028100825153487732,0.8349,,,,,early_june
1,True,822969,2026-06-09,1,30,4,2026-06-09 23:37:05.314000+00:00,2026-06-09 23:37:08.078274+00:00,2026-06-09 23:37:54.633000+00:00,0.63,0.5322168137473082,0.5718825086681246,0.38554454781085495,0.7556155826115332,0.126751705639144,0.7615290265179869,-0.13152902651798692,0.509853,2.764274,4.0,1.0,2.0,1.0,0.0,0.0,0.0,1.0,0.0,0.0,0.0,1.0,-1.0,-2.0,0.0,0.0,0.0,0.0,0.0,0.0,0.0,0.64,4.416664,0.04314733115625369,0.6839683951721736,yes,yes,home_yes,2026-06-09 23:37:10.312465+00:00,0.65,3.0,0.04779999999999984,0.05410518551652077,1.0022,,,,,early_june
1,True,822970,2026-06-10,1,15,3,2026-06-10 17:36:15.682000+00:00,2026-06-10 17:36:18.615583+00:00,2026-06-10 17:36:46.226000+00:00,0.59,0.3639653772014115,0.46951075056075786,0.3915291704592958,0.3187804542320776,0.041191984938360626,0.6551046252169719,-0.06510462521697191,2.122174,2.933583,3.0,0.0,2.0,0.0,1.0,2.0,0.0,0.0,0.0,0.0,1.0,0.0,0.0,1.0,0.0,-1.0,0.0,0.0,0.0,0.0,0.0,0.59,3.455485,0.0,0.6118757517836544,yes,yes,home_yes,2026-06-10 17:36:22.071068+00:00,0.59,3.29,0.05580000000000007,0.016171223368222964,1.2931000000000001,,,,,early_june
1,True,822972,2026-06-08,1,18,1,2026-06-08 23:14:22.341000+00:00,2026-06-08 23:14:25.474852+00:00,2026-06-08 23:16:39.645000+00:00,0.63,0.5322168137473082,0.5281640893154176,0.6260810403601356,-0.40266499932901423,0.126751705639144,0.5007000267374012,0.1292999732625988,0.282366,3.133852,3.0,0.0,0.0,1.0,0.0,0.0,0.0,0.0,0.0,1.0,-2.0,0.0,0.0,0.0,-1.0,-1.0,-1.0,0.0,0.0,0.0,0.0,0.62,4.975917,-0.04266858842860244,0.5974930454640662,no,away_yes,away_yes,2026-06-08 23:14:26.521586+00:00,0.37,3.29,0.05369999999999986,0.05324788042322226,-1.271,,,,,early_june
1,True,822974,2026-06-01,0,77,7,2026-06-02 01:21:32.402000+00:00,2026-06-02 01:21:33.979578+00:00,2026-06-02 01:22:10.847000+00:00,0.33,-0.7081850579244856,0.1623790973659379,0.09706690881020136,0.589616026283031,0.04558674445189448,0.4590529650911095,-0.12905296509110947,0.206585,1.577578,8.0,1.0,1.0,-1.0,0.0,0.0,1.0,0.0,0.0,0.0,0.0,2.0,-3.0,-2.0,1.0,-1.0,-1.0,2.0,8.0,1.0,0.0,0.32,4.875277,-0.04558674445189448,0.35364771043069354,yes,yes,home_yes,2026-06-02 01:21:34.273503+00:00,0.33,5.78,0.08949999999999969,0.0471837662894089,-1.9969,,,,,early_june
1,True,823045,2026-06-16,1,14,3,2026-06-17 00:20:28.082000+00:00,2026-06-17 00:20:33.991181+00:00,2026-06-17 00:21:08.583000+00:00,0.63,0.5322168137473082,0.6313049185694734,0.476026471824603,0.6337867102042741,0.0,0.7624218743637616,-0.13242187436376163,0.747263,5.909181,2.0,1.0,2.0,1.0,0.0,0.0,0.0,1.0,0.0,0.0,0.0,1.0,0.0,-2.0,0.0,0.0,0.0,0.0,0.0,0.0,0.0,0.65,4.910319,0.08682239465891539,0.6808064748432305,yes,yes,home_yes,2026-06-17 00:20:34.811488+00:00,0.64,3.04,0.04909999999999992,0.07495168352342087,1.0453000000000001,,,,,early_june
1,True,823048,2026-06-06,1,44,6,2026-06-06 19:55:31.884000+00:00,2026-06-06 19:55:33.523721+00:00,2026-06-06 19:56:06.554000+00:00,0.41,-0.3639653772014119,0.2679910983991386,0.18189407433726223,0.49872840367296356,-0.04119198493836074,0.5438756115359484,-0.13387561153594846,2.168498,1.639721,5.0,1.0,1.0,-1.0,0.0,0.0,0.0,0.0,0.0,0.0,0.0,1.0,-3.0,-2.0,0.0,0.0,0.0,0.0,0.0,0.0,0.0,0.41,4.183558,0.0,0.43554953337019997,yes,yes,home_yes,2026-06-06 19:55:34.916698+00:00,0.41,4.68,0.07930000000000015,0.04027181617253582,1.113,profitable_reversal,2026-06-06 20:16:56.558523+00:00,0.68,0.07129999999999992,early_june
1,True,823048,2026-06-06,1,54,6,2026-06-06 20:16:52.904000+00:00,2026-06-06 20:16:55.686767+00:00,2026-06-06 20:17:45.610000+00:00,0.69,0.8001193001121129,0.27934427048572497,0.5322571667155561,-1.0769246927156297,0.046347497735732546,0.41990755707630045,0.2700924429236995,3.797303,2.782767,6.0,1.0,2.0,-1.0,0.0,0.0,0.0,1.0,1.0,0.0,2.0,0.0,-2.0,-2.0,-1.0,0.0,0.0,0.0,0.0,0.0,0.0,0.66,4.022445,-0.13682508270184857,0.6178668759092895,no,away_yes,away_yes,2026-06-06 20:16:56.886457+00:00,0.35,5.46,0.08700000000000019,0.08844685753527948,-1.998,,,,,early_june
1,True,823050,2026-06-01,0,16,6,2026-06-02 00:21:19.645000+00:00,2026-06-02 00:21:22.176860+00:00,2026-06-02 00:21:59.289000+00:00,0.58,0.32277339226305085,0.5290264681320103,0.48141646598044574,0.19060496069787924,-0.08269171584511337,0.6447566861004892,-0.06475668610048924,3.877078,2.53186,2.0,1.0,2.0,0.0,0.0,0.0,0.0,1.0,1.0,0.0,0.0,0.0,-2.0,-2.0,-1.0,1.0,1.0,0.0,0.0,0.0,0.0,0.58,4.969358,0.0,0.6027734319204822,yes,yes,home_yes,2026-06-02 00:21:23.854548+00:00,0.58,3.34,0.05700000000000016,0.01906326261441038,-1.9942,,,,,early_june
1,True,823051,2026-06-03,1,25,1,2026-06-04 00:40:52.045000+00:00,2026-06-04 00:40:58.273345+00:00,2026-06-04 00:41:30.122000+00:00,0.64,0.5753641449035619,0.6785268504609803,0.5470099272645129,0.5584132877066597,0.08581591958485613,0.7403832616442435,-0.1003832616442435,4.15223,6.228345,3.0,1.0,0.0,0.0,0.0,0.0,0.0,1.0,1.0,0.0,0.0,0.0,0.0,0.0,-1.0,1.0,1.0,0.0,0.0,0.0,0.0,0.71,4.426321,0.3200199021512794,0.668079493785418,yes,yes,home_yes,2026-06-04 00:40:58.333336+00:00,0.64,3.0,0.0484,0.03583848135625389,1.0316,,,,,early_june
1,True,823052,2026-06-02,0,47,5,2026-06-03 01:25:37.776000+00:00,2026-06-03 01:25:39.265800+00:00,2026-06-03 01:28:20.278000+00:00,0.37,-0.5322168137473082,0.26161522725169073,0.40158609123992584,-0.6387294997552837,-0.08490459570364345,0.2523643813089373,0.1176356186910627,2.335753,1.4898,6.0,0.0,2.0,-1.0,0.0,0.0,1.0,0.0,0.0,0.0,0.0,-1.0,-3.0,-1.0,1.0,-1.0,0.0,0.0,0.0,0.0,0.0,0.37,4.782919,0.0,0.33872057391926946,no,away_yes,away_yes,2026-06-03 01:25:43.703221+00:00,0.64,0.94,0.015199999999999991,0.004802660515886698,0.32319999999999993,,,,,early_june
1,True,823052,2026-06-02,0,73,4,2026-06-03 02:27:00.407000+00:00,2026-06-03 02:27:03.071496+00:00,2026-06-03 02:28:07.728000+00:00,0.3,-0.8472978603872036,0.003442717200518919,0.005143137260320896,-0.4031099634660835,0.4183685129440723,0.1585873931131256,0.14141260688687438,0.642887,2.664496,9.0,0.0,0.0,0.0,0.0,0.0,1.0,0.0,1.0,0.0,0.0,0.0,-1.0,-2.0,1.0,-1.0,1.0,1.0,24.59,1.0,0.0,0.22,4.830301,-0.4183685129440723,0.2564834634843629,no,away_yes,away_yes,2026-06-03 02:27:03.652564+00:00,0.72,2.72,0.03839999999999977,0.02556497932253321,0.7232000000000003,,,,,early_june
1,True,823129,2026-06-02,1,13,3,2026-06-03 02:06:32.755000+00:00,2026-06-03 02:06:36.779101+00:00,2026-06-03 02:07:00.549000+00:00,0.78,1.265666373331276,0.7726604119192436,0.5207735551979654,1.1402526760925071,0.05735516740674185,0.912820009542771,-0.13282000954277096,2.549994,4.024101,2.0,1.0,1.0,2.0,0.0,0.0,0.0,0.0,0.0,0.0,0.0,2.0,0.0,-2.0,-1.0,0.0,0.0,0.0,0.0,0.0,0.0,0.77,3.013773,-0.05735516740674185,0.8154877628587299,yes,yes,home_yes,2026-06-03 02:06:37.182205+00:00,0.78,2.52,0.030299999999999994,0.05912916240399935,0.5241,,,,,early_june
1,True,823131,2026-06-01,1,44,6,2026-06-02 03:16:06.083000+00:00,2026-06-02 03:16:07.831625+00:00,2026-06-02 03:16:27.291000+00:00,0.59,0.3639653772014115,0.43083238003239593,0.23240435179316368,0.9163284718603473,-0.08334684084225336,0.7963507681164239,-0.20635076811642394,1.016402,1.748625,7.0,1.0,0.0,0.0,0.0,0.0,0.0,0.0,0.0,0.0,0.0,1.0,-3.0,-2.0,0.0,0.0,0.0,0.0,0.0,0.0,0.0,0.6,4.843485,0.04149973090675274,0.6209993454742705,yes,yes,home_yes,2026-06-02 03:16:07.907727+00:00,0.6,3.24,0.05449999999999999,0.013537879336636471,1.2415000000000003,,,,,early_june
1,True,823211,2026-06-12,0,24,9,2026-06-13 03:13:37.099000+00:00,2026-06-13 03:13:39.673799+00:00,2026-06-13 03:14:26.227000+00:00,0.36,-0.5753641449035618,0.24335559801189666,0.411704557372202,-0.777446379919722,-0.08581591958485602,0.21977216017298484,0.14022783982701514,0.792075,2.574799,4.0,0.0,1.0,-1.0,0.0,0.0,0.0,0.0,1.0,0.0,0.0,-1.0,-3.0,-2.0,-1.0,0.0,1.0,0.0,0.0,0.0,0.0,0.36,4.121431,0.0,0.3247951333516736,no,away_yes,away_yes,2026-06-13 03:13:40.059291+00:00,0.63,2.0,0.03269999999999995,0.05770973329665274,0.7073,,,,,early_june
1,True,823212,2026-06-14,1,36,3,2026-06-14 20:25:14.440000+00:00,2026-06-14 20:25:19.113026+00:00,2026-06-14 20:26:01.891000+00:00,0.75,1.0986122886681098,0.6575383531434488,0.4497165625283413,0.8541593857477643,0.3448404862917295,0.8331239609521863,-0.08312396095218633,1.364588,4.673026,5.0,1.0,1.0,1.0,0.0,0.0,0.0,1.0,0.0,0.0,0.0,1.0,-1.0,-1.0,0.0,0.0,0.0,0.0,0.0,0.0,0.0,0.73,4.985704,-0.10398971352404784,0.7704042597700858,yes,yes,home_yes,2026-06-14 20:25:23.265041+00:00,0.73,2.68,0.03699999999999992,0.07128341618382995,0.6866000000000001,,,,,early_june
1,True,823214,2026-06-09,0,44,6,2026-06-10 03:19:07.212000+00:00,2026-06-10 03:19:08.841021+00:00,2026-06-10 03:19:52.493000+00:00,0.28,-0.9444616088408512,0.13140721006609896,0.18673023639741682,-0.4171755657600349,0.05016096630321076,0.19595059724703476,0.08404940275296527,0.202477,1.629021,5.0,1.0,1.0,-3.0,0.0,0.0,1.0,0.0,1.0,0.0,1.0,0.0,-3.0,-2.0,0.0,0.0,0.0,2.0,21.0,0.5238095238095238,0.0050000000000000044,0.26,4.869936,-0.10150694634183643,0.24774554567311166,no,away_yes,away_yes,2026-06-10 03:19:09.416460+00:00,0.73,2.68,0.03699999999999992,0.022641937596060806,0.6866000000000001,,,,,early_june
1,True,823215,2026-06-10,1,18,5,2026-06-10 20:26:44.412000+00:00,2026-06-10 20:26:45.598849+00:00,2026-06-10 20:27:04.799000+00:00,0.3,-0.8472978603872036,0.18893892959715652,0.368004398985854,-0.9161319730153091,0.0,0.14636129758017766,0.15363870241982233,0.500027,1.186849,3.0,0.0,1.0,-2.0,0.0,0.0,0.0,0.0,0.0,0.0,0.0,-2.0,-3.0,-1.0,-1.0,0.0,0.0,4.0,1065.76,1.0,0.0,0.29,4.995625,-0.048086186667637754,0.2667011218175423,no,away_yes,away_yes,2026-06-10 20:26:47.151905+00:00,0.69,2.83,0.042400000000000215,0.08013582525635508,0.26669999999999994,profitable_reversal,2026-06-10 22:42:41.284023+00:00,0.81,0.03049999999999997,early_june
1,True,823215,2026-06-10,1,82,6,2026-06-10 22:42:39.273000+00:00,2026-06-10 22:42:40.355005+00:00,2026-06-10 22:45:32.560000+00:00,0.18,-1.5163474893680886,0.002035802983982983,0.0013751589420888538,0.39298278181179835,-0.25068111603681276,0.29469620940872643,-0.11469620940872643,0.586897,1.082005,9.0,1.0,0.0,-3.0,0.0,0.0,1.0,1.0,0.0,0.0,0.0,0.0,-3.0,-2.0,1.0,0.0,0.0,11.0,742.34,0.8034323894711319,0.010679400113155208,0.16,4.981785,-0.1418805872354436,0.20409590206974298,yes,yes,home_yes,2026-06-10 22:42:41.649241+00:00,0.18,10.5,0.10850000000000004,0.14450697173230137,8.5015,,,,,early_june
1,True,823215,2026-06-10,1,83,5,2026-06-10 22:47:12.183000+00:00,2026-06-10 22:47:13.430683+00:00,2026-06-10 22:47:45.476000+00:00,0.28,-0.9444616088408512,0.004170551647031953,0.0018950850489862154,0.791066987917624,-0.2811673914305872,0.5318998050629958,-0.2518998050629958,1.66526,1.247683,9.0,1.0,0.0,-3.0,0.0,0.0,1.0,1.0,1.0,0.0,0.0,0.0,-1.0,-2.0,0.0,0.0,1.0,7.0,126.07,0.9002141667327676,0.009035079029052522,0.25,4.997941,-0.1541506798272586,0.3158193441649797,yes,yes,home_yes,2026-06-10 22:47:14.600334+00:00,0.24,7.91,0.1010000000000002,0.4987310123449893,5.9106000000000005,,,,,early_june
1,True,823218,2026-06-08,0,59,3,2026-06-09 03:38:59.356000+00:00,2026-06-09 03:39:00.795039+00:00,2026-06-09 03:41:07.726000+00:00,0.61,0.44731221804366483,0.3753514181939756,0.2505978702135853,0.5860996645097211,-0.2608728398808212,0.7848715399036847,-0.17487153990368476,0.762861,1.439039,8.0,1.0,0.0,0.0,0.0,0.0,0.0,1.0,0.0,0.0,0.0,0.0,0.0,-2.0,0.0,1.0,0.0,5.0,331.42,-0.8103916480598635,0.014696938456699083,0.58,4.950714,-0.12453882578061398,0.6468851143186809,yes,yes,home_yes,2026-06-09 03:39:01.406469+00:00,0.6,3.24,0.05449999999999999,0.09740777039252621,-1.9985,,,,,early_june
1,True,823287,2026-06-10,1,53,2,2026-06-10 21:49:26.238000+00:00,2026-06-10 21:49:27.387766+00:00,2026-06-10 21:49:53.992000+00:00,0.37,-0.5322168137473082,0.19462657018959995,0.39820841928278883,-1.0072877207561497,-0.04266858842860244,0.18289790548922727,0.18710209451077273,2.34678,1.149766,7.0,0.0,2.0,-1.0,0.0,0.0,0.0,0.0,0.0,0.0,0.0,-1.0,-1.0,0.0,0.0,0.0,0.0,3.0,53.059999999999995,1.0,5.551115123125783e-17,0.36,3.436146,-0.04314733115625358,0.33797317174753205,no,away_yes,away_yes,2026-06-10 21:49:27.765046+00:00,0.63,3.09,0.05050000000000021,0.048462899300125734,-0.0694999999999999,profitable_reversal,2026-06-10 22:25:15.550741+00:00,0.64,0.04989999999999983,early_june
1,True,823287,2026-06-10,1,67,5,2026-06-10 22:25:13.182000+00:00,2026-06-10 22:25:14.308326+00:00,2026-06-10 22:28:42.692000+00:00,0.38,-0.4895482253187058,0.13363214035251889,0.09005414064961058,0.44375525539275684,-0.04223600727504101,0.4991107602748267,-0.1191107602748267,0.102711,1.126326,8.0,1.0,1.0,-1.0,0.0,0.0,0.0,1.0,0.0,0.0,0.0,1.0,-3.0,-1.0,0.0,1.0,-1.0,10.0,240.97,-0.30729966385857166,0.011874342087037927,0.38,4.976079,0.0,0.4066201673366645,yes,yes,home_yes,2026-06-10 22:25:17.935180+00:00,0.37,5.17,0.08440000000000003,0.1049262651305555,-0.016199999999999992,profitable_reversal,2026-06-10 22:29:27.618329+00:00,0.4,0.08689999999999998,early_june
1,True,823287,2026-06-10,1,68,4,2026-06-10 22:29:50.477000+00:00,2026-06-10 22:29:51.853207+00:00,2026-06-10 22:30:30.225000+00:00,0.32,-0.7537718023763801,0.08894697545080708,0.1519373074685923,-0.6070741115773024,0.24085077276768185,0.1677446130635372,0.15225538693646282,0.763845,1.376207,8.0,1.0,2.0,-1.0,0.0,0.0,0.0,1.0,0.0,0.0,1.0,0.0,-3.0,0.0,0.0,0.0,0.0,13.0,1034.73,1.0,0.005329387100211934,0.27,4.555304,-0.24085077276768185,0.26252481692441454,no,away_yes,away_yes,2026-06-10 22:29:51.857814+00:00,0.7,2.79,0.041100000000000136,0.06345576078088343,-1.9941,,,,,early_june
1,True,823289,2026-06-08,1,37,2,2026-06-09 02:54:26.304000+00:00,2026-06-09 02:54:27.596668+00:00,2026-06-09 02:55:04.252000+00:00,0.55,0.2006706954621514,0.4443125316058656,0.6435318121920375,-0.8144042750779877,-0.3315461182851568,0.4299175725588608,0.12008242744113923,2.72029,1.292668,5.0,0.0,2.0,0.0,0.0,0.0,1.0,0.0,0.0,0.0,0.0,-1.0,0.0,-1.0,1.0,-1.0,0.0,0.0,0.0,0.0,0.0,0.59,4.445886,0.16329468173926007,0.5297439960167676,no,away_yes,away_yes,2026-06-09 02:54:29.229218+00:00,0.44,1.92,0.03320000000000001,0.02489152764780623,-0.878,,,,,early_june
1,True,823290,2026-06-09,0,53,6,2026-06-10 03:40:15.054000+00:00,2026-06-10 03:40:16.300181+00:00,2026-06-10 03:43:36.719000+00:00,0.67,0.708185057924486,0.5739029604769168,0.4282983967334332,0.5865902523508302,0.044890840514221764,0.7772798616966028,-0.10727986169660275,1.871233,1.246181,6.0,1.0,1.0,0.0,0.0,0.0,0.0,1.0,1.0,0.0,0.0,0.0,-2.0,-2.0,-1.0,1.0,1.0,1.0,5.12,1.0,0.0,0.73,3.447499,0.2864375172195759,0.7073235973680627,yes,yes,home_yes,2026-06-10 03:40:17.587188+00:00,0.67,2.91,0.045099999999999696,0.0635116683410627,-1.9948,,,,,early_june
1,True,823291,2026-06-07,0,10,3,2026-06-07 20:32:06.111000+00:00,2026-06-07 20:32:07.363229+00:00,2026-06-07 20:32:31.789000+00:00,0.28,-0.9444616088408512,0.1863237913555459,0.288610256493641,-0.5719332772181539,0.05016096630321076,0.1727079366460248,0.10729206335397523,1.471616,1.252229,2.0,0.0,0.0,-2.0,0.0,0.0,0.0,0.0,0.0,0.0,0.0,-1.0,0.0,-2.0,0.0,0.0,0.0,0.0,0.0,0.0,0.0,0.28,4.559615,0.0,0.2505022595747571,no,away_yes,away_yes,2026-06-07 20:32:08.286231+00:00,0.72,2.72,0.03839999999999977,0.0418338539566612,0.7232000000000003,,,,,early_june
1,True,823292,2026-06-06,1,11,2,2026-06-07 02:33:33.519000+00:00,2026-06-07 02:33:35.682982+00:00,2026-06-07 02:34:19.883000+00:00,0.35,-0.6190392084062235,0.2740919813292201,0.40501551979556305,-0.5893496277563597,-0.08682239465891528,0.24572084035114913,0.10427915964885084,3.473808,2.163982,2.0,0.0,2.0,-1.0,0.0,0.0,1.0,0.0,1.0,0.0,0.0,-1.0,-1.0,0.0,0.0,-1.0,1.0,6.0,406.0,1.0,0.003726779962499632,0.35,4.914167,0.0,0.31852823015398374,no,away_yes,away_yes,2026-06-07 02:33:39.077695+00:00,0.66,2.95,0.046399999999999775,0.01694172104574794,-1.9934,,,,,early_june
1,True,823292,2026-06-06,1,47,1,2026-06-07 03:55:39.827000+00:00,2026-06-07 03:55:40.869617+00:00,2026-06-07 03:56:04.097000+00:00,0.29,-0.8953840470548413,0.13850818007575283,0.2992316302961626,-0.9767767276608149,0.0,0.133291900811943,0.15670809918805698,0.205353,1.042617,7.0,0.0,0.0,-1.0,0.0,0.0,0.0,0.0,0.0,0.0,0.0,-1.0,0.0,0.0,0.0,0.0,0.0,23.0,1798.07,-0.7121246670040655,0.008340576562282981,0.29,4.978641,0.0,0.2638743288326892,no,away_yes,away_yes,2026-06-07 03:55:41.089666+00:00,0.71,2.76,0.03980000000000028,0.0323068524217775,-1.9994,,,,,early_june
1,True,823293,2026-06-05,0,7,6,2026-06-06 01:53:45.228000+00:00,2026-06-06 01:53:48.510710+00:00,2026-06-06 01:54:10.880000+00:00,0.43,-0.2818511521409879,0.3474040024730103,0.4770811875685159,-0.5387303393512114,0.0,0.30564023933138046,0.12435976066861953,2.442066,3.28271,2.0,0.0,0.0,-1.0,0.0,0.0,0.0,0.0,0.0,0.0,0.0,-1.0,-3.0,-2.0,0.0,0.0,0.0,0.0,0.0,0.0,0.0,0.43,4.54008,0.0,0.3944638886668491,no,away_yes,away_yes,2026-06-06 01:53:50.440723+00:00,0.58,3.34,0.05700000000000016,0.028290611852723926,1.3457999999999999,,,,,early_june
1,True,823368,2026-06-14,0,12,3,2026-06-14 16:42:41.362000+00:00,2026-06-14 16:42:42.924966+00:00,2026-06-14 16:43:08.807000+00:00,0.37,-0.5322168137473082,0.20613329362022026,0.3089249464140843,-0.5432424768736609,0.0,0.2543662651187034,0.11563373488129658,1.182442,1.562966,2.0,0.0,2.0,-2.0,0.0,0.0,0.0,0.0,0.0,0.0,0.0,-1.0,-1.0,-1.0,0.0,0.0,0.0,1.0,50.0,1.0,0.0,0.37,4.828796,0.0,0.32954749107300824,no,away_yes,away_yes,2026-06-14 16:42:44.172493+00:00,0.65,1.0,0.016000000000000014,0.004452508926991672,0.05019999999999991,profitable_reversal,2026-06-14 18:09:09.723698+00:00,0.73,0.013800000000000034,early_june
1,True,823368,2026-06-14,0,53,1,2026-06-14 18:10:36.176000+00:00,2026-06-14 18:10:38.037099+00:00,2026-06-14 18:11:41.244000+00:00,0.25,-1.0986122886681098,0.14846866262361091,0.0945877691869893,0.5121997736178383,0.0,0.35745841262742545,-0.10745841262742545,1.414577,1.861099,7.0,0.0,1.0,-1.0,0.0,1.0,0.0,0.0,0.0,0.0,1.0,0.0,0.0,1.0,0.0,-1.0,0.0,4.0,785.09,1.0,0.0,0.25,4.505356,0.0,0.27006983492535114,yes,yes,home_yes,2026-06-14 18:10:38.074158+00:00,0.25,7.6,0.09980000000000011,0.052730745432668535,0.6880999999999995,profitable_reversal,2026-06-14 18:23:10.838328+00:00,0.37,0.12410000000000032,early_june
1,True,823369,2026-06-13,1,46,4,2026-06-13 21:46:46.498000+00:00,2026-06-13 21:46:47.791525+00:00,2026-06-13 21:49:49.321000+00:00,0.56,0.24116205681688824,0.2925302415390403,0.5649787729227687,-1.144520165790106,-0.040689095324099256,0.2967820140060234,0.26321798599397667,0.172858,1.293525,6.0,0.0,2.0,0.0,0.0,0.0,0.0,1.0,1.0,0.0,0.0,-1.0,-2.0,-1.0,-1.0,0.0,1.0,15.0,1804.0,0.9168514412416852,0.024129281427805113,0.59,4.136993,0.12280332038452324,0.531034161753871,no,away_yes,away_yes,2026-06-13 21:46:49.310812+00:00,0.43,4.47,0.07669999999999999,0.0974772969601968,0.20270000000000032,profitable_reversal,2026-06-13 22:41:04.701200+00:00,0.51,0.07819999999999983,early_june
1,True,823369,2026-06-13,1,68,2,2026-06-13 22:41:03.376000+00:00,2026-06-13 22:41:04.382853+00:00,2026-06-13 22:41:44.901000+00:00,0.59,0.3639653772014115,0.29050577175445613,0.2194624879647553,0.3758725629229416,-0.08334684084225336,0.6949119622000179,-0.10491196220001797,2.340524,1.006853,8.0,1.0,2.0,0.0,0.0,0.0,1.0,0.0,1.0,0.0,0.0,0.0,0.0,-1.0,0.0,0.0,1.0,1.0,12.42,1.0,0.0,0.61,4.908129,0.08334684084225336,0.6206558193364856,yes,yes,home_yes,2026-06-13 22:41:04.862992+00:00,0.6,3.24,0.05449999999999999,0.01242485465021348,1.2415000000000003,,,,,early_june
1,True,823369,2026-06-13,1,70,1,2026-06-13 22:44:45.399000+00:00,2026-06-13 22:44:49.296068+00:00,2026-06-13 22:45:54.361000+00:00,0.68,0.7537718023763803,0.8507287055810293,0.35570169247394634,2.3343972568327778,0.09047758496611602,0.952469726310731,-0.27246972631073096,2.312874,3.897068,8.0,1.0,2.0,1.0,0.0,0.0,1.0,1.0,1.0,0.0,0.0,1.0,0.0,0.0,0.0,0.0,0.0,0.0,0.0,0.0,0.0,0.81,3.85896,0.6962383731296183,0.7339053673214889,yes,yes,home_yes,2026-06-13 22:44:49.845764+00:00,0.68,2.87,0.04379999999999984,0.11090840421267323,0.8746,,,,,early_june
1,True,823370,2026-06-12,0,36,2,2026-06-12 23:55:12.875000+00:00,2026-06-12 23:55:15.369578+00:00,2026-06-12 23:55:44.576000+00:00,0.35,-0.6190392084062235,0.24027468792299134,0.3381300234701762,-0.47953551435833697,0.0,0.25000704367306514,0.09999295632693483,1.188798,2.494578,5.0,0.0,1.0,-1.0,0.0,0.0,1.0,0.0,0.0,0.0,0.0,-1.0,0.0,-1.0,1.0,0.0,-1.0,0.0,0.0,0.0,0.0,0.35,4.731554,0.0,0.3173237352495001,no,away_yes,away_yes,2026-06-12 23:55:19.921430+00:00,0.66,2.95,0.046399999999999775,0.020494981013974886,0.9566000000000001,,,,,early_june
1,True,823372,2026-06-10,1,27,5,2026-06-10 23:36:31.752000+00:00,2026-06-10 23:36:34.428907+00:00,2026-06-10 23:37:12.192000+00:00,0.25,-1.0986122886681098,0.27740844747162197,0.4220068508994166,-0.6428127009590213,-0.10398971352404784,0.1628143471657367,0.0871856528342633,3.743662,2.676907,4.0,0.0,2.0,-1.0,0.0,0.0,0.0,1.0,0.0,0.0,0.0,-1.0,-1.0,-2.0,0.0,1.0,-1.0,0.0,0.0,0.0,0.0,0.26,3.984449,0.05264373348542217,0.22713970355774032,no,away_yes,away_yes,2026-06-10 23:36:34.804691+00:00,0.75,2.62,0.034399999999999986,0.025493976678720512,-1.9994,,,,,early_june
1,True,823374,2026-06-09,0,33,4,2026-06-09 23:52:20.174000+00:00,2026-06-09 23:52:22.169033+00:00,2026-06-09 23:53:08.021000+00:00,0.58,0.32277339226305085,0.6349121834238417,0.49029464793608757,0.5921750625137621,0.12210269680089944,0.688442043151318,-0.108442043151318,2.744244,1.995033,5.0,0.0,2.0,1.0,0.0,0.0,0.0,0.0,0.0,0.0,2.0,0.0,-2.0,-1.0,-1.0,0.0,0.0,11.0,823.46,1.0,0.006555547773570895,0.59,4.70406,0.041191984938360626,0.6167797915907606,yes,yes,home_yes,2026-06-09 23:52:26.434329+00:00,0.58,3.34,0.05700000000000016,0.06584450391314028,-1.9942,,,,,early_june
1,True,823452,2026-06-15,1,16,7,2026-06-15 23:14:47.098000+00:00,2026-06-15 23:14:48.262163+00:00,2026-06-15 23:15:17.561000+00:00,0.73,0.9946225751440619,0.6181331461413243,0.4693519604551937,0.6043779233699658,0.0,0.8318786446545566,-0.10187864465455665,3.17131,1.164163,2.0,1.0,1.0,1.0,0.0,0.0,0.0,0.0,0.0,0.0,0.0,1.0,-1.0,-2.0,0.0,0.0,0.0,7.0,14235.75,0.8672356567093409,0.00451753951452626,0.72,4.789274,-0.05016096630321065,0.7623019711589184,yes,yes,home_yes,2026-06-15 23:14:50.221987+00:00,0.73,2.68,0.03699999999999992,0.04956928270590144,0.6866000000000001,,,,,early_june
1,True,823453,2026-06-07,1,16,3,2026-06-07 18:13:45.944000+00:00,2026-06-07 18:13:47.862577+00:00,2026-06-07 18:15:16.801000+00:00,0.35,-0.6190392084062235,0.2872676463628122,0.39261625050359095,-0.47236349738121913,-0.08682239465891528,0.2680418311713547,0.08195816882864526,0.958405,1.918577,2.0,0.0,1.0,-1.0,0.0,0.0,1.0,1.0,0.0,0.0,0.0,-1.0,-1.0,-1.0,0.0,1.0,-1.0,0.0,0.0,0.0,0.0,0.38,4.630415,0.12949098308751772,0.32117962482795526,no,away_yes,away_yes,2026-06-07 18:13:48.092474+00:00,0.65,3.0,0.04779999999999984,0.03866112551613432,-1.9978,,,,,early_june
1,True,823455,2026-06-05,1,14,3,2026-06-05 23:08:36.083000+00:00,2026-06-05 23:08:37.367709+00:00,2026-06-05 23:09:05.984000+00:00,0.42,-0.3227733922630512,0.22506661366267278,0.3261597387500682,-0.5107748292493544,-0.08161133544616309,0.3203994095959938,0.0996005904040062,0.190942,1.284709,2.0,0.0,2.0,-2.0,0.0,0.0,1.0,0.0,0.0,0.0,0.0,-1.0,-1.0,-1.0,1.0,-1.0,0.0,2.0,13.0,-1.0,0.0,0.42,3.660507,0.0,0.38128971421357977,no,away_yes,away_yes,2026-06-05 23:08:38.966384+00:00,0.59,3.29,0.05580000000000007,0.03865684023732241,-1.9969,,,,,early_june
1,True,823456,2026-06-03,1,35,2,2026-06-03 23:48:01.163000+00:00,2026-06-03 23:48:05.054324+00:00,2026-06-03 23:48:33.051000+00:00,0.77,1.2083112059245342,0.7047908944825029,0.5179179382476908,0.7985147605652512,-0.05735516740674185,0.8873727196814816,-0.11737271968148155,0.74069,3.891324,5.0,1.0,1.0,1.0,0.0,0.0,0.0,1.0,0.0,0.0,0.0,1.0,0.0,-1.0,0.0,1.0,-1.0,0.0,0.0,0.0,0.0,0.78,4.210847,0.05735516740674185,0.7922465856682278,yes,yes,home_yes,2026-06-03 23:48:05.056470+00:00,0.77,2.55,0.031700000000000284,0.025028793453980583,0.5547999999999997,,,,,early_june
1,True,823460,2026-06-02,1,18,5,2026-06-02 23:26:02.147000+00:00,2026-06-02 23:26:03.524292+00:00,2026-06-02 23:26:37.900000+00:00,0.32,-0.7537718023763801,0.26575799722307536,0.5228821791452433,-1.107845264057788,0.04634749773573299,0.1292096955012602,0.1907903044987398,1.03388,1.377292,3.0,0.0,2.0,-2.0,0.0,0.0,0.0,0.0,0.0,0.0,0.0,-2.0,-1.0,-2.0,-1.0,0.0,0.0,1.0,14.47,1.0,0.0,0.33,4.885416,0.04558674445189448,0.28583946308596564,no,away_yes,away_yes,2026-06-02 23:26:04.640961+00:00,0.67,2.91,0.045099999999999696,0.0834071624198402,-1.9948,,,,,early_june
1,True,823535,2026-06-16,1,12,5,2026-06-16 23:33:45.703000+00:00,2026-06-16 23:33:47.311896+00:00,2026-06-16 23:34:15.386000+00:00,0.6,0.4054651081081642,0.48901486404051975,0.3561843812397942,0.5480162414168337,0.0,0.7218147662997584,-0.1218147662997584,1.459158,1.608896,2.0,1.0,1.0,0.0,0.0,0.0,0.0,0.0,0.0,0.0,0.0,1.0,-3.0,-1.0,0.0,0.0,0.0,3.0,164.23,-1.0,0.0,0.61,4.42832,0.041847109935500615,0.6291783218030004,yes,yes,home_yes,2026-06-16 23:33:48.329016+00:00,0.6,3.24,0.05449999999999999,0.04003776264172129,1.2415000000000003,,,,,early_june
1,True,823538,2026-06-05,0,21,5,2026-06-05 23:44:13.888000+00:00,2026-06-05 23:44:16.064553+00:00,2026-06-05 23:45:02.267000+00:00,0.58,0.32277339226305085,0.4388505479768072,0.45947470269143675,-0.08337080200915148,0.40281609993658735,0.4592372927595412,0.12076270724045873,0.634617,2.176553,3.0,0.0,2.0,0.0,0.0,0.0,0.0,1.0,1.0,0.0,1.0,-1.0,-2.0,-2.0,-1.0,0.0,0.0,6.0,38.0,1.0,0.004714045207910321,0.58,3.950216,0.0,0.5315920287377539,no,away_yes,away_yes,2026-06-05 23:44:16.065538+00:00,0.44,1.0,0.017299999999999982,0.011107971262246108,0.5427000000000001,,,,,early_june
1,True,823540,2026-06-03,0,8,6,2026-06-03 23:26:17.039000+00:00,2026-06-03 23:26:19.330295+00:00,2026-06-03 23:26:45.899000+00:00,0.44,-0.2411620568168881,0.3284945891126412,0.4685841300877073,-0.5891724691782207,0.08161133544616309,0.2866018189018158,0.1533981810981842,0.466546,2.291295,2.0,0.0,0.0,-1.0,0.0,0.0,0.0,0.0,0.0,0.0,0.0,-1.0,-2.0,-2.0,0.0,0.0,0.0,0.0,0.0,0.0,0.0,0.44,3.686699,0.0,0.40054006930136227,no,away_yes,away_yes,2026-06-03 23:26:21.042919+00:00,0.57,3.4,0.05840000000000023,0.04176376437536804,1.4036,,,,,early_june
1,True,823540,2026-06-03,0,26,2,2026-06-04 00:03:10.117000+00:00,2026-06-04 00:03:11.435941+00:00,2026-06-04 00:03:42.354000+00:00,0.33,-0.7081850579244856,0.21369669240492972,0.45109282339229007,-1.106528706226053,0.0,0.14006938917119724,0.18993061082880278,0.621992,1.318941,4.0,0.0,2.0,-2.0,0.0,0.0,0.0,0.0,0.0,0.0,0.0,-2.0,-1.0,0.0,0.0,-1.0,0.0,3.0,142.0,-0.29577464788732394,0.004714045207910321,0.34,4.865751,0.04489084051422165,0.2930014778101259,no,away_yes,away_yes,2026-06-04 00:03:11.565243+00:00,0.67,1.45,0.022499999999999964,0.03114785717531731,0.45599999999999996,,,,,early_june
1,True,823541,2026-06-02,0,39,1,2026-06-03 00:34:08.833000+00:00,2026-06-03 00:34:10.275005+00:00,2026-06-03 00:36:23.334000+00:00,0.57,0.2818511521409875,0.33562040146178096,0.4473642946850106,-0.47154712283314026,0.2418458175272883,0.3937582269381913,0.17624177306180866,1.305659,1.442005,5.0,0.0,0.0,1.0,0.0,0.0,1.0,1.0,1.0,0.0,0.0,0.0,0.0,0.0,0.0,0.0,1.0,7.0,1109.48,0.9924649385297616,0.019166296949998177,0.58,4.159882,0.04092224012206336,0.5359159760724591,no,away_yes,away_yes,2026-06-03 00:34:11.802883+00:00,0.44,4.37,0.07539999999999991,0.029847184563353765,2.3718000000000004,,,,,early_june
1,True,823542,2026-06-04,1,52,7,2026-06-04 19:35:16.714000+00:00,2026-06-04 19:35:19.027216+00:00,2026-06-04 19:35:50.975000+00:00,0.82,1.5163474893680882,0.7346791177345118,0.3768584643840001,1.5213978454739794,-0.21825356602001822,0.9628880774190149,-0.142888077419015,0.34469,2.313216,7.0,1.0,2.0,1.0,0.0,0.0,1.0,0.0,0.0,0.0,0.0,1.0,-3.0,-2.0,1.0,0.0,-1.0,0.0,0.0,0.0,0.0,0.82,4.257761,0.0,0.858296066163016,yes,yes,home_yes,2026-06-04 19:35:21.319539+00:00,0.83,2.38,0.023600000000000287,0.04374463746797792,0.3809999999999998,,,,,early_june
1,True,823616,2026-06-13,0,26,2,2026-06-13 21:03:08.624000+00:00,2026-06-13 21:03:11.860080+00:00,2026-06-13 21:03:35.006000+00:00,0.3,-0.8472978603872036,0.17806911856349283,0.28323844665999287,-0.601030411106694,0.0,0.19025897999605532,0.10974102000394467,1.950872,3.23608,4.0,0.0,2.0,-2.0,0.0,0.0,0.0,0.0,0.0,0.0,0.0,-1.0,-1.0,0.0,0.0,0.0,0.0,0.0,0.0,0.0,0.0,0.31,4.909484,0.047178560275090486,0.2643527674605387,no,away_yes,away_yes,2026-06-13 21:03:13.170381+00:00,0.7,2.79,0.041100000000000136,0.058355778785097,0.7959,,,,,early_june
1,True,823619,2026-06-11,1,12,5,2026-06-11 17:29:08.341000+00:00,2026-06-11 17:29:13.268454+00:00,2026-06-11 17:29:33.780000+00:00,0.65,0.6190392084062236,0.5309873933240967,0.6563431121301433,-0.5229313167714511,0.0,0.5240084957598916,0.1259915042401084,0.357636,4.927454,2.0,0.0,0.0,1.0,0.0,0.0,0.0,0.0,0.0,0.0,0.0,-1.0,-2.0,-2.0,0.0,0.0,0.0,0.0,0.0,0.0,0.0,0.65,4.961823,0.0,0.6279297878716642,no,away_yes,away_yes,2026-06-11 17:29:14.446009+00:00,0.35,5.46,0.08700000000000019,0.03350335822071339,-1.998,,,,,early_june
1,True,823620,2026-06-09,0,16,6,2026-06-09 23:45:46.174000+00:00,2026-06-09 23:45:47.186625+00:00,2026-06-09 23:46:30.483000+00:00,0.39,-0.4473122180436648,0.30610093033056407,0.4447601348218452,-0.5965465360072806,-0.08334684084225286,0.2767757130303277,0.1132242869696723,1.451458,1.012625,3.0,0.0,0.0,0.0,0.0,0.0,0.0,1.0,1.0,0.0,0.0,0.0,-2.0,-2.0,-1.0,1.0,1.0,0.0,0.0,0.0,0.0,0.37,3.606649,-0.08490459570364345,0.3620754723800249,no,away_yes,away_yes,2026-06-09 23:45:49.109831+00:00,0.61,3.19,0.053200000000000136,0.03587924310772045,1.1908999999999998,,,,,early_june
1,True,823693,2026-06-14,1,59,2,2026-06-14 20:14:09.996000+00:00,2026-06-14 20:14:13.822414+00:00,2026-06-14 20:15:07.257000+00:00,0.44,-0.2411620568168881,0.2336797501270509,0.14654943737738985,0.5742762150511813,-0.1611193491433516,0.6211032301615852,-0.1811032301615852,0.233076,3.826414,7.0,1.0,1.0,-1.0,0.0,0.0,1.0,1.0,0.0,0.0,0.0,1.0,-1.0,0.0,0.0,1.0,-1.0,0.0,0.0,0.0,0.0,0.42,4.773227,-0.08161133544616309,0.46129166869053423,yes,yes,home_yes,2026-06-14 20:14:13.979392+00:00,0.44,4.37,0.07539999999999991,0.017644592177634658,2.3718000000000004,,,,,early_june
1,True,823693,2026-06-14,1,70,2,2026-06-14 20:37:36.738000+00:00,2026-06-14 20:37:38.732253+00:00,2026-06-14 20:38:13.995000+00:00,0.59,0.3639653772014115,0.25531785429725545,0.20747181894983982,0.2697843257494945,0.0,0.6533392090798947,-0.06333920907989476,0.310365,1.994253,8.0,1.0,2.0,0.0,0.0,0.0,0.0,1.0,0.0,0.0,0.0,0.0,-1.0,0.0,0.0,1.0,0.0,2.0,69.0,1.0,0.0,0.57,3.016367,-0.08211422506042398,0.6130941409404973,yes,yes,home_yes,2026-06-14 20:37:39.119075+00:00,0.58,3.34,0.05700000000000016,0.05353443074126095,1.3457999999999999,,,,,early_june
1,True,823694,2026-06-13,0,52,4,2026-06-13 19:54:05.824000+00:00,2026-06-13 19:54:07.436466+00:00,2026-06-13 19:54:33.437000+00:00,0.33,-0.7081850579244856,0.16356722307940574,0.3518390193649473,-1.0209567459435238,0.0,0.15069738535749932,0.1793026146425007,2.938214,1.612466,7.0,0.0,2.0,-1.0,0.0,0.0,0.0,0.0,0.0,0.0,0.0,-1.0,-2.0,-1.0,0.0,0.0,0.0,1.0,100.0,1.0,0.0,0.33,4.745739,0.0,0.2983603729839431,no,away_yes,away_yes,2026-06-13 19:54:08.903080+00:00,0.68,2.87,0.04379999999999984,0.018305729536083545,0.8746,,,,,early_june
1,True,823695,2026-06-12,1,71,1,2026-06-13 03:17:48.725000+00:00,2026-06-13 03:17:50.626200+00:00,2026-06-13 03:18:50.890000+00:00,0.6,0.4054651081081642,0.2825771738932249,0.10424827548180549,1.2191742757909818,0.0,0.8354339641363658,-0.23543396413636586,0.166516,1.9012,8.0,1.0,0.0,0.0,0.0,0.0,0.0,0.0,0.0,0.0,0.0,1.0,0.0,0.0,0.0,0.0,0.0,3.0,998.0,-0.6352705410821643,0.004714045207910321,0.59,4.987452,-0.04149973090675274,0.6211593858719787,yes,yes,home_yes,2026-06-13 03:17:52.704562+00:00,0.6,3.24,0.05449999999999999,0.014056410225211133,1.2415000000000003,,,,,early_june
1,True,823697,2026-06-06,0,61,6,2026-06-06 20:28:19.844000+00:00,2026-06-06 20:28:21.263056+00:00,2026-06-06 20:28:48.453000+00:00,0.85,1.7346010553881064,0.8061771750922948,0.2336170234658898,2.613357961898722,0.07637297878457416,0.986232563173114,-0.13623256317311405,0.356633,1.419056,8.0,1.0,2.0,1.0,0.0,0.0,0.0,0.0,0.0,0.0,0.0,1.0,-3.0,-2.0,0.0,0.0,0.0,3.0,221.28,-0.970354302241504,0.004714045207910321,0.84,4.300744,-0.07637297878457416,0.8771118735512011,yes,yes,home_yes,2026-06-06 20:28:25.145532+00:00,0.85,2.32,0.02080000000000015,0.04209954663878651,-1.9928,,,,,early_june
1,True,823698,2026-06-04,0,16,1,2026-06-05 00:08:37.737000+00:00,2026-06-05 00:08:40.057780+00:00,2026-06-05 00:09:17.730000+00:00,0.43,-0.2818511521409879,0.3042891789486105,0.41615229530292686,-0.4883667097534387,-0.08118045667883664,0.3342472414496861,0.0957527585503139,0.253511,2.32078,2.0,0.0,2.0,-1.0,1.0,0.0,0.0,1.0,1.0,0.0,0.0,-1.0,1.0,0.0,-1.0,0.0,0.0,0.0,0.0,0.0,0.0,0.41,3.365424,-0.08211422506042404,0.3917253761364356,no,away_yes,away_yes,2026-06-05 00:08:40.461693+00:00,0.58,3.34,0.05700000000000016,0.03743724370430489,0.26029999999999975,profitable_reversal,2026-06-05 03:21:54.841651+00:00,0.69,0.05010000000000003,early_june
1,True,823698,2026-06-04,0,75,2,2026-06-05 03:22:18.697000+00:00,2026-06-05 03:22:20.027843+00:00,2026-06-05 03:26:04.013000+00:00,0.34,-0.663294217410264,0.003259197523556079,0.0033833726538105013,-0.03751662083554219,-0.4221321605933759,0.43077774556129433,-0.09077774556129431,0.008214,1.330843,9.0,0.0,1.0,0.0,0.0,0.0,0.0,1.0,1.0,0.0,1.0,0.0,0.0,-1.0,-1.0,0.0,1.0,3.0,45.06,0.7780736795383932,0.009428090415820642,0.35,4.913318,0.044255009004040446,0.36591592295604325,yes,yes,home_yes,2026-06-05 03:22:20.624434+00:00,0.34,5.62,0.08829999999999982,0.057347487012963105,-1.9991,,,,,early_june
1,True,823700,2026-06-02,1,35,5,2026-06-03 00:47:40.100000+00:00,2026-06-03 00:47:43.107494+00:00,2026-06-03 00:48:42.686000+00:00,0.6,0.4054651081081642,0.6345811662512604,0.3905133845672036,0.9970757597393047,-0.08408311721054157,0.8155710104093038,-0.21557101040930382,0.582981,3.007494,4.0,1.0,1.0,1.0,0.0,0.0,0.0,1.0,0.0,0.0,0.0,2.0,-2.0,-2.0,0.0,0.0,-1.0,0.0,0.0,0.0,0.0,0.67,4.586936,0.30271994981632183,0.6454831751867959,yes,yes,home_yes,2026-06-03 00:47:43.564431+00:00,0.61,3.19,0.053200000000000136,0.05999132884587875,1.1908999999999998,,,,,early_june
1,True,823776,2026-06-13,0,28,7,2026-06-14 00:03:57.642000+00:00,2026-06-14 00:04:00.321556+00:00,2026-06-14 00:04:41.263000+00:00,0.35,-0.6190392084062235,0.19863514365226242,0.30397062389102936,-0.5663858498043306,-0.043675063502661704,0.24199920476506867,0.10800079523493131,0.965162,2.679556,4.0,0.0,2.0,-2.0,0.0,0.0,0.0,1.0,0.0,0.0,0.0,-1.0,-3.0,-2.0,0.0,0.0,0.0,1.0,10.0,1.0,0.0,0.35,4.941431,0.0,0.3083609518109057,no,away_yes,away_yes,2026-06-14 00:04:01.034354+00:00,0.65,3.0,0.04779999999999984,0.07711714456728291,1.0022,,,,,early_june
1,True,823780,2026-06-03,0,57,6,2026-06-04 01:36:23.168000+00:00,2026-06-04 01:36:25.643108+00:00,2026-06-04 01:37:04.365000+00:00,0.43,-0.2818511521409879,0.25466072167847187,0.19171450429846035,0.3650006579205114,0.0409222401220633,0.5105552480021709,-0.0805552480021709,1.630982,2.475108,8.0,1.0,0.0,-1.0,0.0,0.0,1.0,0.0,0.0,0.0,0.0,0.0,-3.0,-2.0,1.0,0.0,0.0,0.0,0.0,0.0,0.0,0.43,4.748875,0.0,0.45744035876791866,yes,yes,home_yes,2026-06-04 01:36:28.727473+00:00,0.43,4.47,0.07669999999999999,0.04595840369259646,-1.9988,,,,,early_june
1,True,823781,2026-06-01,1,10,2,2026-06-01 23:58:57.451000+00:00,2026-06-01 23:58:58.878949+00:00,2026-06-01 23:59:24.127000+00:00,0.36,-0.5753641449035618,0.3111233984332532,0.5483876714373013,-0.989030878915933,-0.16989903679539753,0.19869096805027459,0.1613090319497254,0.354184,1.427949,2.0,0.0,1.0,-2.0,0.0,0.0,0.0,0.0,0.0,0.0,0.0,-2.0,0.0,-1.0,-1.0,0.0,0.0,6.0,50.7,0.6844181459566075,0.004714045207910321,0.35,4.082595,-0.043675063502661704,0.32504418149336073,no,away_yes,away_yes,2026-06-01 23:59:00.521825+00:00,0.65,1.0,0.016000000000000014,0.00895581850663929,-0.666,,,,,early_june
1,True,823782,2026-06-02,1,66,3,2026-06-03 02:10:19.050000+00:00,2026-06-03 02:10:20.614618+00:00,2026-06-03 02:11:15.360000+00:00,0.88,1.9924301646902063,0.8562869910587344,0.9082824636376634,-0.5080545438953465,0.2578291093020999,0.7732135614926708,0.10678643850732916,1.395982,1.564618,8.0,0.0,2.0,2.0,0.0,0.0,1.0,1.0,0.0,0.0,0.0,0.0,0.0,-2.0,0.0,1.0,0.0,1.0,5.0,1.0,0.0,0.93,3.675604,0.594259179407737,0.8576824649993526,no,away_yes,away_yes,2026-06-03 02:10:21.233941+00:00,0.08,3.36,0.017400000000000027,0.19198691760217512,-0.2862,,,,,early_june
1,True,823855,2026-06-11,1,30,7,2026-06-11 18:14:46.472000+00:00,2026-06-11 18:14:49.387353+00:00,2026-06-11 18:16:33.397000+00:00,0.81,1.4500101755059986,0.8047018125398455,0.6856877447842196,0.6359088261204725,0.12508476076239994,0.8766232080739309,-0.06662320807393085,2.079074,2.915353,4.0,1.0,2.0,2.0,0.0,0.0,1.0,0.0,1.0,0.0,0.0,1.0,-3.0,-2.0,0.0,0.0,0.0,0.0,0.0,0.0,0.0,0.81,4.933701,0.0,0.8302905909724576,yes,yes,home_yes,2026-06-11 18:14:49.974033+00:00,0.81,1.53,0.01649999999999996,0.014544604187860102,0.2742,,,,,early_june
1,True,823856,2026-06-10,1,22,5,2026-06-10 23:28:57.635000+00:00,2026-06-10 23:29:04.514191+00:00,2026-06-10 23:29:32.284000+00:00,0.64,0.5753641449035619,0.6217115840182785,0.4662769972734668,0.6319164946011335,0.0,0.7698174359042094,-0.12981743590420936,2.751882,6.879191,3.0,1.0,2.0,1.0,0.0,0.0,1.0,0.0,0.0,0.0,0.0,1.0,0.0,-2.0,1.0,0.0,-1.0,0.0,0.0,0.0,0.0,0.63,4.960444,-0.04314733115625369,0.6916582519206792,yes,yes,home_yes,2026-06-10 23:29:09.343250+00:00,0.64,1.52,0.024599999999999955,0.05392054291943241,0.5226000000000001,,,,,early_june
1,True,823858,2026-06-09,1,55,3,2026-06-10 00:36:03.379000+00:00,2026-06-10 00:36:04.724013+00:00,2026-06-10 00:36:45.528000+00:00,0.84,1.6582280766035322,0.8885687831060832,0.7534367632765704,0.9591779562148977,0.0,0.9319734357868014,-0.0919734357868014,0.026761,1.345013,6.0,1.0,1.0,2.0,0.0,0.0,0.0,1.0,1.0,0.0,0.0,1.0,-1.0,-1.0,-1.0,0.0,1.0,0.0,0.0,0.0,0.0,0.89,4.909061,0.4325130203302372,0.8682715494678124,yes,yes,home_yes,2026-06-10 00:36:06.331580+00:00,0.84,2.35,0.022199999999999998,0.04423814124935917,0.3538000000000001,,,,,early_june
1,True,823938,2026-06-15,1,26,4,2026-06-16 03:05:03.894000+00:00,2026-06-16 03:05:05.213165+00:00,2026-06-16 03:07:41.241000+00:00,0.6,0.4054651081081642,0.44340047572525687,0.5576277668683757,-0.45891259555485253,-0.08408311721054157,0.5076583084801065,0.09234169151989347,2.763951,1.319165,4.0,0.0,0.0,0.0,0.0,0.0,0.0,0.0,0.0,1.0,-2.0,0.0,0.0,-2.0,0.0,0.0,0.0,4.0,81.98,0.8048304464503537,0.0,0.6,3.649325,0.0,0.5750304144123501,no,away_yes,away_yes,2026-06-16 03:05:05.324096+00:00,0.4,4.79,0.0804999999999998,0.039104314964842915,-1.9965,,,,,early_june
1,True,823941,2026-06-07,0,13,3,2026-06-07 20:43:15.840000+00:00,2026-06-07 20:43:16.925903+00:00,2026-06-07 20:46:14.503000+00:00,0.44,-0.2411620568168881,0.29378999415863116,0.5053125282915936,-0.8982983583172341,-0.1611193491433516,0.2732210764154085,0.1667789235845915,0.217566,1.085903,2.0,0.0,1.0,-2.0,0.0,0.0,1.0,0.0,1.0,0.0,0.0,-2.0,0.0,-2.0,0.0,-1.0,0.0,17.0,1356.51,0.9705125653330975,0.010910139406465534,0.4,4.857381,-0.16430305129127618,0.39663585355279574,no,away_yes,away_yes,2026-06-07 20:43:19.596274+00:00,0.58,3.34,0.05700000000000016,0.021036249133662213,1.3457999999999999,,,,,early_june
1,True,823941,2026-06-07,0,31,3,2026-06-07 21:24:29.396000+00:00,2026-06-07 21:24:31.861572+00:00,2026-06-07 21:25:06.910000+00:00,0.3,-0.8472978603872036,0.14137511168033834,0.3464626598443673,-1.169290796942011,-0.09352605801082348,0.12752043578045658,0.1724795642195434,0.525879,2.465572,4.0,0.0,1.0,-3.0,0.0,0.0,1.0,0.0,0.0,0.0,0.0,-2.0,0.0,-2.0,1.0,-1.0,-1.0,3.0,911.52,1.0,0.0,0.31,4.801134,0.047178560275090486,0.26398168735027133,no,away_yes,away_yes,2026-06-07 21:24:31.929158+00:00,0.7,2.79,0.041100000000000136,0.05939109229274282,0.7959,,,,,early_june
1,True,824019,2026-06-13,1,47,3,2026-06-14 03:43:37.684000+00:00,2026-06-14 03:43:38.754317+00:00,2026-06-14 03:44:10.663000+00:00,0.75,1.0986122886681098,0.8125763590285213,0.7668986694244292,0.27595695025683686,-0.054067221270275745,0.8066887715612602,-0.056688771561260176,4.507355,1.070317,6.0,1.0,1.0,1.0,2.0,1.0,0.0,1.0,1.0,0.0,0.0,0.0,1.0,0.0,-1.0,0.0,1.0,0.0,0.0,0.0,0.0,0.77,3.924593,0.10969891725642444,0.7739381669764466,yes,yes,home_yes,2026-06-14 03:43:39.955017+00:00,0.75,2.62,0.034399999999999986,0.028317997478290044,0.6206,,,,,early_june
1,True,824020,2026-06-12,1,29,3,2026-06-13 02:29:30.318000+00:00,2026-06-13 02:29:31.693582+00:00,2026-06-13 02:30:01.949000+00:00,0.82,1.5163474893680882,0.9112730534413223,0.8283703301744514,0.7551577043061772,0.0,0.9064894555835411,-0.08648945558354115,1.455503,1.375582,3.0,1.0,2.0,4.0,0.0,0.0,1.0,0.0,0.0,0.0,0.0,1.0,0.0,-2.0,1.0,-1.0,0.0,1.0,47.98,-1.0,0.0,0.84,4.856501,0.14188058723544406,0.8553787400548336,yes,yes,home_yes,2026-06-13 02:29:32.692127+00:00,0.83,1.0,0.00990000000000002,0.015478740054833628,0.16010000000000002,,,,,early_june
1,True,824022,2026-06-10,1,65,9,2026-06-11 04:00:44.541000+00:00,2026-06-11 04:00:46.081451+00:00,2026-06-11 04:02:08.373000+00:00,0.67,0.708185057924486,0.007842105411147826,0.005713819171777157,0.3187624998092389,-0.23627655091636524,0.7795806208033629,-0.10958062080336284,0.046266,1.540451,10.0,0.0,2.0,0.0,0.0,0.0,0.0,0.0,1.0,0.0,1.0,0.0,-3.0,-2.0,0.0,0.0,0.0,20.0,4723.280000000001,0.5719076573906268,0.014628738838327776,0.67,4.810676,0.0,0.7113535151789634,yes,yes,home_yes,2026-06-11 04:00:46.941637+00:00,0.68,1.0,0.01529999999999998,0.016053515178963362,0.30469999999999997,,,,,early_june
1,True,824025,2026-06-08,0,15,5,2026-06-09 02:04:05.500000+00:00,2026-06-09 02:04:08.210150+00:00,2026-06-09 02:04:53.870000+00:00,0.72,0.9444616088408513,0.6044481422867553,0.46602804172682016,0.560131499550167,0.04907756178600997,0.8108458309257022,-0.0908458309257022,3.070726,2.71015,2.0,1.0,1.0,1.0,0.0,0.0,1.0,1.0,0.0,0.0,0.0,1.0,-2.0,-2.0,0.0,0.0,0.0,0.0,0.0,0.0,0.0,0.7,4.722555,-0.09716374845364784,0.7531803810508909,yes,yes,home_yes,2026-06-09 02:04:10.924389+00:00,0.72,1.35,0.019100000000000006,0.025693514418702768,-0.9911,,,,,early_june
1,True,824027,2026-06-01,0,46,4,2026-06-02 03:11:16.992000+00:00,2026-06-02 03:11:18.667290+00:00,2026-06-02 03:11:53.735000+00:00,0.8,1.3862943611198908,0.7361816787689027,0.8402214951309619,-0.6336607848512632,0.287682072451781,0.6141881511332707,0.1858118488667293,1.53674,1.67529,5.0,0.0,2.0,2.0,0.0,0.0,1.0,0.0,1.0,0.0,0.0,-1.0,-2.0,-1.0,0.0,-1.0,1.0,0.0,0.0,0.0,0.0,0.8,3.941929,0.0,0.7657416157813868,no,away_yes,away_yes,2026-06-02 03:11:18.667298+00:00,0.19,5.0,0.05390000000000006,0.16739192109306605,0.47120000000000006,profitable_reversal,2026-06-02 04:06:13.316148+00:00,0.31,0.07489999999999997,early_june
1,True,824027,2026-06-01,0,71,2,2026-06-02 04:06:07.766000+00:00,2026-06-02 04:06:10.744893+00:00,2026-06-02 04:07:36.302000+00:00,0.73,0.9946225751440619,0.6867935824995522,0.675708812841443,0.051050935878518056,-0.2136886307804723,0.7789162845008032,-0.04891628450080321,0.812304,2.978893,8.0,0.0,0.0,2.0,0.0,2.0,1.0,1.0,0.0,0.0,0.0,0.0,0.0,1.0,0.0,0.0,0.0,0.0,0.0,0.0,0.0,0.73,3.318882,0.0,0.75237795071667,yes,yes,home_yes,2026-06-02 04:06:14.063775+00:00,0.73,2.68,0.03699999999999992,0.02297290792067578,-1.9934,,,,,early_june
1,True,824100,2026-06-13,0,13,8,2026-06-13 23:42:35.196000+00:00,2026-06-13 23:42:38.183585+00:00,2026-06-13 23:43:47.529000+00:00,0.68,0.7537718023763803,0.571993992548945,0.4413480777484744,0.5256840010119622,-0.24085077276768163,0.8205836210535266,-0.1405836210535265,1.113286,2.987585,2.0,1.0,2.0,1.0,0.0,0.0,1.0,0.0,0.0,0.0,0.0,1.0,-3.0,-2.0,1.0,0.0,-1.0,0.0,0.0,0.0,0.0,0.68,3.734919,0.0,0.7318971901492624,yes,yes,home_yes,2026-06-13 23:42:38.789586+00:00,0.68,2.87,0.04379999999999984,0.10514493572838299,-1.9954,,,,,early_june
1,True,824101,2026-06-11,0,34,6,2026-06-11 21:39:39.712000+00:00,2026-06-11 21:39:41.296593+00:00,2026-06-11 21:40:11.170000+00:00,0.41,-0.3639653772014119,0.2674445880984305,0.17475163007958583,0.5446920982443901,0.12558284811729387,0.5137824758753645,-0.10378247587536454,2.759393,1.584593,4.0,1.0,2.0,-1.0,0.0,0.0,1.0,0.0,0.0,0.0,0.0,1.0,-2.0,-2.0,1.0,0.0,-1.0,7.0,3731.4700000000003,-1.0,0.004948716593053912,0.41,4.529752,0.0,0.4358085729187306,yes,yes,home_yes,2026-06-11 21:39:43.328212+00:00,0.41,4.68,0.07930000000000015,0.041484121259659154,-1.9981,,,,,early_june
1,True,824103,2026-06-10,0,16,3,2026-06-11 00:05:13.457000+00:00,2026-06-11 00:05:16.112612+00:00,2026-06-11 00:05:54.576000+00:00,0.63,0.5322168137473082,0.5412561180707784,0.3927485665145493,0.6011738211981847,0.25036566160632073,0.7074486774809217,-0.07744867748092166,2.741524,2.655612,2.0,1.0,2.0,1.0,0.0,0.0,1.0,0.0,0.0,0.0,0.0,1.0,0.0,-2.0,1.0,-1.0,0.0,0.0,0.0,0.0,0.0,0.62,4.483096,-0.04266858842860244,0.6551024312018603,yes,yes,home_yes,2026-06-11 00:05:20.595708+00:00,0.62,3.14,0.051799999999999846,0.05842163397384148,0.1855,profitable_reversal,2026-06-11 02:28:21.748556+00:00,0.71,0.04530000000000012,early_june
1,True,824103,2026-06-10,0,77,1,2026-06-11 02:28:13.511000+00:00,2026-06-11 02:28:17.328178+00:00,2026-06-11 02:31:27.844000+00:00,0.67,0.708185057924486,0.21719063028062086,0.3089268552097491,-0.47697261913333633,-0.0919342421876268,0.580090930414631,0.08990906958536904,0.906738,3.817178,8.0,1.0,1.0,0.0,0.0,1.0,0.0,0.0,0.0,0.0,1.0,0.0,0.0,1.0,-1.0,0.0,0.0,0.0,0.0,0.0,0.0,0.72,4.75282,0.23627655091636524,0.639980182805324,no,away_yes,away_yes,2026-06-11 02:28:21.800992+00:00,0.28,5.48,0.07739999999999969,0.3611085982268248,3.8682000000000007,,,,,early_june
1,True,824105,2026-06-09,1,48,7,2026-06-10 01:21:08.396000+00:00,2026-06-10 01:21:13.022599+00:00,2026-06-10 01:21:54.785000+00:00,0.77,1.2083112059245342,0.7008896919903032,0.44498427456948686,1.0724955920724433,0.3610133455373308,0.8721153991774576,-0.1021153991774576,0.300087,4.626599,6.0,1.0,1.0,1.0,0.0,0.0,0.0,1.0,0.0,0.0,0.0,1.0,-2.0,-2.0,0.0,1.0,-1.0,0.0,0.0,0.0,0.0,0.78,4.030049,0.05735516740674185,0.7905674900665453,yes,yes,home_yes,2026-06-10 01:21:17.052648+00:00,0.77,2.55,0.031700000000000284,0.020747099669690065,0.5547999999999997,,,,,early_june
1,True,824181,2026-06-15,0,15,2,2026-06-16 00:42:59.249000+00:00,2026-06-16 00:43:01.314551+00:00,2026-06-16 00:43:22.740000+00:00,0.35,-0.6190392084062235,0.25596680080414713,0.36628984176747803,-0.5188711558643453,-0.043675063502661704,0.25082158293427026,0.09917841706572972,0.462654,2.065551,2.0,0.0,2.0,-2.0,0.0,0.0,0.0,0.0,0.0,0.0,0.0,-1.0,-1.0,0.0,0.0,0.0,0.0,0.0,0.0,0.0,0.0,0.35,4.629426,0.0,0.31641728243994877,no,away_yes,away_yes,2026-06-16 00:43:01.831341+00:00,0.66,2.95,0.046399999999999775,0.023169016802151443,0.9566000000000001,,,,,early_june
1,True,824181,2026-06-15,0,24,2,2026-06-16 01:05:52.724000+00:00,2026-06-16 01:05:53.972330+00:00,2026-06-16 01:06:20.532000+00:00,0.17,-1.5856272637403817,0.08830075879412147,0.2367450146561657,-1.1639529664688424,0.0,0.06011036157366026,0.10988963842633975,0.220834,1.24833,3.0,0.0,2.0,-4.0,0.0,0.0,0.0,0.0,0.0,0.0,0.0,-2.0,0.0,-1.0,-1.0,0.0,0.0,1.0,34.0,1.0,0.0,0.16,4.593879,-0.07260081286315057,0.14471287875246788,no,away_yes,away_yes,2026-06-16 01:05:56.968696+00:00,0.83,2.38,0.023600000000000287,0.03658334856912631,0.3809999999999998,,,,,early_june
1,True,824182,2026-06-16,1,57,2,2026-06-17 02:12:26.997000+00:00,2026-06-17 02:12:29.705218+00:00,2026-06-17 02:12:57.413000+00:00,0.6,0.4054651081081642,0.30512191832524294,0.3185605886066028,-0.06263032479491659,-0.30271994981632183,0.6560080339455627,-0.05600803394556275,2.64121,2.708218,7.0,1.0,2.0,0.0,0.0,2.0,0.0,0.0,1.0,0.0,0.0,0.0,0.0,1.0,0.0,0.0,0.0,0.0,0.0,0.0,0.0,0.6,4.019825,0.0,0.6209870641786345,yes,yes,home_yes,2026-06-17 02:12:30.524290+00:00,0.6,3.24,0.05449999999999999,0.013498087938775771,1.2415000000000003,,,,,early_june
1,True,824188,2026-06-03,1,32,5,2026-06-04 01:26:21.069000+00:00,2026-06-04 01:26:22.300631+00:00,2026-06-04 01:26:53.361000+00:00,0.25,-1.0986122886681098,0.1913027504803153,0.6141732068369149,-1.9064558026101497,-0.05264373348542217,0.04962205464015057,0.20037794535984943,2.340719,1.231631,4.0,0.0,2.0,-2.0,0.0,0.0,0.0,0.0,0.0,0.0,0.0,-4.0,-3.0,-1.0,-1.0,-1.0,-1.0,1.0,731.34,1.0,0.0,0.26,4.716328,0.05264373348542217,0.2196160923782831,no,away_yes,away_yes,2026-06-04 01:26:25.469963+00:00,0.75,2.62,0.034399999999999986,0.045205837968898405,-1.9994,,,,,early_june
1,True,824189,2026-06-02,0,31,1,2026-06-03 01:09:48.708000+00:00,2026-06-03 01:09:50.320772+00:00,2026-06-03 01:10:22.637000+00:00,0.65,0.6190392084062236,0.6319348941171821,0.5038723183508962,0.5250369494285958,0.12949098308751783,0.7339165160363964,-0.08391651603639638,2.439581,1.612772,4.0,0.0,2.0,1.0,0.0,0.0,0.0,0.0,0.0,0.0,2.0,0.0,0.0,0.0,-1.0,0.0,0.0,0.0,0.0,0.0,0.0,0.65,4.743845,0.0,0.6774875086456984,yes,yes,home_yes,2026-06-03 01:09:53.777576+00:00,0.65,3.0,0.04779999999999984,0.03466252593709529,-1.9978,,,,,early_june
1,True,824266,2026-06-10,0,46,6,2026-06-11 01:35:01.564000+00:00,2026-06-11 01:35:02.707562+00:00,2026-06-11 01:37:41.408000+00:00,0.36,-0.5753641449035618,0.21566674100479266,0.31049537336856065,-0.49329524809982017,-0.04314733115625358,0.2639551092345641,0.09604489076543588,0.033715,1.143562,6.0,0.0,0.0,-1.0,0.0,0.0,0.0,0.0,0.0,1.0,-2.0,0.0,-3.0,-2.0,-1.0,0.0,-1.0,1.0,20.0,1.0,0.0,0.35,4.91288,-0.043675063502661704,0.3296085357335411,no,away_yes,away_yes,2026-06-11 01:35:05.563468+00:00,0.65,3.0,0.04779999999999984,0.0133743927993768,1.0022,,,,,early_june
1,True,824266,2026-06-10,0,58,3,2026-06-11 02:09:41.426000+00:00,2026-06-11 02:09:42.730465+00:00,2026-06-11 02:10:16.387000+00:00,0.24,-1.1526795099383855,0.08679867966382282,0.15988599703119644,-0.6942883924531698,0.0,0.13622929320745536,0.10377070679254463,0.010875,1.304465,7.0,0.0,2.0,-2.0,0.0,0.0,1.0,1.0,0.0,0.0,0.0,-1.0,0.0,-2.0,0.0,1.0,-1.0,0.0,0.0,0.0,0.0,0.24,3.558138,0.0,0.20856889735780337,no,away_yes,away_yes,2026-06-11 02:09:43.957296+00:00,0.77,2.55,0.031700000000000284,0.022949311737601064,0.5547999999999997,,,,,early_june
1,True,824267,2026-06-09,1,41,1,2026-06-10 01:53:56.479000+00:00,2026-06-10 01:53:57.542631+00:00,2026-06-10 01:55:03.978000+00:00,0.42,-0.3227733922630512,0.2581201035811823,0.4106531398892497,-0.6944963804016661,-0.0409222401220633,0.27361711389726934,0.14638288610273065,0.335804,1.063631,5.0,0.0,1.0,-1.0,0.0,0.0,0.0,0.0,0.0,0.0,0.0,-1.0,0.0,0.0,0.0,0.0,0.0,3.0,9.0,-1.0,0.009428090415820616,0.42,4.218145,0.0,0.38814138386871133,no,away_yes,away_yes,2026-06-10 01:54:00.644905+00:00,0.59,3.29,0.05580000000000007,0.016114847071939747,-1.9969,,,,,early_june
1,True,824268,2026-06-07,1,44,6,2026-06-07 19:17:01.942000+00:00,2026-06-07 19:17:02.945047+00:00,2026-06-07 19:19:58.378000+00:00,0.22,-1.2656663733312759,0.0852269577061644,0.15650358112021934,-0.6888814403548751,0.3199608904091058,0.09325625853109018,0.12674374146890982,0.506436,1.003047,6.0,0.0,2.0,-2.0,0.0,0.0,1.0,1.0,1.0,0.0,0.0,-1.0,-2.0,-2.0,0.0,0.0,0.0,8.0,107.0,0.5700934579439252,0.004841229182759262,0.2,4.929209,-0.12062798778861472,0.1669307961964716,no,away_yes,away_yes,2026-06-07 19:17:06.568051+00:00,0.67,2.91,0.045099999999999696,0.42943138306826767,-1.9948,,,,,early_june
1,True,824271,2026-06-05,1,25,2,2026-06-05 23:33:40.651000+00:00,2026-06-05 23:33:42.046089+00:00,2026-06-05 23:34:09.152000+00:00,0.74,1.0459685551826876,0.6907672733192416,0.41368625850615887,1.1524560004250595,0.1505845081278463,0.8857291855296671,-0.14572918552966707,0.238226,1.395089,3.0,1.0,2.0,2.0,0.0,0.0,0.0,0.0,0.0,0.0,0.0,2.0,0.0,-1.0,-1.0,0.0,0.0,6.0,376.98,0.8091145418855111,0.007453559924999306,0.75,4.62778,0.05264373348542217,0.7768542803114993,yes,yes,home_yes,2026-06-05 23:33:42.246286+00:00,0.75,2.62,0.034399999999999986,0.035958214416128134,0.6206,,,,,early_june
1,True,824347,2026-06-09,1,14,3,2026-06-10 01:10:25.264000+00:00,2026-06-10 01:10:27.030610+00:00,2026-06-10 01:10:53.752000+00:00,0.75,1.0986122886681098,0.8126812279359099,0.7306348732006819,0.4696810725253845,0.0,0.8275401772931053,-0.07754017729310525,1.664364,1.76661,2.0,1.0,0.0,3.0,0.0,0.0,0.0,0.0,0.0,0.0,0.0,1.0,-2.0,0.0,0.0,0.0,0.0,0.0,0.0,0.0,0.0,0.76,4.550682,0.054067221270275745,0.7815915700774155,yes,yes,home_yes,2026-06-10 01:10:31.581292+00:00,0.76,2.58,0.03299999999999992,0.022706250799732132,0.5862,,,,,early_june
1,True,824347,2026-06-09,1,51,3,2026-06-10 02:28:59.019000+00:00,2026-06-10 02:29:00.140576+00:00,2026-06-10 02:29:46.413000+00:00,0.81,1.4500101755059986,0.9010181079668733,0.818768356219004,0.7005632367978121,0.18434380217472257,0.8772055592536575,-0.06720555925365745,0.95168,1.121576,6.0,0.0,1.0,4.0,0.0,0.0,0.0,1.0,0.0,0.0,1.0,-1.0,-1.0,-1.0,0.0,0.0,-1.0,13.0,848.1,-0.8598514326140787,0.021838568563966734,0.82,4.066573,0.06633731386208952,0.8309614194635301,yes,yes,home_yes,2026-06-10 02:29:00.377132+00:00,0.81,2.43,0.02619999999999978,0.024736249296378195,0.4355000000000002,,,,,early_june
1,True,824349,2026-06-07,0,19,4,2026-06-07 19:51:56.828000+00:00,2026-06-07 19:51:58.669475+00:00,2026-06-07 19:52:29.730000+00:00,0.42,-0.3227733922630512,0.3151549862971096,0.2830617228371842,0.15319675880401185,-0.20262908042098784,0.5082623595598125,-0.08826235955981249,3.644397,1.841475,3.0,0.0,2.0,1.0,0.0,0.0,0.0,1.0,0.0,0.0,1.0,0.0,-1.0,-2.0,0.0,0.0,0.0,0.0,0.0,0.0,0.0,0.49,3.535598,0.2827680576493519,0.45636445092270433,yes,yes,home_yes,2026-06-07 19:52:00.772089+00:00,0.43,4.47,0.07669999999999999,0.0411490956244884,-1.9988,,,,,early_june
1,True,824350,2026-06-05,0,26,6,2026-06-06 01:42:17.460000+00:00,2026-06-06 01:42:18.608608+00:00,2026-06-06 01:42:43.646000+00:00,0.7,0.8472978603872034,0.5807069438038113,0.4464745438967557,0.5406014924800343,0.0,0.8002566750360816,-0.1002566750360816,0.211176,1.148608,3.0,1.0,1.0,2.0,0.0,0.0,0.0,0.0,0.0,0.0,0.0,1.0,-3.0,-2.0,0.0,0.0,0.0,0.0,0.0,0.0,0.0,0.7,3.83144,0.0,0.7351698686890807,yes,yes,home_yes,2026-06-06 01:42:22.440048+00:00,0.7,2.79,0.041100000000000136,0.05702393364253526,-1.9941,,,,,early_june
1,True,824427,2026-06-08,0,14,4,2026-06-08 23:13:32.460000+00:00,2026-06-08 23:13:35.254077+00:00,2026-06-08 23:14:06.993000+00:00,0.32,-0.7537718023763801,0.17647868978414724,0.2519314098757438,-0.4520514912132505,0.09352605801082348,0.21427454038271998,0.10572545961728003,0.873214,2.794077,2.0,1.0,2.0,-2.0,0.0,0.0,0.0,0.0,0.0,0.0,2.0,0.0,-1.0,-2.0,-1.0,0.0,0.0,0.0,0.0,0.0,0.0,0.3,3.745563,-0.09352605801082348,0.2689667827916171,no,away_yes,away_yes,2026-06-08 23:13:35.942861+00:00,0.68,1.0,0.01529999999999998,0.03573321720838285,0.30469999999999997,,,,,early_june
1,True,824427,2026-06-08,0,85,5,2026-06-09 02:16:32.346000+00:00,2026-06-09 02:16:33.394347+00:00,2026-06-09 02:18:03.283000+00:00,0.22,-1.2656663733312759,0.002162265950274364,0.0035794523680707487,-0.5054743629328948,0.39256170327225637,0.10305770641230841,0.11694229358769159,0.853475,1.048347,10.0,1.0,1.0,-2.0,0.0,0.0,1.0,1.0,0.0,0.0,1.0,0.0,-2.0,-2.0,0.0,0.0,0.0,2.0,52.66,1.0,0.009999999999999995,0.18,3.886583,-0.25068111603681276,0.1688713591826802,no,away_yes,away_yes,2026-06-09 02:16:34.075887+00:00,0.77,2.55,0.031700000000000284,0.124178034084165,0.5547999999999997,,,,,early_june
1,True,824428,2026-06-10,0,13,1,2026-06-10 17:30:31.711000+00:00,2026-06-10 17:30:33.188314+00:00,2026-06-10 17:31:23.911000+00:00,0.41,-0.3639653772014119,0.20389042797354562,0.35504134065146975,-0.7652021124288704,-0.08211422506042404,0.25979135625064587,0.1502086437493541,1.415498,1.477314,2.0,0.0,0.0,-1.0,0.0,0.0,0.0,0.0,1.0,0.0,0.0,-2.0,0.0,0.0,0.0,-1.0,0.0,1.0,2.28,1.0,0.0,0.4,3.216695,-0.04149973090675235,0.37740482360442584,no,away_yes,away_yes,2026-06-10 17:30:33.798692+00:00,0.59,3.29,0.05580000000000007,0.051438130341439015,1.2931000000000001,,,,,early_june
1,True,824429,2026-06-09,0,65,7,2026-06-10 01:03:19.472000+00:00,2026-06-10 01:03:20.960827+00:00,2026-06-10 01:03:46.597000+00:00,0.24,-1.1526795099383855,0.07601911705400033,0.2314102189768542,-1.29734112597493,0.0,0.0794370401326423,0.1605629598673577,0.184776,1.488827,8.0,0.0,0.0,-1.0,0.0,0.0,0.0,0.0,0.0,0.0,0.0,-1.0,-3.0,-2.0,0.0,0.0,0.0,1.0,18.0,-1.0,0.0,0.25,4.872927,0.054067221270275745,0.21482140191055749,no,away_yes,away_yes,2026-06-10 01:03:21.348051+00:00,0.76,1.29,0.01649999999999996,0.015980391535380944,0.2931,,,,,early_june
1,True,824429,2026-06-09,0,74,5,2026-06-10 01:27:44.686000+00:00,2026-06-10 01:27:45.717804+00:00,2026-06-10 01:30:34.607000+00:00,0.2,-1.3862943611198906,0.0014415726422634112,0.11378916861392813,-4.487970492975251,-0.34032580593720296,0.003934853359808636,0.19606514664019137,0.162286,1.031804,9.0,0.0,0.0,-1.0,0.0,0.0,0.0,0.0,0.0,1.0,-2.0,0.0,-3.0,-1.0,-1.0,-1.0,0.0,3.0,42.89,1.0,0.01699673171197595,0.15,4.970894,-0.3483066942682158,0.17929752109330807,no,away_yes,away_yes,2026-06-10 01:27:45.717813+00:00,0.79,2.49,0.028999999999999693,0.04744917247766306,0.4939000000000002,,,,,early_june
1,True,824506,2026-06-14,0,65,6,2026-06-14 19:58:23.497000+00:00,2026-06-14 19:58:27.224738+00:00,2026-06-14 19:59:12.482000+00:00,0.39,-0.4473122180436648,0.15774374319687273,0.1026561724917201,0.4929413507039915,0.17172699036255873,0.4685172409361155,-0.0785172409361155,2.694906,3.727738,8.0,1.0,1.0,-1.0,0.0,0.0,1.0,1.0,0.0,0.0,0.0,0.0,-2.0,-2.0,0.0,1.0,0.0,0.0,0.0,0.0,0.0,0.38,4.63415,-0.04223600727504101,0.41533122922316557,yes,yes,home_yes,2026-06-14 19:58:31.496721+00:00,0.39,4.91,0.08179999999999987,0.042576335485742994,-1.9967,,,,,early_june
1,True,824507,2026-06-12,0,24,2,2026-06-13 00:15:39.538000+00:00,2026-06-13 00:15:43.926451+00:00,2026-06-13 00:16:26.643000+00:00,0.37,-0.5322168137473082,0.30337585051603144,0.29117016603377255,0.058434072525548886,-0.20944342148425704,0.4342973080651209,-0.0642973080651209,0.427135,4.388451,3.0,0.0,1.0,0.0,0.0,0.0,0.0,1.0,1.0,0.0,1.0,-1.0,-1.0,0.0,-1.0,0.0,0.0,0.0,0.0,0.0,0.0,0.37,4.226479,0.0,0.3915006068842311,yes,yes,home_yes,2026-06-13 00:15:46.063658+00:00,0.37,5.17,0.08440000000000003,0.026758137591474815,0.7566000000000002,profitable_reversal,2026-06-13 02:33:34.356189+00:00,0.55,0.0895999999999999,early_june
1,True,824507,2026-06-12,0,78,7,2026-06-13 02:33:59.782000+00:00,2026-06-13 02:34:01.293441+00:00,2026-06-13 02:34:42.838000+00:00,0.17,-1.5856272637403817,0.0012047631863033592,0.007112939099757742,-1.781565379307752,-0.13561708823438323,0.03799461698805421,0.1320053830119458,1.746439,1.511441,9.0,0.0,2.0,-1.0,0.0,0.0,0.0,1.0,1.0,0.0,0.0,-1.0,-2.0,-2.0,-1.0,0.0,1.0,23.0,696.0199999999999,-0.3842705669377318,0.02311310236522089,0.17,4.909495,0.0,0.14690907526258076,no,away_yes,away_yes,2026-06-13 02:34:02.440565+00:00,0.82,2.4,0.024800000000000155,0.054618219369806056,0.4072,,,,,early_june
1,True,824509,2026-06-03,0,37,6,2026-06-04 00:22:36.732000+00:00,2026-06-04 00:22:39.268715+00:00,2026-06-04 00:23:06.571000+00:00,0.33,-0.7081850579244856,0.14615635777806044,0.24643659335930382,-0.6473626645766501,-0.04489084051422165,0.2123769447565133,0.11762305524348671,1.745004,2.536715,5.0,1.0,2.0,-2.0,0.0,0.0,0.0,0.0,0.0,0.0,2.0,0.0,-3.0,-2.0,-1.0,0.0,0.0,0.0,0.0,0.0,0.0,0.26,4.719834,-0.337783497258202,0.27965580811260254,no,away_yes,away_yes,2026-06-04 00:22:40.620450+00:00,0.69,2.83,0.042400000000000215,0.04347406304133458,0.8349,,,,,early_june
1,True,824511,2026-06-02,1,73,3,2026-06-03 01:45:54.503000+00:00,2026-06-03 01:45:55.678883+00:00,2026-06-03 01:46:23.120000+00:00,0.56,0.24116205681688824,0.004637914707614654,0.0038970093110701765,0.1747995138795675,-0.12280332038452324,0.6315250531757031,-0.07152505317570301,0.131154,1.175883,10.0,0.0,1.0,0.0,0.0,0.0,0.0,0.0,1.0,0.0,1.0,0.0,-1.0,-1.0,0.0,-1.0,1.0,7.0,525.39,-1.0,0.012777531299998809,0.52,4.314012,-0.1611193491433517,0.5810598086899921,yes,yes,home_yes,2026-06-03 01:45:57.333009+00:00,0.56,3.46,0.059699999999999864,0.013166938067372527,1.4627,,,,,early_june
1,True,824586,2026-06-14,1,70,9,2026-06-14 20:39:32.089000+00:00,2026-06-14 20:39:33.527778+00:00,2026-06-14 20:40:25.148000+00:00,0.9,2.1972245773362196,0.8679795703135207,0.9346859962603558,-0.7777926774331874,0.5389965007326873,0.7069124383734137,0.19308756162658636,0.886023,1.438778,9.0,0.0,1.0,2.0,0.0,0.0,0.0,1.0,0.0,0.0,0.0,-1.0,-3.0,-2.0,-1.0,1.0,0.0,0.0,0.0,0.0,0.0,0.87,4.855882,-0.2962658161431726,0.869509601880666,no,away_yes,away_yes,2026-06-14 20:39:36.726588+00:00,0.1,18.81,0.11860000000000004,0.4549243886246733,-1.9996,,,,,early_june
1,True,824591,2026-06-09,1,40,6,2026-06-10 00:57:45.278000+00:00,2026-06-10 00:57:48.018553+00:00,2026-06-10 01:00:32.847000+00:00,0.41,-0.3639653772014119,0.3408520242910024,0.30848320508995697,0.1477204187519855,-0.2839226695278754,0.5169129727602473,-0.1069129727602473,1.195557,2.740553,4.0,1.0,2.0,-1.0,0.0,0.0,1.0,1.0,1.0,0.0,0.0,0.0,-3.0,-2.0,0.0,0.0,1.0,0.0,0.0,0.0,0.0,0.4,4.75997,-0.04149973090675235,0.4301482245752507,yes,yes,home_yes,2026-06-10 00:57:50.818601+00:00,0.4,4.79,0.0804999999999998,0.06390999571545097,2.7935,,,,,early_june
1,True,824591,2026-06-09,1,70,1,2026-06-10 02:13:59.304000+00:00,2026-06-10 02:14:00.417579+00:00,2026-06-10 02:14:51.296000+00:00,0.44,-0.2411620568168881,0.3213279837936711,0.24396740553769447,0.38337424357187355,-0.040491361354736854,0.5455492523996606,-0.10554925239966056,1.38507,1.113579,8.0,0.0,2.0,0.0,1.0,0.0,0.0,0.0,0.0,0.0,1.0,0.0,1.0,0.0,-1.0,0.0,0.0,2.0,51.0,-0.9607843137254902,0.0050000000000000044,0.44,4.852528,0.0,0.4738659670308252,yes,yes,home_yes,2026-06-10 02:14:01.122277+00:00,0.44,4.37,0.07539999999999991,0.0725942759247061,2.3718000000000004,,,,,early_june
1,True,824666,2026-06-15,1,52,1,2026-06-16 01:53:19.425000+00:00,2026-06-16 01:53:23.341565+00:00,2026-06-16 01:56:06.730000+00:00,0.78,1.265666373331276,0.710025007448058,0.3855358759376858,1.3616217974031606,0.0,0.9325972847854279,-0.1525972847854279,0.905866,3.916565,6.0,1.0,2.0,1.0,0.0,0.0,0.0,0.0,1.0,0.0,0.0,1.0,0.0,0.0,-1.0,0.0,1.0,0.0,0.0,0.0,0.0,0.79,4.355327,0.05925904141232263,0.8155731916221415,yes,yes,home_yes,2026-06-16 01:53:27.350619+00:00,0.79,2.49,0.028999999999999693,0.034677247139132505,0.4939000000000002,,,,,early_june
1,True,824667,2026-06-16,0,26,1,2026-06-17 00:57:01.783000+00:00,2026-06-17 00:57:04.743541+00:00,2026-06-17 00:57:41.379000+00:00,0.69,0.8001193001121129,0.4964349069069188,0.6746167427889171,-0.7434016146878138,-0.0471785602750906,0.5259507220193729,0.16404927798062707,2.009255,2.960541,4.0,0.0,0.0,1.0,0.0,0.0,0.0,1.0,0.0,0.0,0.0,-1.0,0.0,0.0,-1.0,1.0,0.0,0.0,0.0,0.0,0.0,0.68,4.130904,-0.046347497735732546,0.666855898487391,no,away_yes,away_yes,2026-06-17 00:57:05.332516+00:00,0.31,6.15,0.09209999999999985,0.0502362243025454,4.151400000000001,,,,,early_june
1,True,824669,2026-06-06,1,38,4,2026-06-06 19:45:36.898000+00:00,2026-06-06 19:45:38.250863+00:00,2026-06-06 19:46:29.079000+00:00,0.38,-0.4895482253187058,0.19728030230581783,0.3531219862130336,-0.7980358441589762,0.0,0.2162620128383246,0.1637379871616754,1.729481,1.352863,6.0,0.0,1.0,-1.0,0.0,0.0,0.0,0.0,0.0,0.0,0.0,-1.0,-1.0,-2.0,0.0,0.0,0.0,1.0,2.52,1.0,0.0,0.39,4.500356,0.04223600727504101,0.3483981372763172,no,away_yes,away_yes,2026-06-06 19:45:39.940505+00:00,0.62,3.14,0.051799999999999846,0.0474298489523642,-1.9986,,,,,early_june
1,True,824669,2026-06-06,1,67,2,2026-06-06 20:54:14.725000+00:00,2026-06-06 20:54:17.763960+00:00,2026-06-06 20:56:34.932000+00:00,0.33,-0.7081850579244856,0.003821294065414982,0.005938512457443368,-0.4429971498215437,0.1871989891303557,0.20777639618943106,0.12222360381056896,0.736759,3.03896,9.0,0.0,1.0,0.0,0.0,0.0,1.0,0.0,1.0,0.0,0.0,0.0,-1.0,0.0,0.0,0.0,1.0,0.0,0.0,0.0,0.0,0.37,3.654493,0.17596824417717738,0.29798512769324775,no,away_yes,away_yes,2026-06-06 20:54:17.772880+00:00,0.59,3.29,0.05580000000000007,0.31272892988921513,-1.9969,,,,,early_june
1,True,824670,2026-06-07,0,25,8,2026-06-08 01:30:37.016000+00:00,2026-06-08 01:30:38.161729+00:00,2026-06-08 01:32:01.265000+00:00,0.56,0.24116205681688824,0.5322155254541397,0.37996447375078723,0.618739883545575,0.04049136135473683,0.6941112080688668,-0.13411120806886678,0.364087,1.145729,3.0,1.0,2.0,0.0,0.0,0.0,1.0,0.0,1.0,0.0,0.0,1.0,-2.0,-2.0,0.0,-1.0,1.0,8.0,460.0,-1.0,0.013228756555322966,0.54,4.618432,-0.08081940674170876,0.6147477987608724,yes,yes,home_yes,2026-06-08 01:30:38.503128+00:00,0.56,3.46,0.059699999999999864,0.12972738371261838,0.19650000000000034,profitable_reversal,2026-06-08 02:52:45.216298+00:00,0.65,0.055199999999999694,early_june
1,True,824670,2026-06-07,0,61,1,2026-06-08 02:52:43.847000+00:00,2026-06-08 02:52:44.895128+00:00,2026-06-08 02:54:25.507000+00:00,0.79,1.3249254147435987,0.2733919385647174,0.5645281166481292,-1.2370407344324876,-0.19142207462448946,0.5693762574880572,0.22062374251194283,0.456448,1.048128,8.0,1.0,2.0,0.0,0.0,0.0,1.0,0.0,0.0,0.0,2.0,0.0,0.0,0.0,0.0,0.0,-1.0,15.0,504.69,-0.30036259882303984,0.017074997966487572,0.8,4.987249,0.06136894637629209,0.7632283306678387,no,away_yes,away_yes,2026-06-08 02:52:45.216720+00:00,0.19,1.0,0.010800000000000004,0.03597166933216131,0.20209999999999997,profitable_reversal,2026-06-08 03:08:55.754571+00:00,0.42,0.017100000000000004,early_june
1,True,824671,2026-06-03,0,25,2,2026-06-04 00:49:26.087000+00:00,2026-06-04 00:49:31.386848+00:00,2026-06-04 00:49:52.167000+00:00,0.71,0.8953840470548413,0.63839384039662,0.3906435266665287,1.0130077258360226,-0.04907756178600997,0.8762588153310013,-0.1662588153310013,1.978255,5.299848,3.0,1.0,1.0,1.0,0.0,0.0,0.0,0.0,0.0,0.0,0.0,2.0,0.0,-1.0,0.0,-1.0,0.0,0.0,0.0,0.0,0.0,0.71,3.147723,0.0,0.7418498577899826,yes,yes,home_yes,2026-06-04 00:49:32.230239+00:00,0.71,2.76,0.03980000000000028,0.04810560750035174,-1.9994,,,,,early_june
1,True,824754,2026-06-02,0,53,2,2026-06-03 00:44:40.909000+00:00,2026-06-03 00:44:42.942965+00:00,2026-06-03 00:45:19.211000+00:00,0.2,-1.3862943611198906,0.07404879950083831,0.14282896459521466,-0.7341075948217313,0.0,0.10712961617845344,0.09287038382154657,1.787637,2.033965,7.0,1.0,2.0,-2.0,0.0,0.0,0.0,0.0,0.0,0.0,2.0,0.0,0.0,-1.0,-1.0,0.0,0.0,0.0,0.0,0.0,0.0,0.15,4.429914,-0.3483066942682158,0.16747876557046165,no,away_yes,away_yes,2026-06-03 00:44:43.566428+00:00,0.81,2.43,0.02619999999999978,0.028526599663778143,0.4355000000000002,,,,,early_june
1,True,824823,2026-06-14,0,17,4,2026-06-14 18:09:20.737000+00:00,2026-06-14 18:09:24.429614+00:00,2026-06-14 18:10:12.654000+00:00,0.36,-0.5753641449035618,0.2419086778933969,0.30500436910292816,-0.3186641076050838,-0.08581591958485602,0.3082715674851273,0.05172843251487269,4.457462,3.692614,2.0,1.0,2.0,-2.0,0.0,0.0,1.0,0.0,0.0,0.0,1.0,0.0,-3.0,0.0,0.0,0.0,0.0,0.0,0.0,0.0,0.0,0.37,3.071504,0.04314733115625358,0.33932772234424924,no,away_yes,away_yes,2026-06-14 18:09:25.195428+00:00,0.64,3.04,0.04909999999999992,0.013743724073482358,1.0453000000000001,,,,,early_june
1,True,824827,2026-06-11,1,24,4,2026-06-12 00:09:32.254000+00:00,2026-06-12 00:09:33.305204+00:00,2026-06-12 00:10:36.749000+00:00,0.8,1.3862943611198908,0.8556490128131568,0.697909003970703,0.9422520712531159,-0.06371581438610785,0.9162353548775494,-0.11623535487754932,0.938106,1.051204,3.0,1.0,1.0,3.0,0.0,0.0,0.0,1.0,0.0,0.0,0.0,2.0,-1.0,-2.0,0.0,0.0,-1.0,8.0,137.92,0.3283062645011601,0.0033071891388307415,0.86,4.734209,0.42899560551835814,0.8398262945186526,yes,yes,home_yes,2026-06-12 00:09:33.471078+00:00,0.81,2.43,0.02619999999999978,0.04627789568032603,0.4355000000000002,,,,,early_june
1,True,824830,2026-06-09,0,30,6,2026-06-09 23:47:20.537000+00:00,2026-06-09 23:47:22.024461+00:00,2026-06-09 23:48:06.925000+00:00,0.28,-0.9444616088408512,0.2022102374348831,0.5477186275130177,-1.5639943817447186,0.10150694634183643,0.06849996859677093,0.2115000314032291,0.156946,1.487461,4.0,0.0,2.0,-2.0,0.0,0.0,0.0,0.0,0.0,0.0,0.0,-3.0,-3.0,-2.0,-1.0,-1.0,0.0,3.0,69.0,1.0,0.0,0.28,4.38232,0.0,0.23383837966827278,no,away_yes,away_yes,2026-06-09 23:47:23.147431+00:00,0.71,2.76,0.03980000000000028,0.11520607211556685,0.3508999999999993,profitable_reversal,2026-06-10 01:19:41.317540+00:00,0.86,0.02330000000000032,early_june
1,True,824830,2026-06-09,0,73,8,2026-06-10 01:19:59.655000+00:00,2026-06-10 01:20:01.053293+00:00,2026-06-10 01:21:24.909000+00:00,0.64,0.5753641449035619,0.006032296282551573,0.0028772180462516735,0.7434730756990975,0.04314733115625369,0.7817152071309147,-0.14171520713091468,0.854305,1.398293,9.0,1.0,1.0,-1.0,0.0,0.0,0.0,1.0,1.0,0.0,0.0,0.0,-2.0,-2.0,-1.0,1.0,1.0,84.0,2147.0,1.0,0.03446443992070115,0.58,4.517842,-0.25259075264051106,0.6659940878407444,yes,yes,home_yes,2026-06-10 01:20:01.231781+00:00,0.64,3.04,0.04909999999999992,0.029922027035863108,-1.9947,,,,,early_june
1,True,824912,2026-06-16,0,39,3,2026-06-17 18:42:25.828000+00:00,2026-06-17 18:42:27.540926+00:00,2026-06-17 18:43:07.190000+00:00,0.31,-0.8001193001121131,0.17758187215910837,0.28753627646098645,-0.6254372176506158,-0.04634749773573299,0.20113606464378658,0.10886393535621341,0.393185,1.712926,5.0,0.0,2.0,-2.0,0.0,0.0,0.0,0.0,0.0,0.0,0.0,-1.0,-1.0,-1.0,0.0,0.0,0.0,0.0,0.0,0.0,0.0,0.32,3.984227,0.04634749773573299,0.2733606296769685,no,away_yes,away_yes,2026-06-17 18:42:29.306690+00:00,0.68,2.87,0.04379999999999984,0.09005499282710042,0.8746,,,,,early_june
1,True,824914,2026-06-05,1,28,6,2026-06-06 00:12:28.905000+00:00,2026-06-06 00:12:38.234543+00:00,2026-06-06 00:12:54.528000+00:00,0.59,0.3639653772014115,0.4771559296016796,0.25156316872436135,0.998852739504286,0.041191984938360626,0.7894521252490051,-0.19945212524900513,1.382539,9.329543,3.0,1.0,1.0,0.0,0.0,0.0,0.0,0.0,0.0,0.0,0.0,2.0,-1.0,-2.0,-1.0,0.0,0.0,0.0,0.0,0.0,0.0,0.59,3.609094,0.0,0.6233544675844731,yes,yes,home_yes,2026-06-06 00:12:41.843637+00:00,0.59,3.29,0.05580000000000007,0.05393619835291655,1.2931000000000001,,,,,early_june
1,True,824916,2026-06-07,1,57,8,2026-06-07 19:37:43.971000+00:00,2026-06-07 19:37:45.672244+00:00,2026-06-07 19:40:42.021000+00:00,0.72,0.9444616088408513,0.6026905134713171,0.6931205920892176,-0.39806085601627345,0.04907756178600997,0.6218300652612804,0.0981699347387196,1.739584,1.701244,8.0,0.0,1.0,1.0,0.0,0.0,1.0,1.0,0.0,0.0,0.0,0.0,-3.0,-2.0,0.0,1.0,0.0,1.0,1.32,1.0,0.0,0.73,4.929241,0.05016096630321065,0.6970065015614444,no,away_yes,away_yes,2026-06-07 19:37:46.420311+00:00,0.28,2.14,0.030199999999999894,0.01900608665850905,-0.6294,,,,,early_june
1,True,824917,2026-06-03,1,17,5,2026-06-03 23:48:21.932000+00:00,2026-06-03 23:48:24.892176+00:00,2026-06-03 23:49:09.560000+00:00,0.56,0.24116205681688824,0.5060212874056124,0.36038285207936605,0.5977891606554829,0.0,0.6982442843143687,-0.13824428431436864,0.076547,2.960176,2.0,1.0,2.0,0.0,0.0,0.0,0.0,1.0,0.0,0.0,0.0,1.0,-2.0,-2.0,0.0,0.0,0.0,0.0,0.0,0.0,0.0,0.57,4.337266,0.040689095324099256,0.6167168034283533,yes,yes,home_yes,2026-06-03 23:48:26.797626+00:00,0.57,3.4,0.05840000000000023,0.10043713165640125,1.4036,,,,,early_june
1,True,824918,2026-06-02,1,58,1,2026-06-03 01:13:33.718000+00:00,2026-06-03 01:13:35.347150+00:00,2026-06-03 01:14:05.552000+00:00,0.76,1.1526795099383855,0.8157956505856572,0.6140171765246842,1.0238881265540856,0.0,0.8981254530183495,-0.13812545301834944,2.456511,1.62915,8.0,0.0,2.0,1.0,0.0,0.0,0.0,0.0,0.0,0.0,2.0,0.0,0.0,0.0,-1.0,0.0,0.0,2.0,10.0,-1.0,0.0,0.87,4.184576,0.7482792512546614,0.8064272805042009,yes,yes,home_yes,2026-06-03 01:13:36.398411+00:00,0.76,2.58,0.03299999999999992,0.08678238370083831,0.5862,,,,,early_june
1,True,824919,2026-06-04,0,25,6,2026-06-05 00:05:39.761000+00:00,2026-06-05 00:05:40.812556+00:00,2026-06-05 00:06:41.831000+00:00,0.32,-0.7537718023763801,0.12366213527132819,0.2230089283817328,-0.7099815244313976,-0.04558674445189448,0.19494916654860972,0.1250508334513903,0.169937,1.051556,3.0,0.0,1.0,-3.0,0.0,0.0,1.0,1.0,0.0,0.0,0.0,-2.0,-3.0,-2.0,0.0,0.0,-1.0,19.0,1709.72,0.8915377956624477,0.008085416576703804,0.31,4.7687,-0.04634749773573299,0.27617936390541115,no,away_yes,away_yes,2026-06-05 00:05:41.020123+00:00,0.7,2.79,0.041100000000000136,0.025359574703903043,0.7959,,,,,early_june
1,True,824991,2026-06-16,0,59,4,2026-06-17 03:53:41.636000+00:00,2026-06-17 03:53:43.291937+00:00,2026-06-17 03:54:14.142000+00:00,0.72,0.9444616088408513,0.4895659358465996,0.3929443301119197,0.39321023522273574,-0.1541506798272585,0.816351665872621,-0.096351665872621,0.997816,1.655937,7.0,1.0,0.0,0.0,0.0,0.0,0.0,1.0,0.0,0.0,0.0,0.0,-2.0,-1.0,0.0,1.0,0.0,2.0,40.0,1.0,0.0,0.72,3.854468,0.0,0.7442823052272948,yes,yes,home_yes,2026-06-17 03:53:43.629777+00:00,0.72,1.31,0.01849999999999996,0.013309819847756227,-0.9617,,,,,early_june
1,True,824994,2026-06-14,0,33,3,2026-06-14 20:19:25.930000+00:00,2026-06-14 20:19:27.081879+00:00,2026-06-14 20:19:54.094000+00:00,0.25,-1.0986122886681098,0.12090518802873884,0.2244433373548882,-0.7439283214530745,-0.10398971352404784,0.1494970911432266,0.1005029088567734,1.217437,1.151879,4.0,0.0,0.0,-3.0,0.0,0.0,0.0,0.0,0.0,0.0,0.0,-2.0,-2.0,0.0,0.0,-1.0,0.0,1.0,17.0,1.0,0.0,0.26,4.280035,0.05264373348542217,0.21855391452118286,no,away_yes,away_yes,2026-06-14 20:19:30.499031+00:00,0.75,2.62,0.034399999999999986,0.04798874395450084,0.6206,,,,,early_june
1,True,824995,2026-06-13,1,41,1,2026-06-14 03:24:21.118000+00:00,2026-06-14 03:24:24.169438+00:00,2026-06-14 03:25:07.105000+00:00,0.44,-0.2411620568168881,0.29200363752205427,0.36630759216391473,-0.3375824171110382,0.33420208808667373,0.28639725814598294,0.15360274185401707,0.672911,3.051438,5.0,0.0,2.0,-1.0,0.0,0.0,0.0,1.0,0.0,0.0,1.0,-1.0,0.0,0.0,-1.0,0.0,0.0,0.0,0.0,0.0,0.0,0.45,4.851158,0.040491361354736854,0.35593719848619343,no,away_yes,away_yes,2026-06-14 03:24:26.557378+00:00,0.57,3.4,0.05840000000000023,0.19341352514694227,-1.9964,,,,,early_june
1,True,824996,2026-06-10,1,9,5,2026-06-11 01:25:30.633000+00:00,2026-06-11 01:25:33.696426+00:00,2026-06-11 01:25:50.923000+00:00,0.32,-0.7537718023763801,0.1882100758356301,0.2843394111668699,-0.5386454466747578,0.0,0.21544394737073141,0.10455605262926859,0.607592,3.063426,2.0,0.0,0.0,-2.0,0.0,0.0,0.0,0.0,0.0,0.0,0.0,-1.0,-2.0,-2.0,0.0,0.0,0.0,0.0,0.0,0.0,0.0,0.33,4.34019,0.04558674445189448,0.28789443440365226,no,away_yes,away_yes,2026-06-11 01:25:34.478813+00:00,0.69,2.83,0.042400000000000215,0.02015875063766405,-1.9951,,,,,early_june
1,True,824997,2026-06-12,1,46,1,2026-06-13 03:47:59.271000+00:00,2026-06-13 03:48:00.299762+00:00,2026-06-13 03:48:25.564000+00:00,0.31,-0.8001193001121131,0.14439120633547187,0.6104373083059493,-2.228437720816305,0.047178560275090486,0.044119308638124036,0.265880691361876,0.189258,1.028762,6.0,0.0,2.0,-2.0,0.0,0.0,0.0,0.0,0.0,0.0,0.0,-3.0,0.0,0.0,-1.0,0.0,-1.0,8.0,125.10999999999999,0.8401406762049396,0.0,0.31,4.912409,0.0,0.2648254612240555,no,away_yes,away_yes,2026-06-13 03:48:00.562338+00:00,0.7,2.79,0.041100000000000136,0.0570369631848852,-1.9941,,,,,early_june
1,True,824998,2026-06-08,0,22,3,2026-06-09 02:51:45.416000+00:00,2026-06-09 02:51:46.553579+00:00,2026-06-09 02:52:14.496000+00:00,0.29,-0.8953840470548413,0.2031213003950023,0.3506638351807744,-0.7507766053874179,-0.09526474694272824,0.17495690924093285,0.11504309075906713,0.144693,1.137579,3.0,0.0,0.0,-1.0,0.0,0.0,0.0,0.0,0.0,0.0,0.0,-2.0,-2.0,0.0,-1.0,0.0,0.0,41.0,1753.0,1.0,0.008299853427889546,0.32,4.947857,0.14161224467846123,0.26085417955792656,no,away_yes,away_yes,2026-06-09 02:51:48.032084+00:00,0.69,2.83,0.042400000000000215,0.09668267185106777,0.03170000000000006,profitable_reversal,2026-06-09 05:41:55.988816+00:00,0.73,0.03909999999999991,early_june
1,True,824998,2026-06-08,0,90,1,2026-06-09 05:22:01.727000+00:00,2026-06-09 05:22:02.731892+00:00,2026-06-09 05:23:02.913000+00:00,0.25,-1.0986122886681098,0.000834938470914981,0.002022148489701503,-0.8857467078847083,-0.1541506798272586,0.13821345859338524,0.11178654140661476,0.118348,1.004892,10.0,0.0,1.0,-1.0,0.0,0.0,0.0,1.0,0.0,0.0,1.0,-1.0,0.0,0.0,-1.0,1.0,-1.0,25.0,914.77,0.05982924669589078,0.017204650534085257,0.28,4.754824,0.1541506798272586,0.21128512505555166,no,away_yes,away_yes,2026-06-09 05:22:02.845928+00:00,0.73,2.68,0.03699999999999992,0.12035586485112174,-0.07399999999999984,profitable_reversal,2026-06-09 05:41:55.988816+00:00,0.73,0.03699999999999992,early_june
1,True,824998,2026-06-08,0,100,5,2026-06-09 05:41:53.084000+00:00,2026-06-09 05:41:54.124033+00:00,2026-06-09 05:44:44.956000+00:00,0.37,-0.5322168137473082,0.00348534043596213,0.0009614675411692095,1.2903896969085649,-0.04266858842860244,0.6901544512797185,-0.32015445127971853,0.197991,1.040033,10.0,1.0,2.0,0.0,0.0,0.0,0.0,0.0,0.0,0.0,0.0,1.0,-3.0,-1.0,0.0,0.0,0.0,33.0,921.5,-0.45046120455778627,0.04083382526268025,0.24,4.979578,-0.6204626961910773,0.42923247287986765,yes,yes,home_yes,2026-06-09 05:41:55.992223+00:00,0.35,1.3,0.02080000000000004,0.08220221474382794,0.009500000000000064,profitable_reversal,2026-06-09 06:07:33.411748+00:00,0.39,0.02169999999999994,early_june
1,True,824999,2026-06-09,1,17,3,2026-06-10 02:35:36.332000+00:00,2026-06-10 02:35:37.544741+00:00,2026-06-10 02:36:02.950000+00:00,0.65,0.6190392084062236,0.45462075155697823,0.26369691517997645,0.8448235758791984,0.0,0.8121227667299268,-0.16212276672992676,2.600468,1.212741,2.0,1.0,0.0,1.0,0.0,0.0,0.0,0.0,0.0,0.0,0.0,2.0,-1.0,-1.0,-1.0,0.0,0.0,0.0,0.0,0.0,0.0,0.64,4.500414,-0.043675063502661704,0.6716382346184951,yes,yes,home_yes,2026-06-10 02:35:40.481086+00:00,0.65,3.0,0.04779999999999984,0.017114703855485525,1.0022,,,,,early_june
1,True,824999,2026-06-09,1,51,3,2026-06-10 03:42:54.913000+00:00,2026-06-10 03:42:56.618420+00:00,2026-06-10 03:43:26.901000+00:00,0.7,0.8472978603872034,0.6721537177158436,0.5837265326253803,0.379852024683238,-0.3053816495511821,0.8223764060537709,-0.12237640605377098,0.418457,1.70542,6.0,0.0,2.0,2.0,0.0,0.0,0.0,0.0,1.0,0.0,1.0,0.0,-2.0,0.0,0.0,-1.0,1.0,2.0,23.439999999999998,0.14675767918088736,0.0050000000000000044,0.7,3.886536,0.0,0.7370248969021355,yes,yes,home_yes,2026-06-10 03:42:58.082912+00:00,0.7,2.79,0.041100000000000136,0.06219946235695793,0.7959,,,,,early_june
1,True,825071,2026-06-15,1,45,4,2026-06-16 03:03:51.829000+00:00,2026-06-16 03:03:55.723714+00:00,2026-06-16 03:05:04.383000+00:00,0.58,0.32277339226305085,0.44253000357940486,0.41438264509154465,0.11497637090136481,-0.12453882578061398,0.6369819100587613,-0.0569819100587613,2.672833,3.894714,6.0,0.0,2.0,0.0,0.0,0.0,0.0,0.0,0.0,0.0,1.0,0.0,-1.0,-2.0,0.0,0.0,0.0,0.0,0.0,0.0,0.0,0.57,3.315903,-0.04092224012206336,0.6013259923005754,yes,yes,home_yes,2026-06-16 03:03:59.039617+00:00,0.57,3.4,0.05840000000000023,0.04810837382195621,1.4036,,,,,early_june
1,True,825075,2026-06-06,0,43,4,2026-06-06 21:35:09.580000+00:00,2026-06-06 21:35:12.016631+00:00,2026-06-06 21:35:44.007000+00:00,0.41,-0.3639653772014119,0.1861058535267245,0.2898499119958651,-0.5794016044577475,0.0,0.2802207299735354,0.12977927002646455,0.223548,2.436631,6.0,1.0,2.0,-1.0,0.0,0.0,0.0,0.0,0.0,0.0,2.0,0.0,0.0,-2.0,-1.0,0.0,0.0,0.0,0.0,0.0,0.0,0.38,4.612547,-0.12558284811729387,0.3479679406718544,no,away_yes,away_yes,2026-06-06 21:35:16.039672+00:00,0.57,3.4,0.05840000000000023,0.2205090017156952,1.4036,,,,,early_june
1,True,825076,2026-06-04,1,62,3,2026-06-05 03:44:25.669000+00:00,2026-06-05 03:44:27.151130+00:00,2026-06-05 03:45:03.590000+00:00,0.26,-1.0459685551826876,0.10323004245807593,0.15743782436786546,-0.4844226077381766,0.470378934185401,0.11912209047372703,0.140877909526273,0.204241,1.48213,8.0,1.0,2.0,-1.0,0.0,0.0,1.0,1.0,0.0,0.0,1.0,0.0,-1.0,-1.0,0.0,0.0,0.0,7.0,178.0,-0.4157303370786517,0.02969229955832361,0.23,4.670508,-0.16234265074184662,0.18319555093427906,no,away_yes,away_yes,2026-06-05 03:44:27.151138+00:00,0.74,2.65,0.035700000000000065,0.16783179002416038,-1.9967,,,,,early_june
1,True,825078,2026-06-01,1,49,1,2026-06-02 03:29:56.779000+00:00,2026-06-02 03:29:58.213167+00:00,2026-06-02 03:33:37.762000+00:00,0.74,1.0459685551826876,0.6981226175853046,0.325148867833502,1.5685828300780074,0.0,0.9317922308002115,-0.19179223080021146,3.092181,1.434167,7.0,1.0,1.0,1.0,0.0,0.0,0.0,0.0,0.0,0.0,0.0,1.0,0.0,0.0,0.0,0.0,0.0,7.0,315.0,-0.14285714285714285,0.0034992710611188287,0.74,4.275356,0.0,0.7705125643385539,yes,yes,home_yes,2026-06-02 03:30:02.488523+00:00,0.74,2.65,0.035700000000000065,0.0451582954971677,0.6533,,,,,early_june
1,True,825079,2026-06-02,0,68,5,2026-06-03 04:12:23.132000+00:00,2026-06-03 04:12:24.541025+00:00,2026-06-03 04:12:42.205000+00:00,0.33,-0.7081850579244856,0.22227844069320013,0.14449609789687712,0.5260004176366209,0.04558674445189448,0.4433020652712079,-0.1133020652712079,0.487165,1.409025,7.0,1.0,2.0,-1.0,0.0,0.0,1.0,1.0,1.0,0.0,0.0,1.0,-3.0,-1.0,0.0,0.0,0.0,11.0,1790.37,1.0,0.0,0.33,4.568266,0.0,0.35475290956122646,yes,yes,home_yes,2026-06-03 04:12:24.604175+00:00,0.33,5.78,0.08949999999999969,0.053571817263889154,-1.9969,,,,,early_june
1,True,822717,2026-06-25,0,60,6,2026-06-26 00:58:29.299000+00:00,2026-06-26 00:58:30.470488+00:00,2026-06-26 00:59:18.016000+00:00,0.44,-0.2411620568168881,0.2800458060064003,0.42254310318067845,-0.6318920667516008,0.08161133544616309,0.27794752909651893,0.16205247090348107,0.414567,1.171488,7.0,0.0,2.0,0.0,0.0,0.0,1.0,0.0,1.0,0.0,1.0,-1.0,-2.0,-2.0,0.0,-1.0,0.0,15.0,228.35,0.658419093496825,0.03370459909270544,0.42,4.356242,-0.08161133544616309,0.40371375802674214,no,away_yes,away_yes,2026-06-26 00:58:30.719013+00:00,0.57,3.4,0.05840000000000023,0.030973222709076653,0.1941000000000006,profitable_reversal,2026-06-26 01:16:57.436523+00:00,0.66,0.05349999999999966,late_june
1,True,822717,2026-06-25,0,67,1,2026-06-26 01:17:27.264000+00:00,2026-06-26 01:17:29.758112+00:00,2026-06-26 01:17:59.390000+00:00,0.38,-0.4895482253187058,0.2397447171428151,0.19660696417281887,0.2535578266579117,-0.2483861685018177,0.5030989027801702,-0.12309890278017022,0.052072,2.494112,8.0,0.0,1.0,0.0,0.0,0.0,1.0,0.0,0.0,0.0,1.0,0.0,0.0,0.0,0.0,0.0,0.0,0.0,0.0,0.0,0.0,0.41,4.941587,0.12558284811729387,0.4358655686968692,yes,yes,home_yes,2026-06-26 01:17:29.830110+00:00,0.39,4.91,0.08179999999999987,0.1433999423016279,-1.9967,,,,,late_june
1,True,822718,2026-06-23,0,62,6,2026-06-24 00:56:59.420000+00:00,2026-06-24 00:57:00.575437+00:00,2026-06-24 00:57:42.371000+00:00,0.27,-0.9946225751440619,0.0776453189842885,0.7386858410777424,-3.513927931379439,-1.0746652828175984,0.03125308745633514,0.23874691254366487,1.764677,1.155437,8.0,0.0,2.0,-1.0,0.0,0.0,0.0,1.0,0.0,0.0,0.0,-3.0,-3.0,-2.0,-1.0,0.0,-1.0,13.0,118.77,-0.262945188178833,0.059792540747103926,0.3,4.884078,0.14732471475685838,0.24322250371425036,no,away_yes,away_yes,2026-06-24 00:57:00.590754+00:00,0.65,3.0,0.04779999999999984,0.272532488857249,1.0022,,,,,late_june
1,True,822719,2026-06-24,0,72,5,2026-06-25 01:39:47.787000+00:00,2026-06-25 01:39:49.093560+00:00,2026-06-25 01:40:18.263000+00:00,0.22,-1.2656663733312759,0.0017803380432136473,0.8190573779665398,-7.839144260360131,-0.11298686339289032,0.0001244074881267432,0.21987559251187325,0.038786,1.30656,9.0,0.0,2.0,-1.0,0.0,0.0,0.0,0.0,0.0,0.0,0.0,-2.0,-1.0,-2.0,-1.0,0.0,0.0,14.0,536.36,0.5631665299425759,0.013720980508784677,0.22,4.738066,0.0,0.19761169589491812,no,away_yes,away_yes,2026-06-25 01:39:50.428624+00:00,0.73,2.68,0.03699999999999992,0.15700065500161958,0.6866000000000001,,,,,late_june
1,True,822720,2026-06-22,1,20,4,2026-06-23 00:57:41.397000+00:00,2026-06-23 00:57:44.204450+00:00,2026-06-23 00:58:07.541000+00:00,0.67,0.708185057924486,0.5918210340576736,0.6605272223512139,-0.2941460161480538,0.08914584951826243,0.5805162955300166,0.08948370446998344,2.426925,2.80745,3.0,0.0,0.0,2.0,0.0,0.0,1.0,0.0,0.0,0.0,0.0,0.0,-1.0,-2.0,1.0,0.0,0.0,0.0,0.0,0.0,0.0,0.67,3.854213,0.0,0.6463180740982434,no,away_yes,away_yes,2026-06-23 00:57:45.734309+00:00,0.33,0.28,0.004399999999999987,0.002230939252491863,-0.0968,,,,,late_june
1,True,822796,2026-06-26,0,74,4,2026-06-27 01:58:35.453000+00:00,2026-06-27 01:58:36.562492+00:00,2026-06-27 01:59:34.477000+00:00,0.18,-1.5163474893680886,0.002397249120693902,0.002397249120693902,0.0,-0.470378934185401,0.26,-0.08000000000000002,1.502739,1.109492,9.0,1.0,0.0,-1.0,1.0,2.0,0.0,0.0,0.0,0.0,0.0,0.0,0.0,0.0,0.0,0.0,0.0,6.0,843.76,1.0,2.7755575615628914e-17,0.17,4.878409,-0.06927977437229305,0.21018856804454206,yes,yes,home_yes,2026-06-27 01:58:36.665713+00:00,0.18,10.5,0.10850000000000004,0.20847996446769163,-1.9985,,,,,late_june
1,True,822798,2026-06-24,0,58,1,2026-06-25 01:13:34.744000+00:00,2026-06-25 01:13:37.414310+00:00,2026-06-25 01:14:43.045000+00:00,0.39,-0.4473122180436648,0.11071212874878356,0.24153647758846186,-0.939213401652826,0.0,0.19996300119479624,0.19003699880520378,2.340831,2.67031,8.0,0.0,1.0,-1.0,0.0,1.0,0.0,0.0,0.0,0.0,0.0,-1.0,0.0,1.0,0.0,0.0,-1.0,0.0,0.0,0.0,0.0,0.4,3.279642,0.041847109935500504,0.35456512587779027,no,away_yes,away_yes,2026-06-25 01:13:38.978419+00:00,0.61,3.19,0.053200000000000136,0.05983724844984914,1.1908999999999998,,,,,late_june
1,True,822799,2026-06-23,0,22,1,2026-06-23 20:50:29.065000+00:00,2026-06-23 20:50:32.019646+00:00,2026-06-23 20:51:05.443000+00:00,0.43,-0.2818511521409879,0.33925787528041274,0.3588013530023404,-0.08603271293599501,0.2935129927625739,0.3404258966525531,0.08957410334744692,2.483851,2.954646,3.0,0.0,2.0,-1.0,0.0,0.0,0.0,1.0,0.0,0.0,0.0,0.0,0.0,0.0,0.0,1.0,0.0,0.0,0.0,0.0,0.0,0.42,4.083204,-0.0409222401220633,0.395303041336858,no,away_yes,away_yes,2026-06-23 20:50:34.636826+00:00,0.58,3.34,0.05700000000000016,0.02548784193489423,0.3633999999999997,profitable_reversal,2026-06-23 22:20:47.411378+00:00,0.72,0.04720000000000013,late_june
1,True,822799,2026-06-23,0,61,3,2026-06-23 22:20:43.333000+00:00,2026-06-23 22:20:44.598889+00:00,2026-06-23 22:21:17.163000+00:00,0.29,-0.8953840470548413,0.14822051703273592,0.1050504588986517,0.39370001663891707,-0.09526474694272824,0.39977101977849394,-0.10977101977849396,0.62217,1.265889,7.0,1.0,0.0,-2.0,0.0,0.0,1.0,0.0,0.0,0.0,0.0,0.0,0.0,-2.0,1.0,0.0,0.0,4.0,60.0,1.0,0.0050000000000000044,0.29,3.804628,0.0,0.3121258039964316,yes,yes,home_yes,2026-06-23 22:20:48.403517+00:00,0.29,6.57,0.0947,0.050666532256555624,1.367500000000001,profitable_reversal,2026-06-23 23:07:00.008799+00:00,0.53,0.11459999999999937,late_june
1,True,822800,2026-06-22,1,65,3,2026-06-23 01:41:40.942000+00:00,2026-06-23 01:41:42.515429+00:00,2026-06-23 01:42:18.550000+00:00,0.57,0.2818511521409875,0.4728154899277035,0.6220716469138637,-0.6071960121012061,-0.04092224012206336,0.4293698470439198,0.14063015295608017,0.005072,1.573429,8.0,0.0,0.0,1.0,0.0,0.0,1.0,1.0,0.0,0.0,0.0,0.0,-1.0,-1.0,0.0,1.0,0.0,1.0,1.0,1.0,0.0,0.58,4.519333,0.04092224012206336,0.5491037991785801,no,away_yes,away_yes,2026-06-23 01:41:44.870742+00:00,0.43,4.47,0.07669999999999999,0.016706017671746995,-1.9988,,,,,late_june
1,True,822885,2026-06-20,0,44,7,2026-06-20 21:44:11.560000+00:00,2026-06-20 21:44:13.705499+00:00,2026-06-20 21:47:01.140000+00:00,0.58,0.32277339226305085,0.41156817286917186,0.2500837857164071,0.7406790787592987,0.04092224012206336,0.7354651646631684,-0.1554651646631684,2.080466,2.145499,6.0,1.0,1.0,0.0,0.0,0.0,0.0,1.0,0.0,0.0,0.0,1.0,-3.0,-2.0,0.0,0.0,0.0,0.0,0.0,0.0,0.0,0.58,4.563619,0.0,0.6083681623412008,yes,yes,home_yes,2026-06-20 21:44:13.902524+00:00,0.58,3.34,0.05700000000000016,0.03774966221961076,-1.9942,,,,,late_june
1,True,822886,2026-06-19,1,40,4,2026-06-20 01:26:17.239000+00:00,2026-06-20 01:26:19.296776+00:00,2026-06-20 01:29:20.178000+00:00,0.65,0.6190392084062236,0.5907180098542761,0.47207906907722785,0.478734411584931,-0.6466271649250525,0.8512451846841795,-0.2012451846841795,3.214262,2.057776,4.0,1.0,1.0,1.0,0.0,0.0,0.0,0.0,0.0,0.0,1.0,1.0,0.0,-2.0,-1.0,0.0,0.0,4.0,55.0,-0.8181818181818182,0.01639359631075497,0.64,4.009782,-0.043675063502661704,0.6925110740781634,yes,yes,home_yes,2026-06-20 01:26:21.578893+00:00,0.64,3.04,0.04909999999999992,0.11053366519761668,1.0453000000000001,,,,,late_june
1,True,822960,2026-06-27,1,37,1,2026-06-27 23:20:34.377000+00:00,2026-06-27 23:20:36.434318+00:00,2026-06-27 23:21:16.945000+00:00,0.8,1.3862943611198908,0.7829134015662857,0.42630638751994354,1.5796629169213094,0.0,0.9510122780112994,-0.15101227801129935,0.955904,2.057318,5.0,1.0,2.0,2.0,0.0,0.0,0.0,0.0,0.0,0.0,0.0,2.0,0.0,0.0,-1.0,0.0,0.0,0.0,0.0,0.0,0.0,0.81,4.312164,0.06371581438610785,0.8330600858761246,yes,yes,home_yes,2026-06-27 23:20:37.147172+00:00,0.81,2.43,0.02619999999999978,0.02983600867898279,0.4355000000000002,,,,,late_june
1,True,822964,2026-06-22,0,40,6,2026-06-22 23:53:05.129000+00:00,2026-06-22 23:53:06.285371+00:00,2026-06-22 23:53:49.343000+00:00,0.38,-0.4895482253187058,0.2674332915997785,0.17499733917291682,0.5429315942990007,0.0,0.513342673750622,-0.13334267375062203,2.91587,1.156371,5.0,1.0,2.0,-1.0,0.0,0.0,0.0,1.0,0.0,0.0,0.0,1.0,-3.0,-2.0,-1.0,1.0,0.0,0.0,0.0,0.0,0.0,0.39,3.33074,0.04223600727504101,0.4021574868788793,yes,yes,home_yes,2026-06-22 23:53:08.653092+00:00,0.37,4.0,0.06529999999999991,0.06332994751551735,-1.5453,,,,,late_june
1,True,822965,2026-06-24,1,26,2,2026-06-24 23:28:36.886000+00:00,2026-06-24 23:28:42.820379+00:00,2026-06-24 23:29:22.530000+00:00,0.74,1.0459685551826876,0.7037136003902106,0.54564048692037,0.6819733566670516,0.0,0.8491489788685221,-0.10914897886852215,0.85684,5.934379,3.0,1.0,2.0,2.0,0.0,0.0,0.0,0.0,1.0,0.0,1.0,2.0,0.0,-1.0,-1.0,-1.0,0.0,0.0,0.0,0.0,0.0,0.75,4.720334,0.05264373348542217,0.7680170998543501,yes,yes,home_yes,2026-06-24 23:28:43.655165+00:00,0.72,2.72,0.03839999999999977,0.0922065116038325,0.7232000000000003,,,,,late_june
1,True,822966,2026-06-19,1,18,1,2026-06-19 23:46:34.500000+00:00,2026-06-19 23:46:37.678830+00:00,2026-06-19 23:46:56.357000+00:00,0.37,-0.5322168137473082,0.2009683429951158,0.30480634963276143,-0.5557393829935843,0.0,0.2520033352104875,0.11799666478951248,2.175781,3.17883,3.0,0.0,2.0,-2.0,0.0,0.0,0.0,0.0,0.0,0.0,0.0,-1.0,0.0,0.0,0.0,0.0,0.0,0.0,0.0,0.0,0.0,0.36,4.249822,-0.04314733115625358,0.33349748806199747,no,away_yes,away_yes,2026-06-19 23:46:38.036228+00:00,0.64,3.04,0.04909999999999992,0.03146763629152789,-1.9947,,,,,late_june
1,True,822967,2026-06-20,0,59,3,2026-06-20 22:21:38.537000+00:00,2026-06-20 22:21:39.662214+00:00,2026-06-20 22:24:09.486000+00:00,0.38,-0.4895482253187058,0.07504493810903545,0.14000540253895127,-0.6964129499257872,0.08581591958485602,0.2189531945345837,0.1610468054654163,1.369234,1.125214,8.0,0.0,0.0,-1.0,0.0,0.0,0.0,0.0,0.0,1.0,-2.0,0.0,-2.0,0.0,-1.0,0.0,0.0,9.0,121.25,1.0,0.007370277311900895,0.37,4.769146,-0.04266858842860244,0.34002378220735086,no,away_yes,away_yes,2026-06-20 22:21:40.500375+00:00,0.61,3.19,0.053200000000000136,0.10622413475855066,1.1908999999999998,,,,,late_june
1,True,823039,2026-06-26,0,52,3,2026-06-27 02:13:15.023000+00:00,2026-06-27 02:13:17.010452+00:00,2026-06-27 02:40:23.462000+00:00,0.25,-1.0986122886681098,0.05320885608104464,0.17315179735025554,-1.3154011984563405,-0.3448404862917297,0.11212934517369762,0.1378706548263024,0.641994,1.987452,8.0,0.0,0.0,-1.0,0.0,0.0,0.0,1.0,0.0,0.0,0.0,-1.0,0.0,-2.0,0.0,0.0,0.0,0.0,0.0,0.0,0.0,0.18,4.894168,-0.4177352006999788,0.22846093138892318,no,away_yes,away_yes,2026-06-27 02:13:17.620134+00:00,0.75,2.62,0.034399999999999986,0.02203235976102122,0.6206,,,,,late_june
1,True,823039,2026-06-26,0,55,6,2026-06-27 02:44:54.863000+00:00,2026-06-27 02:44:59.476255+00:00,2026-06-27 02:45:47.142000+00:00,0.25,-1.0986122886681098,0.03741121480495446,0.05261817581370787,-0.3570151881809256,0.2876820724517808,0.14889304798158048,0.10110695201841952,0.215471,4.613255,8.0,0.0,1.0,-1.0,0.0,0.0,1.0,1.0,1.0,0.0,0.0,0.0,-3.0,-2.0,0.0,0.0,1.0,0.0,0.0,0.0,0.0,0.24,3.847736,-0.054067221270275745,0.1998356601609443,no,away_yes,away_yes,2026-06-27 02:44:59.753344+00:00,0.77,2.55,0.031700000000000284,0.0452190665895916,0.5547999999999997,,,,,late_june
1,True,823040,2026-06-22,1,54,2,2026-06-23 01:33:58.062000+00:00,2026-06-23 01:34:00.107800+00:00,2026-06-23 01:37:05.856000+00:00,0.77,1.2083112059245342,0.7101154594843512,0.7506446193985616,-0.2061083513843488,0.26384959708368294,0.6766356540787267,0.0933643459212733,3.347466,2.0458,7.0,0.0,2.0,1.0,0.0,0.0,1.0,0.0,0.0,0.0,0.0,0.0,0.0,-1.0,1.0,0.0,0.0,2.0,22.84,-1.0,0.0,0.77,3.049762,0.0,0.7391651483370691,no,away_yes,away_yes,2026-06-23 01:34:00.370403+00:00,0.24,7.91,0.1010000000000002,0.06380367665378295,-1.9994,,,,,late_june
1,True,823123,2026-06-21,1,35,8,2026-06-21 21:20:39.255000+00:00,2026-06-21 21:20:42.041797+00:00,2026-06-21 21:21:18.652000+00:00,0.68,0.7537718023763803,0.6424330553025716,0.42692412725735046,0.8803518263547657,0.1784076574728184,0.8108765691156009,-0.13087656911560086,1.273117,2.786797,5.0,1.0,2.0,1.0,0.0,0.0,1.0,0.0,0.0,0.0,0.0,1.0,-3.0,-2.0,1.0,-1.0,0.0,3.0,40.0,1.0,0.008164965809277268,0.69,3.92527,0.046347497735732546,0.721941676924998,yes,yes,home_yes,2026-06-21 21:20:44.087193+00:00,0.69,1.96,0.029400000000000093,0.033205686772996096,0.5782,,,,,late_june
1,True,823127,2026-06-17,0,18,3,2026-06-18 02:16:30.965000+00:00,2026-06-18 02:16:31.996493+00:00,2026-06-18 02:16:58.195000+00:00,0.33,-0.7081850579244856,0.2396802283089614,0.47657019793893207,-1.0606455484506263,0.0,0.1456878147341915,0.1843121852658085,0.056845,1.031493,3.0,0.0,2.0,-2.0,0.0,0.0,0.0,0.0,0.0,0.0,0.0,-2.0,-1.0,-1.0,-1.0,0.0,0.0,4.0,109.56,1.0,0.0,0.33,4.904104,0.0,0.2989235275910933,no,away_yes,away_yes,2026-06-18 02:16:33.955013+00:00,0.68,2.87,0.04379999999999984,0.016689475813562227,0.8746,,,,,late_june
1,True,823206,2026-06-26,0,12,3,2026-06-27 02:38:12.072000+00:00,2026-06-27 02:38:13.617801+00:00,2026-06-27 02:38:42.714000+00:00,0.43,-0.2818511521409879,0.394665648351862,0.4839740570208406,-0.36361626892117316,0.0409222401220633,0.3348366917472001,0.0951633082527999,1.040511,1.545801,2.0,0.0,1.0,0.0,0.0,0.0,1.0,0.0,0.0,0.0,0.0,-1.0,-2.0,0.0,1.0,-1.0,0.0,1.0,48.0,-1.0,0.0,0.44,4.936837,0.04068909532409978,0.4037354030556269,no,away_yes,away_yes,2026-06-27 02:38:14.082434+00:00,0.57,3.4,0.05840000000000023,0.030899629610868715,1.4036,,,,,late_june
1,True,823206,2026-06-26,0,60,1,2026-06-27 04:18:20.609000+00:00,2026-06-27 04:18:21.929208+00:00,2026-06-27 04:18:57.375000+00:00,0.22,-1.2656663733312759,0.11027838403140977,0.1710169257508645,-0.509463484772785,0.5496235933069733,0.08909353457548061,0.1309064654245194,0.396553,1.320208,7.0,1.0,2.0,-2.0,0.0,0.0,0.0,1.0,1.0,0.0,1.0,0.0,0.0,0.0,0.0,0.0,0.0,1.0,1491.5,1.0,0.0,0.2,4.810008,-0.12062798778861472,0.1533575446345362,no,away_yes,away_yes,2026-06-27 04:18:22.547735+00:00,0.79,2.49,0.028999999999999693,0.11203971386000505,0.4939000000000002,,,,,late_june
1,True,823207,2026-06-27,1,13,5,2026-06-28 01:30:54.160000+00:00,2026-06-28 01:30:55.841404+00:00,2026-06-28 01:31:18.119000+00:00,0.69,0.8001193001121129,0.5968736714174171,0.45171813158398083,0.5861866325952223,-0.0471785602750906,0.8074436596033739,-0.117443659603374,1.702542,1.681404,2.0,1.0,0.0,1.0,0.0,0.0,0.0,0.0,0.0,0.0,0.0,1.0,-2.0,-2.0,0.0,0.0,0.0,3.0,2400.0,-1.0,0.0,0.68,4.762536,-0.046347497735732546,0.716096060533387,yes,yes,home_yes,2026-06-28 01:30:56.104885+00:00,0.69,2.83,0.042400000000000215,0.031451851309485246,0.8349,,,,,late_june
1,True,823208,2026-06-24,1,51,2,2026-06-25 03:40:30.117000+00:00,2026-06-25 03:40:31.283302+00:00,2026-06-25 03:40:51.741000+00:00,0.29,-0.8953840470548413,0.11073122439679017,0.3635469029789259,-1.5232912552715074,0.09923852808922062,0.07461185683007053,0.21538814316992944,0.336265,1.166302,8.0,0.0,2.0,-1.0,0.0,0.0,0.0,0.0,0.0,0.0,0.0,-1.0,0.0,-1.0,0.0,0.0,0.0,14.0,670.63,0.7960425271759393,0.0063887656499993905,0.28,4.8828,-0.04907756178600986,0.25974598042830943,no,away_yes,away_yes,2026-06-25 03:40:31.872958+00:00,0.72,2.72,0.03839999999999977,0.016690933234998657,-1.9968,,,,,late_june
1,True,823209,2026-06-25,0,29,3,2026-06-25 20:46:38.334000+00:00,2026-06-25 20:46:40.115895+00:00,2026-06-25 20:47:07.465000+00:00,0.68,0.7537718023763803,0.6184986401336077,0.43286664044792644,0.753345365202187,0.04558674445189426,0.8117666374192656,-0.13176663741926553,3.295892,1.781895,4.0,1.0,2.0,1.0,0.0,0.0,0.0,0.0,0.0,0.0,0.0,1.0,-1.0,-1.0,0.0,0.0,0.0,1.0,676.89,-1.0,0.0,0.67,3.706636,-0.04558674445189426,0.7163248617828987,yes,yes,home_yes,2026-06-25 20:46:40.989494+00:00,0.68,2.87,0.04379999999999984,0.06045235331691921,-1.9954,,,,,late_june
1,True,823210,2026-06-23,1,12,2,2026-06-24 02:12:05.518000+00:00,2026-06-24 02:12:11.215858+00:00,2026-06-24 02:12:33.962000+00:00,0.69,0.8001193001121129,0.6351974019912051,0.49551431720623984,0.5725226525251423,0.0,0.7978066654204375,-0.1078066654204376,3.953314,5.697858,2.0,1.0,1.0,1.0,0.0,0.0,0.0,0.0,0.0,0.0,0.0,1.0,-1.0,0.0,0.0,0.0,0.0,0.0,0.0,0.0,0.0,0.69,4.910075,0.0,0.7157212916168753,yes,yes,home_yes,2026-06-24 02:12:14.553975+00:00,0.69,2.83,0.042400000000000215,0.03039125527575691,0.8349,,,,,late_june
1,True,823283,2026-06-27,0,41,2,2026-06-28 02:06:52.786000+00:00,2026-06-28 02:06:53.876128+00:00,2026-06-28 02:07:34.521000+00:00,0.26,-1.0459685551826876,0.1584521715514281,0.2821704161684748,-0.7360690667601352,-0.05134598003862567,0.15049913254391445,0.10950086745608556,0.478955,1.090128,6.0,0.0,1.0,-1.0,0.0,0.0,0.0,1.0,0.0,0.0,0.0,-1.0,-1.0,0.0,0.0,0.0,0.0,2.0,32.94,1.0,0.0050000000000000044,0.27,4.479423,0.05134598003862567,0.23821825659690185,no,away_yes,away_yes,2026-06-28 02:06:56.877011+00:00,0.72,2.72,0.03839999999999977,0.0752463420564272,0.7232000000000003,,,,,late_june
1,True,823284,2026-06-24,1,18,3,2026-06-25 01:15:29.641000+00:00,2026-06-25 01:15:35.431674+00:00,2026-06-25 01:15:58.085000+00:00,0.66,0.6632942174102643,0.5807015045109947,0.42598641312820157,0.6238994120635232,0.0,0.783671803078685,-0.12367180307868497,0.598532,5.790674,3.0,1.0,0.0,1.0,0.0,0.0,0.0,0.0,0.0,0.0,0.0,1.0,-1.0,-1.0,0.0,0.0,0.0,0.0,0.0,0.0,0.0,0.66,3.33583,0.0,0.6861924335444901,yes,yes,home_yes,2026-06-25 01:15:38.767504+00:00,0.66,2.95,0.046399999999999775,0.030867678956245967,0.9566000000000001,,,,,late_june
1,True,823284,2026-06-24,1,38,1,2026-06-25 01:54:34.731000+00:00,2026-06-25 01:54:37.919761+00:00,2026-06-25 01:55:25.027000+00:00,0.74,1.0459685551826876,0.7057574935690728,0.650291102628193,0.2545483796005521,-0.16234265074184662,0.8119696513557499,-0.07196965135574995,1.923978,3.188761,5.0,0.0,2.0,2.0,0.0,0.0,0.0,0.0,1.0,0.0,1.0,0.0,0.0,0.0,0.0,-1.0,1.0,0.0,0.0,0.0,0.0,0.73,4.440049,-0.05134598003862567,0.7640709081086555,yes,yes,home_yes,2026-06-25 01:54:42.359810+00:00,0.73,2.68,0.03699999999999992,0.05431003373119693,0.6866000000000001,,,,,late_june
1,True,823285,2026-06-26,1,15,3,2026-06-27 02:20:07.313000+00:00,2026-06-27 02:20:09.076875+00:00,2026-06-27 02:20:37.571000+00:00,0.67,0.708185057924486,0.7055184193872411,0.35995517863352294,1.4492751100824128,-0.04558674445189426,0.9005227911380834,-0.23052279113808338,0.205103,1.763875,2.0,1.0,1.0,2.0,0.0,0.0,0.0,0.0,0.0,0.0,0.0,3.0,0.0,-2.0,-1.0,-1.0,0.0,2.0,31.0,-1.0,0.0,0.67,3.107529,0.0,0.708217073889594,yes,yes,home_yes,2026-06-27 02:20:09.981078+00:00,0.67,1.45,0.022499999999999964,0.03291475713991125,0.45599999999999996,,,,,late_june
1,True,823286,2026-06-23,1,24,2,2026-06-24 02:36:03.379000+00:00,2026-06-24 02:36:06.532355+00:00,2026-06-24 02:36:58.129000+00:00,0.67,0.708185057924486,0.6129809122555118,0.419671828049004,0.7839804962250159,0.08914584951826243,0.8026626328575792,-0.13266263285757918,1.930646,3.153355,2.0,1.0,1.0,1.0,0.0,0.0,0.0,1.0,0.0,0.0,0.0,2.0,-1.0,0.0,0.0,0.0,-1.0,0.0,0.0,0.0,0.0,0.67,4.274838,0.0,0.701108452744688,yes,yes,home_yes,2026-06-24 02:36:08.378229+00:00,0.68,2.87,0.04379999999999984,0.016781259377254658,0.8746,,,,,late_june
1,True,823288,2026-06-22,1,27,4,2026-06-23 03:03:27.797000+00:00,2026-06-23 03:03:29.039532+00:00,2026-06-23 03:03:54.151000+00:00,0.68,0.7537718023763803,0.6187445345645001,0.43704510162977284,0.737385935732586,-0.19068980646447098,0.8431490215064124,-0.1631490215064123,0.044624,1.242532,4.0,1.0,0.0,1.0,0.0,0.0,0.0,0.0,0.0,0.0,0.0,1.0,-1.0,-2.0,0.0,0.0,0.0,2.0,106.00999999999999,-0.9137817187057826,0.0050000000000000044,0.68,4.846404,0.0,0.7129340071897711,yes,yes,home_yes,2026-06-23 03:03:29.450857+00:00,0.68,2.0,0.03049999999999997,0.03536801437954207,0.6094999999999999,,,,,late_june
1,True,823364,2026-06-27,0,49,3,2026-06-27 22:26:36.237000+00:00,2026-06-27 22:26:38.875400+00:00,2026-06-27 22:27:20.961000+00:00,0.23,-1.2083112059245342,0.08668834346174026,0.22158601957327062,-1.0983101219136664,-0.3129271588696929,0.1198665852479651,0.1101334147520349,0.22931,2.6384,6.0,0.0,1.0,-2.0,0.0,0.0,1.0,0.0,1.0,0.0,0.0,-2.0,-1.0,-1.0,0.0,-1.0,0.0,0.0,0.0,0.0,0.0,0.28,3.746099,0.26384959708368305,0.2049324596674222,no,away_yes,away_yes,2026-06-27 22:26:38.876448+00:00,0.75,2.62,0.034399999999999986,0.08367695567135375,0.6206,,,,,late_june
1,True,823365,2026-06-23,0,23,2,2026-06-23 23:21:36.412000+00:00,2026-06-23 23:21:39.623593+00:00,2026-06-23 23:23:00.821000+00:00,0.75,1.0986122886681098,0.7683760207129092,0.6194679606355283,0.7118733412334038,0.0,0.8594205567889288,-0.10942055678892881,3.16734,3.211593,3.0,1.0,1.0,2.0,0.0,0.0,1.0,0.0,1.0,0.0,0.0,1.0,0.0,-1.0,0.0,-1.0,1.0,0.0,0.0,0.0,0.0,0.75,4.682087,0.0,0.7799914537323088,yes,yes,home_yes,2026-06-23 23:21:41.492314+00:00,0.75,0.13,0.001799999999999996,0.0020988889852001516,-0.0993,,,,,late_june
1,True,823448,2026-06-18,0,21,3,2026-06-18 23:24:33.575000+00:00,2026-06-18 23:24:34.896201+00:00,2026-06-18 23:25:01.905000+00:00,0.33,-0.7081850579244856,0.214682876532868,0.30837023292249977,-0.48917599101664033,0.0,0.23194500385334016,0.09805499614665986,0.031596,1.321201,3.0,0.0,0.0,-2.0,0.0,0.0,0.0,0.0,0.0,0.0,0.0,-1.0,-2.0,0.0,0.0,0.0,0.0,10.0,1468.96,-0.5489325781505282,0.01044030650891056,0.33,4.984644,0.0,0.303005174013348,no,away_yes,away_yes,2026-06-18 23:24:35.503862+00:00,0.67,2.91,0.045099999999999696,0.03345494362115774,0.9152000000000002,,,,,late_june
1,True,823450,2026-06-17,0,24,7,2026-06-17 17:54:45.545000+00:00,2026-06-17 17:54:48.171852+00:00,2026-06-17 17:56:33.808000+00:00,0.33,-0.7081850579244856,0.3169872822339627,0.1663007488041707,0.8444230124177897,-0.1328209130209238,0.5668618437393549,-0.23686184373935487,4.856469,2.626852,2.0,1.0,0.0,-3.0,0.0,0.0,0.0,1.0,1.0,0.0,0.0,1.0,-2.0,-2.0,-1.0,0.0,1.0,0.0,0.0,0.0,0.0,0.38,4.334519,0.21863683260577982,0.3521209867448413,yes,yes,home_yes,2026-06-17 17:54:48.716806+00:00,0.33,1.0,0.015499999999999958,0.006620986744841351,-0.3455,,,,,late_june
1,True,823531,2026-06-21,0,30,5,2026-06-21 18:47:47.532000+00:00,2026-06-21 18:47:49.250234+00:00,2026-06-21 18:48:11.890000+00:00,0.34,-0.663294217410264,0.29947324094180316,0.6214526114047598,-1.3455258904077163,0.04489084051422165,0.11367794730590204,0.226322052694098,0.236137,1.718234,4.0,0.0,2.0,-2.0,0.0,0.0,0.0,0.0,0.0,0.0,0.0,-3.0,-3.0,-1.0,-1.0,-1.0,0.0,5.0,198.11,1.0,0.0,0.34,4.014565,0.0,0.3017185646208571,no,away_yes,away_yes,2026-06-21 18:47:50.669495+00:00,0.67,2.91,0.045099999999999696,0.037198976953306,0.9152000000000002,,,,,late_june
1,True,823536,2026-06-17,1,12,2,2026-06-17 23:35:54.437000+00:00,2026-06-17 23:35:56.728406+00:00,2026-06-17 23:36:26.858000+00:00,0.78,1.265666373331276,0.735191930833069,0.5936654683619061,0.6419871129644099,0.0,0.8707552996743424,-0.09075529967434237,1.637551,2.291406,2.0,0.0,2.0,2.0,0.0,0.0,0.0,0.0,1.0,0.0,2.0,0.0,0.0,-1.0,-1.0,-1.0,1.0,0.0,0.0,0.0,0.0,0.8,4.628186,0.12062798778861472,0.804707567106844,yes,yes,home_yes,2026-06-17 23:35:56.776976+00:00,0.75,2.62,0.034399999999999986,0.10893382581993127,0.6206,,,,,late_june
1,True,823609,2026-06-27,1,44,4,2026-06-27 23:01:12.241000+00:00,2026-06-27 23:01:13.384182+00:00,2026-06-27 23:02:39.477000+00:00,0.34,-0.663294217410264,0.12980555720529827,0.08345493073448382,0.4936254398392286,0.0,0.45768427058604844,-0.11768427058604841,0.152955,1.143182,6.0,1.0,1.0,-2.0,0.0,0.0,1.0,1.0,0.0,0.0,0.0,0.0,0.0,-2.0,0.0,1.0,0.0,1.0,0.7,1.0,0.0,0.34,4.890708,0.0,0.36190173285847144,yes,yes,home_yes,2026-06-27 23:01:15.180164+00:00,0.34,1.36,0.02139999999999992,0.008386356687521204,0.8762000000000001,,,,,late_june
1,True,823612,2026-06-25,0,44,5,2026-06-26 00:46:34.931000+00:00,2026-06-26 00:46:38.083613+00:00,2026-06-26 00:48:04.400000+00:00,0.24,-1.1526795099383855,0.10392018148278892,0.1862780446307215,-0.6800280650846506,-0.054067221270275745,0.1444711040631342,0.09552889593686578,0.269524,3.152613,6.0,0.0,2.0,-2.0,0.0,0.0,0.0,0.0,1.0,0.0,0.0,-1.0,-3.0,-1.0,-1.0,0.0,1.0,0.0,0.0,0.0,0.0,0.25,4.380334,0.054067221270275745,0.2155146949704683,no,away_yes,away_yes,2026-06-26 00:46:38.743258+00:00,0.75,2.62,0.034399999999999986,0.05595149917737316,0.6206,,,,,late_june
1,True,823614,2026-06-23,0,10,4,2026-06-23 23:41:51.503000+00:00,2026-06-23 23:41:57.129247+00:00,2026-06-23 23:42:21.757000+00:00,0.38,-0.4895482253187058,0.35102112417281295,0.28563725194715384,0.30211446498311756,-0.04223600727504101,0.4637642008071477,-0.08376420080714769,3.032845,5.626247,2.0,0.0,1.0,0.0,0.0,0.0,1.0,1.0,1.0,0.0,1.0,0.0,-1.0,-2.0,0.0,0.0,0.0,0.0,0.0,0.0,0.0,0.38,4.500161,0.0,0.4152871179980627,yes,yes,home_yes,2026-06-23 23:41:57.265403+00:00,0.38,5.04,0.08319999999999994,0.09464707471023617,-1.9984,,,,,late_june
1,True,823688,2026-06-26,1,75,3,2026-06-27 02:46:30.872000+00:00,2026-06-27 02:46:31.972443+00:00,2026-06-27 02:47:04.502000+00:00,0.21,-1.3249254147435987,0.0014047603534435016,0.001255462987772571,0.11251179839467262,-0.2789568595609111,0.28222394003822204,-0.07222394003822205,1.448174,1.100443,9.0,0.0,2.0,-1.0,0.0,0.0,0.0,0.0,1.0,0.0,1.0,0.0,-1.0,-1.0,0.0,-1.0,1.0,15.0,3086.27,0.9850628752507072,0.029664793948382655,0.21,3.867374,0.0,0.23453726808872907,yes,yes,home_yes,2026-06-27 02:46:32.495276+00:00,0.17,5.0,0.04939999999999989,0.2732863404436454,2.5784999999999996,profitable_reversal,2026-06-27 02:57:40.340839+00:00,0.71,0.07210000000000027,late_june
1,True,823688,2026-06-26,1,81,3,2026-06-27 02:57:37.538000+00:00,2026-06-27 02:57:38.665005+00:00,2026-06-27 02:58:10.061000+00:00,0.69,0.8001193001121129,0.006390352466491587,0.009530754763832394,-0.4029000921969672,0.13682508270184857,0.5647331740409363,0.1252668259590637,0.484629,1.127005,9.0,1.0,2.0,0.0,0.0,0.0,1.0,1.0,0.0,0.0,1.0,0.0,-1.0,-1.0,0.0,0.0,0.0,22.0,400.45,1.0,0.01279204298133659,0.65,4.288422,-0.18108009170588923,0.6454273031660485,no,away_yes,away_yes,2026-06-27 02:57:40.670561+00:00,0.31,2.0,0.030000000000000027,0.05914539366790306,-0.65,,,,,late_june
1,True,823690,2026-06-23,0,28,2,2026-06-24 01:05:18.607000+00:00,2026-06-24 01:05:19.816227+00:00,2026-06-24 01:05:52.957000+00:00,0.42,-0.3227733922630512,0.4474933476891509,0.42161235817653525,0.10535419351806727,-0.2427306845895147,0.5063275336422979,-0.0863275336422979,3.326361,1.209227,3.0,1.0,2.0,0.0,0.0,0.0,1.0,1.0,0.0,0.0,0.0,0.0,-1.0,0.0,0.0,1.0,0.0,4.0,23.95,1.0,0.004330127018922198,0.42,4.693362,0.0,0.44829686798330826,yes,yes,home_yes,2026-06-24 01:05:24.509589+00:00,0.42,4.57,0.07800000000000007,0.05131668668371875,-1.9974,,,,,late_june
1,True,823691,2026-06-24,0,16,2,2026-06-25 00:12:07.577000+00:00,2026-06-25 00:12:10.971636+00:00,2026-06-25 00:12:50.297000+00:00,0.43,-0.2818511521409879,0.43703162021609177,0.36162069673283914,0.31511884967925496,-0.12150850206580852,0.5386169893356529,-0.10861698933565295,1.220547,3.394636,2.0,1.0,1.0,-1.0,0.0,0.0,1.0,1.0,1.0,0.0,0.0,0.0,0.0,-1.0,0.0,0.0,1.0,0.0,0.0,0.0,0.0,0.44,4.187961,0.04068909532409978,0.452907355597674,yes,yes,home_yes,2026-06-25 00:12:12.714923+00:00,0.43,4.47,0.07669999999999999,0.02569587952160271,-1.9988,,,,,late_june
1,True,823770,2026-06-27,0,20,6,2026-06-27 23:47:01.858000+00:00,2026-06-27 23:47:04.955479+00:00,2026-06-27 23:49:18.278000+00:00,0.72,0.9444616088408513,0.5232285138268087,0.6527040151563468,-0.5379653725217781,-0.05016096630321065,0.6122208727267574,0.10777912727324257,0.710235,3.097479,4.0,0.0,0.0,1.0,0.0,0.0,0.0,0.0,0.0,1.0,-1.0,0.0,-3.0,-2.0,-1.0,0.0,0.0,0.0,0.0,0.0,0.0,0.73,4.631925,0.05016096630321065,0.6973674875645879,no,away_yes,away_yes,2026-06-27 23:47:05.895050+00:00,0.28,6.8,0.09599999999999986,0.05790108456080234,4.8,,,,,late_june
1,True,823772,2026-06-18,0,15,2,2026-06-18 18:37:05.221000+00:00,2026-06-18 18:37:07.178005+00:00,2026-06-18 18:37:55.905000+00:00,0.76,1.1526795099383855,0.83343455930567,0.7131833736490422,0.6992714221621537,0.054067221270275745,0.857891125305158,-0.09789112530515798,0.865612,1.957005,2.0,1.0,0.0,1.0,0.0,0.0,1.0,0.0,1.0,0.0,0.0,1.0,0.0,-1.0,0.0,-1.0,1.0,2.0,25.0,1.0,0.0,0.79,4.741889,0.17224590480521318,0.7880587253860115,yes,yes,home_yes,2026-06-18 18:37:07.562769+00:00,0.74,2.65,0.035700000000000065,0.09165562227293048,-1.9967,,,,,late_june
1,True,823850,2026-06-24,1,23,1,2026-06-24 17:04:06.641000+00:00,2026-06-24 17:04:10.309913+00:00,2026-06-24 17:04:29.957000+00:00,0.37,-0.5322168137473082,0.303100512586,0.451707624165246,-0.6388031618418033,0.04314733115625358,0.22896452474266388,0.14103547525733612,0.129464,3.668913,4.0,0.0,1.0,-1.0,0.0,0.0,0.0,0.0,0.0,0.0,0.0,-1.0,0.0,0.0,0.0,0.0,0.0,0.0,0.0,0.0,0.0,0.37,3.786254,0.0,0.3459865326329459,no,away_yes,away_yes,2026-06-24 17:04:12.842865+00:00,0.63,3.09,0.05050000000000021,0.023701614164197013,-1.9972,,,,,late_june
1,True,823851,2026-06-22,0,25,2,2026-06-22 23:29:48.599000+00:00,2026-06-22 23:29:50.169852+00:00,2026-06-22 23:30:14.424000+00:00,0.3,-0.8472978603872036,0.23510898324811635,0.49387099011418223,-1.1551669291986952,0.0,0.11894437772283722,0.18105562227716276,1.689794,1.570852,4.0,0.0,2.0,-2.0,0.0,0.0,0.0,0.0,0.0,0.0,0.0,-2.0,-1.0,0.0,-1.0,0.0,0.0,3.0,61.769999999999996,-0.0037234903674923173,0.004714045207910321,0.31,4.426181,0.047178560275090486,0.27105507866287043,no,away_yes,away_yes,2026-06-22 23:29:51.465349+00:00,0.69,1.41,0.021200000000000108,0.03371233908535258,0.41589999999999994,,,,,late_june
1,True,823852,2026-06-21,1,30,6,2026-06-21 18:41:04.648000+00:00,2026-06-21 18:41:09.982422+00:00,2026-06-21 18:41:51.809000+00:00,0.65,0.6190392084062236,0.6401059905330171,0.4570532834317618,0.748035412108217,0.2135741002980594,0.7601497203065997,-0.11014972030659964,1.522227,5.334422,4.0,1.0,2.0,1.0,0.0,0.0,0.0,1.0,0.0,0.0,0.0,1.0,-2.0,-2.0,-1.0,1.0,0.0,0.0,0.0,0.0,0.0,0.64,4.545842,-0.043675063502661704,0.6826607121814801,yes,yes,home_yes,2026-06-21 18:41:12.411783+00:00,0.65,3.0,0.04779999999999984,0.05018213654444026,1.0022,,,,,late_june
1,True,823934,2026-06-21,0,26,6,2026-06-21 21:06:11.978000+00:00,2026-06-21 21:06:13.118137+00:00,2026-06-21 21:06:36.648000+00:00,0.34,-0.663294217410264,0.15271129188301713,0.22814804654152088,-0.49469432223732435,0.0,0.23903297008995175,0.10096702991004827,0.061114,1.140137,3.0,0.0,1.0,-3.0,0.0,0.0,0.0,0.0,0.0,0.0,0.0,-1.0,-3.0,-2.0,0.0,0.0,0.0,5.0,542.89,1.0,0.0,0.34,4.893352,0.0,0.30817049998570006,no,away_yes,away_yes,2026-06-21 21:06:16.112505+00:00,0.67,2.91,0.045099999999999696,0.018423845041613165,0.9152000000000002,,,,,late_june
1,True,823936,2026-06-19,1,46,2,2026-06-20 03:48:14.727000+00:00,2026-06-20 03:48:18.938905+00:00,2026-06-20 03:48:40.421000+00:00,0.84,1.6582280766035322,0.7086153098953643,0.8953772071537344,-1.2582152125006316,0.2719337154836414,0.531976087075219,0.30802391292478093,0.30815,4.211905,6.0,0.0,2.0,1.0,0.0,0.0,0.0,0.0,0.0,0.0,0.0,-2.0,-1.0,0.0,-1.0,0.0,0.0,0.0,0.0,0.0,0.0,0.84,4.525551,0.0,0.8030249290726108,no,away_yes,away_yes,2026-06-20 03:48:18.994994+00:00,0.17,11.11,0.1097999999999999,0.18989303800329393,-1.9985,,,,,late_june
1,True,823937,2026-06-20,0,27,1,2026-06-21 03:02:10.477000+00:00,2026-06-21 03:02:11.711843+00:00,2026-06-21 03:02:48.575000+00:00,0.44,-0.2411620568168881,0.17866538688709543,0.35807390455322263,-0.9416821061834705,0.0,0.23454119357260364,0.20545880642739636,0.550129,1.234843,4.0,0.0,2.0,-3.0,0.0,0.0,0.0,1.0,1.0,0.0,0.0,-2.0,0.0,0.0,-1.0,0.0,0.0,5.0,287.94,1.0,5.551115123125783e-17,0.4,4.789429,-0.16430305129127618,0.38333455313063947,no,away_yes,away_yes,2026-06-21 03:02:12.036371+00:00,0.58,3.34,0.05700000000000016,0.06546259254366416,-0.08020000000000027,profitable_reversal,2026-06-21 04:44:06.946612+00:00,0.59,0.056600000000000206,late_june
1,True,823937,2026-06-20,0,70,3,2026-06-21 04:44:13.257000+00:00,2026-06-21 04:44:14.317155+00:00,2026-06-21 04:44:43.193000+00:00,0.28,-0.9444616088408512,0.0038684480762919207,0.004053590995959679,-0.04693562038694665,-0.5804962316394393,0.39869609852192195,-0.11869609852192192,0.673758,1.060155,9.0,1.0,1.0,-2.0,2.0,1.0,1.0,1.0,0.0,0.0,0.0,0.0,0.0,1.0,0.0,0.0,0.0,35.0,2110.5099999999998,0.5596040767397454,0.023722890005310932,0.24,4.96261,-0.20821790109753435,0.315218640926966,yes,yes,home_yes,2026-06-21 04:44:14.348793+00:00,0.28,6.8,0.09599999999999986,0.14348675830336874,-2.0,,,,,late_june
1,True,823940,2026-06-17,1,47,3,2026-06-17 20:43:01.791000+00:00,2026-06-17 20:43:03.795592+00:00,2026-06-17 20:45:47.917000+00:00,0.61,0.44731221804366483,0.4983618439595249,0.36233368701320867,0.5586969039471761,0.12453882578061398,0.7071268099145677,-0.09712680991456768,0.593329,2.004592,5.0,1.0,0.0,-2.0,0.0,0.0,1.0,1.0,1.0,0.0,0.0,0.0,0.0,-2.0,0.0,0.0,1.0,3.0,44.57,0.7949293246578416,0.0,0.61,4.633266,0.0,0.6305075596006828,yes,yes,home_yes,2026-06-17 20:43:04.392595+00:00,0.61,3.19,0.053200000000000136,0.01221911512617814,1.1908999999999998,,,,,late_june
1,True,824015,2026-06-27,1,31,1,2026-06-28 02:43:57.002000+00:00,2026-06-28 02:43:58.293840+00:00,2026-06-28 02:44:58.126000+00:00,0.62,0.4895482253187058,0.7019543988187084,0.44600932214740124,1.0734299502188982,-0.12949098308751783,0.8445486023320596,-0.22454860233205964,0.030545,1.29184,4.0,1.0,1.0,1.0,0.0,0.0,0.0,0.0,1.0,0.0,0.0,2.0,0.0,0.0,0.0,-1.0,0.0,7.0,47.43,0.8992199030149695,0.007284313590846843,0.66,4.841733,0.1737459920915585,0.6576203924851015,yes,yes,home_yes,2026-06-28 02:43:58.422801+00:00,0.62,3.14,0.051799999999999846,0.06632803240321893,1.1414000000000002,,,,,late_june
1,True,824018,2026-06-24,1,23,5,2026-06-24 20:52:40.688000+00:00,2026-06-24 20:52:42.303286+00:00,2026-06-24 20:53:13.941000+00:00,0.31,-0.8001193001121131,0.2516647656978186,0.3911459373482489,-0.6472552717942313,-0.13682508270184912,0.21239490922193477,0.09760509077806523,0.145917,1.615286,3.0,0.0,1.0,-1.0,0.0,0.0,0.0,1.0,0.0,0.0,0.0,-1.0,-2.0,-2.0,-1.0,1.0,0.0,0.0,0.0,0.0,0.0,0.31,3.344996,0.0,0.28706747476006306,no,away_yes,away_yes,2026-06-24 20:52:44.566935+00:00,0.69,2.83,0.042400000000000215,0.022499046429021646,-1.9951,,,,,late_june
1,True,824018,2026-06-24,1,24,5,2026-06-24 20:55:11.947000+00:00,2026-06-24 20:55:13.388233+00:00,2026-06-24 20:55:41.291000+00:00,0.19,-1.4500101755059984,0.11794233781068908,0.25351085869404655,-0.9320871745579151,0.06633731386209019,0.07955309456797614,0.11044690543202386,1.577115,1.441233,3.0,0.0,1.0,-3.0,0.0,0.0,0.0,0.0,0.0,0.0,0.0,-2.0,-2.0,-2.0,0.0,-1.0,0.0,3.0,101.99,1.0,2.7755575615628914e-17,0.2,4.659553,0.06371581438610785,0.165817673804157,no,away_yes,away_yes,2026-06-24 20:55:15.986833+00:00,0.81,2.43,0.02619999999999978,0.032563052655898546,-1.9945,,,,,late_june
1,True,824095,2026-06-21,0,47,4,2026-06-21 19:47:59.274000+00:00,2026-06-21 19:48:00.982255+00:00,2026-06-21 19:50:41.901000+00:00,0.29,-0.8953840470548413,0.13731388251578802,0.21220913459350565,-0.5261211124751977,-0.09526474694272824,0.20978192505189816,0.08021807494810182,2.502569,1.708255,5.0,0.0,0.0,-2.0,0.0,0.0,0.0,0.0,0.0,1.0,-2.0,0.0,-1.0,-2.0,-1.0,0.0,-1.0,9.0,2137.7799999999997,1.0,0.0339934634239519,0.27,4.242277,-0.09923852808922062,0.2694361540896147,no,away_yes,away_yes,2026-06-21 19:48:01.058700+00:00,0.69,2.83,0.042400000000000215,0.07239568392639052,0.5939000000000003,profitable_reversal,2026-06-21 21:07:35.293525+00:00,0.92,0.014599999999999724,late_june
1,True,824095,2026-06-21,0,89,3,2026-06-21 21:07:55.538000+00:00,2026-06-21 21:07:56.619035+00:00,2026-06-21 21:09:21.707000+00:00,0.17,-1.5856272637403817,0.0025388366793282053,0.001180397974177501,0.7672152977814353,-0.4329477538019961,0.4048096744723816,-0.23480967447238157,0.351508,1.081035,9.0,1.0,0.0,-3.0,0.0,0.0,1.0,0.0,1.0,0.0,0.0,0.0,-1.0,-1.0,0.0,0.0,1.0,8.0,222.29000000000002,0.530163300193441,0.025860201081971495,0.15,3.191019,-0.14897379164772473,0.19307157907656713,yes,yes,home_yes,2026-06-21 21:07:56.662597+00:00,0.17,4.0,0.03959999999999997,0.05268631630626852,-0.7196,,,,,late_june
1,True,824097,2026-06-19,1,32,4,2026-06-20 01:22:44.564000+00:00,2026-06-20 01:22:47.953076+00:00,2026-06-20 01:23:30.336000+00:00,0.75,1.0986122886681098,0.7182806738838512,0.40513735520665034,1.3200534970660938,0.05264373348542217,0.9141993483981478,-0.16419934839814776,1.019253,3.389076,4.0,1.0,2.0,2.0,0.0,0.0,0.0,1.0,0.0,0.0,0.0,2.0,-1.0,-2.0,-1.0,0.0,0.0,0.0,0.0,0.0,0.0,0.75,4.444235,0.0,0.7929454518158027,yes,yes,home_yes,2026-06-20 01:22:49.874583+00:00,0.75,2.62,0.034399999999999986,0.07811708375740302,0.6206,,,,,late_june
1,True,824178,2026-06-17,1,20,6,2026-06-17 18:52:06.382000+00:00,2026-06-17 18:52:07.709845+00:00,2026-06-17 18:52:31.672000+00:00,0.63,0.5322168137473082,0.6190924195646182,0.47214324586119055,0.597240312883508,0.0,0.7557386998235011,-0.12573869982350105,2.799088,1.327845,3.0,1.0,2.0,1.0,0.0,0.0,0.0,0.0,0.0,0.0,0.0,1.0,-3.0,-2.0,0.0,0.0,0.0,0.0,0.0,0.0,0.0,0.64,4.048295,0.04314733115625369,0.6754620200463367,yes,yes,home_yes,2026-06-17 18:52:10.155756+00:00,0.64,3.04,0.04909999999999992,0.058704540940863637,1.0453000000000001,,,,,late_june
1,True,824180,2026-06-20,0,13,1,2026-06-20 23:40:23.213000+00:00,2026-06-20 23:40:26.391444+00:00,2026-06-20 23:41:02.132000+00:00,0.66,0.6632942174102643,0.6551722281526017,0.5076398151096632,0.6112914255032019,0.04425500900404067,0.7738764376974787,-0.11387643769747868,0.098565,3.178444,2.0,1.0,0.0,0.0,0.0,0.0,1.0,0.0,1.0,0.0,0.0,1.0,0.0,0.0,0.0,-1.0,1.0,0.0,0.0,0.0,0.0,0.69,4.957414,0.13682508270184857,0.6851200562997228,yes,yes,home_yes,2026-06-20 23:40:26.851637+00:00,0.66,2.95,0.046399999999999775,0.027704166084182497,-1.9934,,,,,late_june
1,True,824257,2026-06-27,0,9,8,2026-06-27 17:29:38.564000+00:00,2026-06-27 17:29:39.902595+00:00,2026-06-27 17:30:00.970000+00:00,0.32,-0.7537718023763801,0.21962068078918284,0.36829382750866435,-0.7283349229435493,0.04634749773573299,0.17821996398479953,0.14178003601520048,1.551348,1.338595,2.0,0.0,0.0,-2.0,0.0,0.0,0.0,0.0,0.0,0.0,0.0,-2.0,-3.0,-2.0,0.0,-1.0,0.0,1.0,89.49,1.0,0.0,0.33,4.349471,0.04558674445189448,0.2925868581097469,no,away_yes,away_yes,2026-06-27 17:29:39.968603+00:00,0.68,2.87,0.04379999999999984,0.03487571722502662,0.030399999999999316,profitable_reversal,2026-06-27 17:59:53.233241+00:00,0.72,0.040600000000000414,late_june
1,True,824257,2026-06-27,0,27,2,2026-06-27 18:00:15.784000+00:00,2026-06-27 18:00:17.520194+00:00,2026-06-27 18:01:38.812000+00:00,0.36,-0.5753641449035618,0.27366593387103444,0.2052371466198771,0.37777573710713974,0.0,0.4507629831798903,-0.09076298317989029,2.282305,1.736194,3.0,1.0,1.0,-3.0,0.0,0.0,1.0,1.0,1.0,0.0,0.0,0.0,0.0,-1.0,0.0,0.0,1.0,3.0,131.0,0.7404580152671756,5.551115123125783e-17,0.36,4.382289,0.0,0.3804022420127682,yes,yes,home_yes,2026-06-27 18:00:20.452353+00:00,0.36,5.31,0.08570000000000033,0.022635905087798752,1.4782000000000002,profitable_reversal,2026-06-27 19:27:32.360902+00:00,0.67,0.08219999999999983,late_june
1,True,824257,2026-06-27,0,28,4,2026-06-27 18:03:30.506000+00:00,2026-06-27 18:03:31.596944+00:00,2026-06-27 18:04:13.492000+00:00,0.67,0.708185057924486,0.6236985963728944,0.25346610720829477,1.5854877088757031,-0.04558674445189426,0.9120767214395207,-0.24207672143952064,0.178161,1.090944,3.0,1.0,1.0,1.0,0.0,0.0,0.0,0.0,0.0,0.0,0.0,4.0,-1.0,-2.0,-1.0,-1.0,-1.0,9.0,439.09,0.9544512514518664,0.0031426968052735123,0.67,4.762591,0.0,0.7105189251412202,yes,yes,home_yes,2026-06-27 18:03:32.245717+00:00,0.68,2.87,0.04379999999999984,0.043789315155301906,-0.11699999999999955,profitable_reversal,2026-06-27 19:27:32.360902+00:00,0.67,0.04449999999999976,late_june
1,True,824257,2026-06-27,0,74,3,2026-06-27 19:36:53.425000+00:00,2026-06-27 19:36:54.663072+00:00,2026-06-27 19:37:35.505000+00:00,0.26,-1.0459685551826876,0.047921501326171234,0.2586258686694156,-1.9359603012221618,0.0,0.04824897645958252,0.2117510235404175,1.184566,1.238072,8.0,0.0,2.0,-2.0,0.0,0.0,0.0,1.0,0.0,0.0,0.0,-2.0,0.0,-2.0,0.0,0.0,-1.0,18.0,428.75,0.0873935860058309,0.011547005383792516,0.28,4.884405,0.10150694634183643,0.22140245604966408,no,away_yes,away_yes,2026-06-27 19:36:55.011333+00:00,0.7,1.0,0.014700000000000046,0.06389754395033587,0.2853,,,,,late_june
1,True,824258,2026-06-25,0,34,2,2026-06-26 00:00:02.837000+00:00,2026-06-26 00:00:04.946346+00:00,2026-06-26 00:00:26.295000+00:00,0.35,-0.6190392084062235,0.19959583721951724,0.35789859209363084,-0.8043257320344016,-0.043675063502661704,0.20105881149152516,0.14894118850847482,1.066331,2.109346,6.0,0.0,1.0,-1.0,0.0,0.0,0.0,0.0,0.0,0.0,0.0,-1.0,0.0,-1.0,0.0,0.0,0.0,3.0,295.86,0.7972013790306226,0.004714045207910295,0.36,4.108163,0.043675063502661704,0.32705280809928383,no,away_yes,away_yes,2026-06-26 00:00:05.231697+00:00,0.65,3.0,0.04779999999999984,0.021041575702148596,1.0022,,,,,late_june
1,True,824260,2026-06-21,1,71,5,2026-06-21 19:58:55.040000+00:00,2026-06-21 19:58:56.084132+00:00,2026-06-21 19:59:39.182000+00:00,0.66,0.6632942174102643,0.007186078366625985,0.002123559745279765,1.2241379933277106,0.04425500900404067,0.8633240363378294,-0.20332403633782936,0.908545,1.044132,9.0,1.0,2.0,0.0,0.0,0.0,1.0,0.0,1.0,0.0,0.0,1.0,-1.0,-2.0,0.0,0.0,0.0,2.0,32.19,-1.0,0.0,0.64,4.692982,-0.08793007250670237,0.6912264960322066,yes,yes,home_yes,2026-06-21 19:58:56.397481+00:00,0.67,2.91,0.045099999999999696,0.016669103453721544,0.9152000000000002,,,,,late_june
1,True,824261,2026-06-22,1,30,3,2026-06-22 23:12:54.124000+00:00,2026-06-22 23:12:55.268507+00:00,2026-06-22 23:14:01.564000+00:00,0.72,0.9444616088408513,0.7183732671255267,0.5873976105328955,0.58318919372807,0.0,0.8216623385507875,-0.10166233855078755,1.49869,1.144507,3.0,1.0,2.0,2.0,0.0,0.0,1.0,1.0,0.0,0.0,0.0,1.0,0.0,-2.0,0.0,1.0,-1.0,0.0,0.0,0.0,0.0,0.73,4.113696,0.05016096630321065,0.7517985268566214,yes,yes,home_yes,2026-06-22 23:12:56.915636+00:00,0.71,2.76,0.03980000000000028,0.0755639341242749,0.7605999999999997,,,,,late_june
1,True,824262,2026-06-23,0,23,3,2026-06-23 23:27:53.413000+00:00,2026-06-23 23:27:54.503421+00:00,2026-06-23 23:29:16.844000+00:00,0.71,0.8953840470548413,0.6813375817967176,0.5326249696717624,0.6292400491623233,-0.09923852808922062,0.8353271442505305,-0.1253271442505305,0.207138,1.090421,3.0,1.0,2.0,2.0,0.0,0.0,1.0,0.0,0.0,0.0,0.0,1.0,0.0,-2.0,1.0,-1.0,0.0,0.0,0.0,0.0,0.0,0.73,3.559577,0.09923852808922062,0.7535859523450219,yes,yes,home_yes,2026-06-23 23:27:58.062998+00:00,0.73,1.63,0.022499999999999964,0.015945102322385767,-1.2124,,,,,late_june
1,True,824263,2026-06-20,1,40,3,2026-06-20 18:34:01.090000+00:00,2026-06-20 18:34:02.402142+00:00,2026-06-20 18:34:48.839000+00:00,0.6,0.4054651081081642,0.45834157930084496,0.27754209466190527,0.7896656714411011,0.2047944126460128,0.7291543559909338,-0.12915435599093383,0.273928,1.312142,5.0,1.0,2.0,0.0,0.0,0.0,1.0,0.0,1.0,0.0,0.0,1.0,-1.0,-1.0,0.0,-1.0,1.0,2.0,10.0,-1.0,0.0,0.58,3.907603,-0.08269171584511337,0.6228654029075567,yes,yes,home_yes,2026-06-20 18:34:05.527899+00:00,0.58,3.34,0.05700000000000016,0.08617044571123919,1.3457999999999999,,,,,late_june
1,True,824264,2026-06-19,1,34,5,2026-06-19 23:47:26.048000+00:00,2026-06-19 23:47:28.774030+00:00,2026-06-19 23:48:07.719000+00:00,0.55,0.2006706954621514,0.372538149103661,0.510486266504991,-0.5632946449459577,-0.08118045667883608,0.43009992015321097,0.11990007984678908,0.318797,2.72603,5.0,0.0,0.0,1.0,0.0,0.0,1.0,0.0,1.0,0.0,0.0,0.0,-1.0,-2.0,0.0,0.0,1.0,0.0,0.0,0.0,0.0,0.56,3.822661,0.04049136135473683,0.5271560711279738,no,away_yes,away_yes,2026-06-19 23:47:31.905717+00:00,0.41,4.68,0.07930000000000015,0.21480958712108256,0.5891999999999995,profitable_reversal,2026-06-20 00:19:53.353837+00:00,0.57,0.08030000000000026,late_june
1,True,824264,2026-06-19,1,47,4,2026-06-20 00:19:51.938000+00:00,2026-06-20 00:19:53.333983+00:00,2026-06-20 00:20:34.164000+00:00,0.41,-0.3639653772014119,0.27077416597247617,0.21228282601663076,0.3205213060983877,0.04149973090675235,0.4787768092016376,-0.06877680920163765,3.721761,1.395983,6.0,1.0,0.0,-1.0,0.0,0.0,1.0,0.0,0.0,0.0,0.0,0.0,-1.0,-2.0,1.0,0.0,0.0,10.0,19511.6,0.9887656573525494,0.010770329614268994,0.46,4.819642,0.20362272712623256,0.43120797273544376,yes,yes,home_yes,2026-06-20 00:19:53.412958+00:00,0.41,4.68,0.07930000000000015,0.01995331240187674,2.6818999999999997,,,,,late_june
1,True,824340,2026-06-23,0,29,2,2026-06-24 01:40:08.676000+00:00,2026-06-24 01:40:10.369963+00:00,2026-06-24 01:41:18.778000+00:00,0.41,-0.3639653772014119,0.3114110565760277,0.3257880640803233,-0.06623328268046957,-0.3639653772014119,0.4834477299115585,-0.07344772991155851,0.210591,1.693963,3.0,1.0,2.0,-1.0,0.0,2.0,0.0,1.0,1.0,0.0,0.0,0.0,0.0,1.0,0.0,0.0,0.0,0.0,0.0,0.0,0.0,0.41,3.878711,0.0,0.4471221123304998,yes,yes,home_yes,2026-06-24 01:40:11.051059+00:00,0.41,1.0,0.017000000000000015,0.02012211233049982,-0.427,,,,,late_june
1,True,824342,2026-06-20,1,49,3,2026-06-21 03:00:16.539000+00:00,2026-06-21 03:00:17.950630+00:00,2026-06-21 03:02:46.507000+00:00,0.67,0.708185057924486,0.717968677208216,0.6229868732877286,0.4321623618447895,0.044890840514221764,0.7494078378035183,-0.07940783780351823,0.009412,1.41163,7.0,1.0,0.0,1.0,0.0,0.0,0.0,0.0,0.0,0.0,-1.0,0.0,0.0,-2.0,-1.0,0.0,0.0,16.0,266.31,1.0,0.010532687216470457,0.73,3.86034,0.2864375172195759,0.6916265362469375,yes,yes,home_yes,2026-06-21 03:00:18.153104+00:00,0.67,2.91,0.045099999999999696,0.017833220478588277,0.9152000000000002,,,,,late_june
1,True,824345,2026-06-19,1,54,1,2026-06-20 02:16:27.745000+00:00,2026-06-20 02:16:28.902745+00:00,2026-06-20 02:17:10.336000+00:00,0.84,1.6582280766035322,0.795715693449952,0.8611412239709281,-0.4650718274597754,0.2719337154836414,0.7152911398597345,0.1247088601402655,1.716039,1.157745,8.0,0.0,1.0,2.0,0.0,0.0,0.0,1.0,0.0,0.0,0.0,0.0,0.0,0.0,0.0,1.0,0.0,1.0,0.01,1.0,0.0,0.8,4.537848,-0.2719337154836414,0.810112071003228,no,away_yes,away_yes,2026-06-20 02:16:31.815501+00:00,0.16,11.8,0.11109999999999998,0.2415775621619094,4.643600000000001,profitable_reversal,2026-06-20 02:22:36.259604+00:00,0.58,0.2012999999999998,late_june
1,True,824345,2026-06-19,1,57,2,2026-06-20 02:22:52.471000+00:00,2026-06-20 02:22:54.620245+00:00,2026-06-20 02:25:04.102000+00:00,0.36,-0.5753641449035618,0.3115248733517002,0.23868632745154994,0.3668951997783235,-0.2525907526405106,0.5110286627808914,-0.15102866278089144,2.628629,2.149245,8.0,0.0,2.0,0.0,2.0,0.0,0.0,0.0,0.0,0.0,1.0,0.0,1.0,0.0,-1.0,0.0,0.0,0.0,0.0,0.0,0.0,0.37,4.797363,0.04314733115625358,0.4259731387601916,yes,yes,home_yes,2026-06-20 02:22:55.144646+00:00,0.37,5.17,0.08440000000000003,0.2049811273901906,3.1727,,,,,late_june
1,True,824421,2026-06-27,1,29,2,2026-06-28 00:09:06.564000+00:00,2026-06-28 00:09:08.605387+00:00,2026-06-28 00:10:37.646000+00:00,0.79,1.3249254147435987,0.8711970089812865,0.7328072495997807,0.9026717060351079,0.47762755435639526,0.8519489633636214,-0.06194896336362132,1.531481,2.041387,4.0,1.0,1.0,3.0,0.0,0.0,1.0,0.0,0.0,0.0,0.0,2.0,0.0,-1.0,1.0,-1.0,-1.0,1.0,42.0,-1.0,0.0,0.79,4.904284,0.0,0.8151473204307786,yes,yes,home_yes,2026-06-28 00:09:10.458964+00:00,0.79,2.49,0.028999999999999693,0.033616827872639046,0.4939000000000002,,,,,late_june
1,True,824500,2026-06-24,0,86,2,2026-06-25 02:23:05.090000+00:00,2026-06-25 02:23:06.104137+00:00,2026-06-25 02:23:33.669000+00:00,0.34,-0.663294217410264,0.0037546647896527564,0.0022570528380843062,0.5104412299277046,-0.17374599209155817,0.5052230611571037,-0.16522306115710367,0.336464,1.014137,9.0,1.0,0.0,-1.0,0.0,0.0,1.0,0.0,0.0,0.0,0.0,0.0,0.0,-1.0,1.0,0.0,0.0,5.0,290.65999999999997,0.9311910823642744,0.055641710972974226,0.33,4.402224,-0.04489084051422165,0.372666833718307,yes,yes,home_yes,2026-06-25 02:23:06.506888+00:00,0.34,5.62,0.08829999999999982,0.09528760549688539,-1.9991,,,,,late_june
1,True,824581,2026-06-27,1,52,1,2026-06-27 21:57:32.217000+00:00,2026-06-27 21:57:33.498585+00:00,2026-06-27 21:58:05.133000+00:00,0.43,-0.2818511521409879,0.3524881392509603,0.2768115901207919,0.3522125511025299,-0.5637023042819753,0.6534103226668717,-0.22341032266687172,0.215843,1.281585,7.0,1.0,2.0,0.0,0.0,0.0,1.0,0.0,0.0,0.0,1.0,1.0,0.0,0.0,0.0,0.0,-1.0,15.0,656.0,-0.9420731707317073,0.07533628312808878,0.53,4.94054,0.4019954639830513,0.47214576074028947,yes,yes,home_yes,2026-06-27 21:57:33.666429+00:00,0.43,3.0,0.05149999999999988,0.07493728222086854,1.6585,,,,,late_june
1,True,824583,2026-06-24,0,42,2,2026-06-24 22:24:13.330000+00:00,2026-06-24 22:24:14.524421+00:00,2026-06-24 22:26:53.080000+00:00,0.24,-1.1526795099383855,0.08137213657888576,0.23187390320925294,-1.2260879870339778,0.6626104566998636,0.04559117485322038,0.1944088251467796,0.420073,1.194421,6.0,0.0,1.0,-2.0,0.0,0.0,0.0,1.0,1.0,0.0,0.0,-2.0,0.0,-1.0,-1.0,0.0,0.0,8.0,106.06,1.0,0.006614378277661482,0.24,4.222295,0.0,0.17963883815308462,no,away_yes,away_yes,2026-06-24 22:24:15.457214+00:00,0.78,2.52,0.030299999999999994,0.07141012785422655,0.07080000000000042,profitable_reversal,2026-06-24 22:47:25.443376+00:00,0.83,0.0248999999999997,late_june
1,True,824583,2026-06-24,0,51,5,2026-06-24 22:47:44.173000+00:00,2026-06-24 22:47:45.199011+00:00,2026-06-24 22:48:14.318000+00:00,0.26,-1.0459685551826876,0.14882013798880875,0.1108461513175587,0.338242052182522,-0.38267433777242366,0.41944499232489074,-0.15944499232489073,2.447805,1.026011,7.0,1.0,0.0,-2.0,0.0,0.0,1.0,0.0,0.0,0.0,0.0,0.0,-2.0,-2.0,1.0,0.0,0.0,1.0,136.0,-1.0,0.0,0.25,4.845708,-0.05264373348542217,0.2943994043642112,yes,yes,home_yes,2026-06-24 22:47:47.548302+00:00,0.26,1.0,0.013500000000000012,0.02089940436421117,-0.055900000000000005,profitable_reversal,2026-06-24 23:17:28.209289+00:00,0.23,0.012399999999999994,late_june
1,True,824584,2026-06-23,1,38,1,2026-06-24 00:48:09.842000+00:00,2026-06-24 00:48:11.221718+00:00,2026-06-24 00:49:22.380000+00:00,0.57,0.2818511521409875,0.5300488833683193,0.46551502889955104,0.25849978363115483,0.0,0.6318940505638532,-0.06189405056385322,4.526853,1.379718,5.0,1.0,1.0,0.0,1.0,0.0,0.0,0.0,1.0,0.0,0.0,0.0,1.0,0.0,-1.0,0.0,1.0,1.0,42.57,1.0,0.0,0.63,4.85432,0.25036566160632073,0.5903443919343797,yes,yes,home_yes,2026-06-24 00:48:14.613071+00:00,0.57,3.4,0.05840000000000023,0.010770932576890949,1.4036,,,,,late_june
1,True,824585,2026-06-22,1,21,3,2026-06-23 00:25:26.746000+00:00,2026-06-23 00:25:31.864438+00:00,2026-06-23 00:26:12.027000+00:00,0.59,0.3639653772014115,0.5691839592023472,0.4919997699822709,0.3105261564129432,0.0,0.6625081580080757,-0.07250815800807575,4.1711,5.118438,3.0,0.0,2.0,1.0,0.0,0.0,1.0,1.0,0.0,0.0,1.0,0.0,-2.0,0.0,0.0,0.0,0.0,0.0,0.0,0.0,0.0,0.59,3.376633,0.0,0.6130569496587953,yes,yes,home_yes,2026-06-23 00:25:32.653840+00:00,0.59,3.29,0.05580000000000007,0.020057364377436618,0.15640000000000076,profitable_reversal,2026-06-23 01:44:43.586946+00:00,0.67,0.05099999999999971,late_june
1,True,824585,2026-06-22,1,53,3,2026-06-23 01:44:36.411000+00:00,2026-06-23 01:44:40.239287+00:00,2026-06-23 01:45:20.300000+00:00,0.65,0.6190392084062236,0.5413970305212115,0.7692635270455459,-1.0381893023331203,0.5790338737925245,0.26929862477540095,0.38070137522459907,0.409376,3.828287,7.0,0.0,1.0,1.0,0.0,0.0,1.0,0.0,1.0,0.0,0.0,-2.0,-1.0,-1.0,0.0,-1.0,0.0,0.0,0.0,0.0,0.0,0.53,4.900598,-0.4988948965641602,0.5779359893203359,no,away_yes,away_yes,2026-06-23 01:44:44.978845+00:00,0.4,4.79,0.0804999999999998,0.02518661115559137,1.8818,profitable_reversal,2026-06-23 02:38:41.511183+00:00,0.82,0.0495000000000001,late_june
1,True,824585,2026-06-22,1,55,4,2026-06-23 01:48:01.735000+00:00,2026-06-23 01:48:03.744124+00:00,2026-06-23 01:50:44.058000+00:00,0.38,-0.4895482253187058,0.31267656947293654,0.6402806453590639,-1.364218067930861,0.6631312846196797,0.07468205425403604,0.30531794574596394,1.090347,2.009124,7.0,0.0,2.0,0.0,0.0,0.0,1.0,0.0,1.0,0.0,0.0,-1.0,-1.0,-2.0,1.0,-1.0,0.0,2.0,13.27,1.0,0.0,0.49,4.896365,0.4495428907050065,0.30663621989373563,no,away_yes,away_yes,2026-06-23 01:48:04.616393+00:00,0.61,2.0,0.033400000000000096,0.13332756021252878,0.36589999999999967,profitable_reversal,2026-06-23 02:38:41.511183+00:00,0.82,0.020700000000000163,late_june
1,True,824745,2026-06-27,1,14,5,2026-06-27 17:38:46.466000+00:00,2026-06-27 17:38:50.288522+00:00,2026-06-27 17:39:22.166000+00:00,0.72,0.9444616088408513,0.7614162718155947,0.6530537581076981,0.5279702990819718,0.14434230872873843,0.7905244565143885,-0.07052445651438854,1.175389,3.822522,2.0,1.0,1.0,2.0,0.0,0.0,0.0,0.0,0.0,0.0,0.0,1.0,-3.0,-1.0,0.0,0.0,0.0,0.0,0.0,0.0,0.0,0.72,4.703563,0.0,0.7413251590785678,yes,yes,home_yes,2026-06-27 17:38:51.844683+00:00,0.72,2.72,0.03839999999999977,0.019604432693704654,0.7232000000000003,,,,,late_june
1,True,824746,2026-06-17,0,47,3,2026-06-18 00:48:09.936000+00:00,2026-06-18 00:48:11.047324+00:00,2026-06-18 00:48:41.786000+00:00,0.28,-0.9444616088408512,0.19437936641941764,0.14591299628685084,0.34522133105921493,-0.1443423087287381,0.38819686307773044,-0.10819686307773041,0.73365,1.111324,6.0,1.0,0.0,-2.0,0.0,0.0,1.0,0.0,0.0,0.0,0.0,0.0,0.0,-2.0,1.0,0.0,0.0,0.0,0.0,0.0,0.0,0.31,4.65838,0.1443423087287381,0.3010448935180796,yes,yes,home_yes,2026-06-18 00:48:11.100780+00:00,0.28,6.8,0.09599999999999986,0.047105275922941336,-2.0,,,,,late_june
1,True,824747,2026-06-25,1,45,6,2026-06-26 00:51:42.532000+00:00,2026-06-26 00:51:44.085990+00:00,2026-06-26 00:52:16.123000+00:00,0.75,1.0986122886681098,0.7318282752081605,0.3865231838924506,1.465868973726096,0.0,0.9285403752205027,-0.1785403752205027,1.357473,1.55399,5.0,1.0,2.0,2.0,0.0,0.0,0.0,0.0,0.0,0.0,0.0,2.0,-3.0,-2.0,0.0,-1.0,0.0,1.0,46.59,-1.0,0.0,0.75,4.369336,0.0,0.7884747871839165,yes,yes,home_yes,2026-06-26 00:51:45.550405+00:00,0.76,2.58,0.03299999999999992,0.04046495093450464,0.5862,,,,,late_june
1,True,824748,2026-06-18,0,57,2,2026-06-18 19:30:20.404000+00:00,2026-06-18 19:30:22.544046+00:00,2026-06-18 19:31:30.523000+00:00,0.62,0.4895482253187058,0.28245377899175295,0.10648472519593494,1.1948394383815093,0.042236007275040954,0.8378275010763742,-0.21782750107637416,1.187153,2.140046,8.0,1.0,0.0,0.0,0.0,0.0,0.0,0.0,0.0,0.0,0.0,1.0,-1.0,0.0,0.0,0.0,0.0,13.0,34388.560000000005,0.9959672635318255,0.004213250442347435,0.62,4.368276,0.0,0.6421570116333192,yes,yes,home_yes,2026-06-18 19:30:25.126874+00:00,0.62,3.14,0.051799999999999846,0.017773016528622385,-1.9986,,,,,late_june
1,True,824824,2026-06-26,1,33,1,2026-06-27 00:11:32.067000+00:00,2026-06-27 00:11:35.671533+00:00,2026-06-27 00:12:11.691000+00:00,0.79,1.3249254147435987,0.786089833111606,0.5291693600274702,1.1847048534175164,0.05925904141232263,0.9205885936722871,-0.13058859367228703,1.087499,3.604533,4.0,1.0,2.0,2.0,0.0,0.0,1.0,1.0,0.0,0.0,0.0,2.0,0.0,0.0,0.0,0.0,-1.0,0.0,0.0,0.0,0.0,0.8,4.910246,0.06136894637629209,0.8221297633788852,yes,yes,home_yes,2026-06-27 00:11:40.581779+00:00,0.8,2.46,0.02760000000000007,0.02683921791205745,0.4643999999999999,,,,,late_june
1,True,824825,2026-06-27,0,36,4,2026-06-28 00:24:06.261000+00:00,2026-06-28 00:24:08.079772+00:00,2026-06-28 00:24:30.190000+00:00,0.35,-0.6190392084062235,0.2555948305526715,0.3758210536614318,-0.5616679804021436,-0.08682239465891528,0.2508874524260476,0.09911254757395238,2.268092,1.818772,5.0,0.0,0.0,-1.0,0.0,0.0,0.0,0.0,0.0,0.0,0.0,-1.0,-3.0,0.0,0.0,0.0,0.0,0.0,0.0,0.0,0.0,0.36,4.805888,0.043675063502661704,0.3234282374806142,no,away_yes,away_yes,2026-06-28 00:24:12.232460+00:00,0.65,3.0,0.04779999999999984,0.031915287558157424,0.21279999999999988,profitable_reversal,2026-06-28 01:24:40.159688+00:00,0.75,0.0394000000000001,late_june
1,True,824825,2026-06-27,0,64,4,2026-06-28 01:24:34.622000+00:00,2026-06-28 01:24:38.858194+00:00,2026-06-28 01:25:13.808000+00:00,0.26,-1.0459685551826876,0.0975283173589453,0.062398328556064364,0.4847921695952424,-0.1505845081278463,0.39877020853500267,-0.13877020853500266,4.422836,4.236194,8.0,1.0,0.0,-2.0,0.0,0.0,1.0,0.0,0.0,0.0,0.0,0.0,-1.0,-2.0,1.0,0.0,0.0,0.0,0.0,0.0,0.0,0.26,3.483434,0.0,0.2859836495105199,yes,yes,home_yes,2026-06-28 01:24:40.547406+00:00,0.26,7.31,0.09850000000000003,0.09144047792190044,1.0186999999999997,profitable_reversal,2026-06-28 01:40:34.300683+00:00,0.43,0.12550000000000017,late_june
1,True,824825,2026-06-27,0,67,4,2026-06-28 01:32:06.547000+00:00,2026-06-28 01:32:07.650563+00:00,2026-06-28 01:33:25.683000+00:00,0.45,-0.20067069546215124,0.08885310277810661,0.04839403988514513,0.6510547213340154,-0.12062798778861475,0.6389966592113758,-0.18899665921137582,0.343066,1.103563,8.0,1.0,2.0,-1.0,0.0,0.0,0.0,1.0,0.0,0.0,0.0,1.0,-1.0,-2.0,0.0,1.0,-1.0,0.0,0.0,0.0,0.0,0.37,4.443215,-0.331546118285157,0.4717462733243602,yes,yes,home_yes,2026-06-28 01:32:11.622987+00:00,0.41,4.68,0.07930000000000015,0.2096725591580057,-0.06599999999999984,profitable_reversal,2026-06-28 01:40:34.300683+00:00,0.43,0.08029999999999982,late_june
1,True,824908,2026-06-21,0,13,2,2026-06-21 17:59:13.176000+00:00,2026-06-21 17:59:14.306549+00:00,2026-06-21 17:59:49.268000+00:00,0.4,-0.4054651081081643,0.2895405480125365,0.2556473692498821,0.17109933077518158,-0.12361395596717639,0.47234031161332507,-0.07234031161332505,1.991219,1.130549,2.0,0.0,2.0,-1.0,0.0,0.0,0.0,1.0,0.0,0.0,1.0,0.0,-1.0,0.0,0.0,0.0,0.0,7.0,116.0,1.0,0.009258200997725523,0.41,4.128458,0.04149973090675235,0.42211193589798224,yes,yes,home_yes,2026-06-21 17:59:18.435007+00:00,0.4,4.79,0.0804999999999998,0.025416172951335025,-1.9965,,,,,late_june
1,True,824910,2026-06-19,1,27,1,2026-06-20 00:02:05.227000+00:00,2026-06-20 00:02:07.276448+00:00,2026-06-20 00:02:33.572000+00:00,0.29,-0.8953840470548413,0.2678708559267121,0.2325363309048908,0.18859272564957164,-0.23208982964457736,0.38350406893834044,-0.09350406893834046,0.432846,2.049448,4.0,0.0,2.0,-1.0,0.0,0.0,0.0,1.0,0.0,0.0,1.0,0.0,0.0,0.0,0.0,0.0,0.0,0.0,0.0,0.0,0.0,0.28,4.157345,-0.04907756178600986,0.3112254074333028,yes,yes,home_yes,2026-06-20 00:02:08.872724+00:00,0.29,6.57,0.0947,0.04475092683679949,4.57,,,,,late_june
1,True,824910,2026-06-19,1,48,4,2026-06-20 00:51:16.440000+00:00,2026-06-20 00:51:18.173946+00:00,2026-06-20 00:52:05.714000+00:00,0.65,0.6190392084062236,0.6656238769991052,0.2518921808027406,1.7770042545071398,0.29626581614317277,0.8908815653693342,-0.24088156536933414,0.003852,1.733946,6.0,1.0,2.0,1.0,0.0,0.0,1.0,1.0,0.0,0.0,0.0,2.0,-1.0,-2.0,0.0,0.0,-1.0,0.0,0.0,0.0,0.0,0.71,3.938876,0.2763448386486177,0.6783114127219416,yes,yes,home_yes,2026-06-20 00:51:19.503764+00:00,0.64,3.04,0.04909999999999992,0.06736669467470256,1.0453000000000001,,,,,late_june
1,True,824913,2026-06-17,0,15,1,2026-06-17 23:50:08.991000+00:00,2026-06-17 23:50:10.172394+00:00,2026-06-17 23:50:28.902000+00:00,0.23,-1.2083112059245342,0.09414146056568551,0.24302487017962426,-1.1279179909140586,0.11661420881906448,0.0792308649214669,0.15076913507853312,0.295089,1.181394,2.0,0.0,2.0,-4.0,0.0,0.0,0.0,0.0,0.0,0.0,0.0,-2.0,0.0,0.0,-1.0,0.0,0.0,8.0,288.12,0.6598639455782312,0.005994789404140905,0.23,4.425486,0.0,0.19931847943551673,no,away_yes,away_yes,2026-06-17 23:50:11.682024+00:00,0.78,2.52,0.030299999999999994,0.02181743182249779,0.5241,,,,,late_june
1,True,824988,2026-06-20,0,47,7,2026-06-21 03:57:29.323000+00:00,2026-06-21 03:57:30.499820+00:00,2026-06-21 03:58:03.187000+00:00,0.24,-1.1526795099383855,0.07065189761476665,0.10104433319935713,-0.3910440507854549,0.2973306655676129,0.13692665879203414,0.10307334120796585,0.00018,1.17682,6.0,0.0,1.0,-2.0,0.0,0.0,1.0,1.0,1.0,0.0,0.0,0.0,-2.0,-2.0,0.0,0.0,1.0,4.0,123.37,1.0,0.008291561975888507,0.19,4.317753,-0.2973306655676129,0.19201722798009654,no,away_yes,away_yes,2026-06-21 03:57:31.514848+00:00,0.78,2.52,0.030299999999999994,0.04021658549015658,0.5241,,,,,late_june
1,True,824990,2026-06-19,1,35,4,2026-06-20 02:59:43.042000+00:00,2026-06-20 02:59:44.131603+00:00,2026-06-20 03:02:17.467000+00:00,0.34,-0.663294217410264,0.2207354273692751,0.5933979399570957,-1.6394160647583311,0.0,0.09089874522617301,0.249101254773827,0.087865,1.089603,4.0,0.0,2.0,-2.0,0.0,0.0,0.0,0.0,0.0,0.0,0.0,-3.0,-1.0,-2.0,-1.0,-1.0,0.0,2.0,70.85,1.0,0.0,0.34,4.479414,0.0,0.3025837048095891,no,away_yes,away_yes,2026-06-20 02:59:44.199407+00:00,0.67,1.0,0.015499999999999958,0.01191629519041082,-0.6855,,,,,late_june
1,True,825067,2026-06-21,0,16,3,2026-06-21 19:45:14.201000+00:00,2026-06-21 19:45:18.479179+00:00,2026-06-21 19:45:59.850000+00:00,0.75,1.0986122886681098,0.7618856000173043,0.5365460086457965,1.0165999839505326,0.05264373348542217,0.8872114524245248,-0.13721145242452482,1.889713,4.278179,2.0,1.0,2.0,2.0,0.0,0.0,0.0,1.0,0.0,0.0,0.0,2.0,-1.0,-1.0,0.0,0.0,-1.0,0.0,0.0,0.0,0.0,0.75,4.476374,0.0,0.787925257621562,yes,yes,home_yes,2026-06-21 19:45:22.576570+00:00,0.75,2.62,0.034399999999999986,0.06496417496849236,-1.9994,,,,,late_june
1,True,825069,2026-06-19,1,43,2,2026-06-20 03:19:30.537000+00:00,2026-06-20 03:19:31.878693+00:00,2026-06-20 03:20:14.404000+00:00,0.32,-0.7537718023763801,0.19755031835687323,0.24295820883803096,-0.2651468129099803,0.1906898064644711,0.22977034354614398,0.09022965645385603,0.962319,1.341693,5.0,1.0,1.0,-2.0,0.0,0.0,1.0,0.0,0.0,0.0,1.0,0.0,-1.0,0.0,0.0,0.0,0.0,2.0,89.96,1.0,0.0,0.34,4.577647,0.09047758496611613,0.2883856045297572,no,away_yes,away_yes,2026-06-20 03:19:34.771648+00:00,0.65,3.0,0.04779999999999984,0.13704318641072832,-1.9978,,,,,late_june
1,True,822709,2026-07-10,0,31,3,2026-07-11 01:49:42.733000+00:00,2026-07-11 01:49:46.037784+00:00,2026-07-11 01:50:45.497000+00:00,0.37,-0.5322168137473082,0.3837214545205392,0.32075341367013815,0.27652944140488417,-0.1682514365458963,0.4781549314850021,-0.1081549314850021,3.316772,3.304784,4.0,1.0,1.0,-1.0,0.0,0.0,0.0,0.0,1.0,0.0,0.0,0.0,-2.0,0.0,0.0,0.0,1.0,0.0,0.0,0.0,0.0,0.45,4.841732,0.331546118285157,0.3907512314116139,yes,yes,home_yes,2026-07-11 01:49:46.569087+00:00,0.37,5.17,0.08440000000000003,0.02288386639804378,-1.9973,,,,,early_july
1,True,822709,2026-07-10,0,59,5,2026-07-11 03:06:54.071000+00:00,2026-07-11 03:06:55.091976+00:00,2026-07-11 03:07:53.830000+00:00,0.79,1.3249254147435987,0.8188865924353734,0.6381211707023517,0.941603449354146,0.0,0.9060667762916079,-0.11606677629160789,1.400214,1.020976,8.0,0.0,2.0,1.0,0.0,0.0,0.0,0.0,0.0,0.0,2.0,0.0,0.0,-2.0,-1.0,0.0,0.0,4.0,36.0,1.0,0.004330127018922198,0.8,4.808042,0.06136894637629209,0.8271299693848152,yes,yes,home_yes,2026-07-11 03:06:55.469250+00:00,0.79,2.49,0.028999999999999693,0.06345362376819008,-1.9961,,,,,early_july
1,True,822710,2026-07-08,1,24,7,2026-07-08 23:40:18.924000+00:00,2026-07-08 23:40:21.084065+00:00,2026-07-08 23:41:01.300000+00:00,0.72,0.9444616088408513,0.7555657618246561,0.6346280456141878,0.5763973292938251,-0.10150694634183632,0.8351211557994098,-0.11512115579940985,4.152382,2.160065,3.0,1.0,2.0,2.0,0.0,0.0,0.0,1.0,0.0,0.0,0.0,1.0,-3.0,-2.0,0.0,0.0,0.0,0.0,0.0,0.0,0.0,0.77,3.255352,0.26384959708368294,0.7555139246669107,yes,yes,home_yes,2026-07-08 23:40:23.538332+00:00,0.73,2.68,0.03699999999999992,0.03137731810732079,0.6866000000000001,,,,,early_july
1,True,822712,2026-07-06,1,29,5,2026-07-06 23:39:59.164000+00:00,2026-07-06 23:40:03.586004+00:00,2026-07-06 23:40:37.277000+00:00,0.37,-0.5322168137473082,0.29568574991291596,0.17939561119181052,0.6525202429170311,-0.12675170563914395,0.5614515369751972,-0.19145153697519723,0.143728,4.422004,3.0,1.0,0.0,-3.0,0.0,0.0,1.0,0.0,1.0,0.0,0.0,1.0,-2.0,-2.0,1.0,-1.0,0.0,0.0,0.0,0.0,0.0,0.36,3.190382,-0.04314733115625358,0.39071144665242996,yes,yes,home_yes,2026-07-06 23:40:04.272040+00:00,0.37,1.0,0.016400000000000026,0.00431144665242994,0.6135999999999999,,,,,early_july
1,True,822713,2026-07-07,0,31,1,2026-07-07 23:59:57.145000+00:00,2026-07-07 23:59:58.949015+00:00,2026-07-08 00:00:35.245000+00:00,0.38,-0.4895482253187058,0.2430238515937877,0.42231246311416115,-0.8228844967545279,0.0,0.21208004642220354,0.16791995357779646,1.512776,1.804015,4.0,0.0,1.0,-1.0,0.0,0.0,1.0,1.0,0.0,0.0,0.0,-2.0,0.0,0.0,0.0,0.0,-1.0,8.0,55.36,-1.0,0.021176342932621772,0.38,4.231138,0.0,0.35227804298817195,no,away_yes,away_yes,2026-07-08 00:00:02.271236+00:00,0.62,3.14,0.051799999999999846,0.03524694501714008,1.1414000000000002,,,,,early_july
1,True,822715,2026-07-05,0,12,2,2026-07-05 17:30:29.938000+00:00,2026-07-05 17:30:31.297976+00:00,2026-07-05 17:31:08.106000+00:00,0.33,-0.7081850579244856,0.20839885667764224,0.33986255873475735,-0.6706970735594967,-0.04489084051422165,0.20849992526099653,0.12150007473900348,0.966965,1.359976,2.0,0.0,1.0,-2.0,0.0,0.0,1.0,0.0,0.0,0.0,0.0,-2.0,-1.0,0.0,1.0,-1.0,-1.0,2.0,7.62,0.47506561679790027,0.010000000000000009,0.34,3.229065,0.04489084051422165,0.30159052719518525,no,away_yes,away_yes,2026-07-05 17:30:34.263435+00:00,0.67,2.91,0.045099999999999696,0.037571565862010936,0.9152000000000002,,,,,early_july
1,True,822877,2026-07-09,1,62,4,2026-07-10 02:23:24.846000+00:00,2026-07-10 02:23:26.403100+00:00,2026-07-10 02:23:55.314000+00:00,0.56,0.24116205681688824,0.3243846016333185,0.6393477317755827,-1.3062283622656774,0.24116205681688824,0.21311865998222387,0.34688134001777615,0.242177,1.5571,7.0,0.0,2.0,0.0,0.0,0.0,1.0,1.0,0.0,0.0,0.0,-1.0,-2.0,-1.0,0.0,1.0,-1.0,20.0,185.18,0.5266227454368722,0.036121323342314014,0.57,4.5152,0.040689095324099256,0.5268890351817879,no,away_yes,away_yes,2026-07-10 02:23:27.344694+00:00,0.44,4.37,0.07539999999999991,0.06929491625558709,-1.9982,,,,,early_july
1,True,822880,2026-07-08,0,25,2,2026-07-09 01:05:57.903000+00:00,2026-07-09 01:06:00.242480+00:00,2026-07-09 01:06:27.751000+00:00,0.23,-1.2083112059245342,0.10813076119594822,0.2329722409467908,-0.9183745984588128,-0.0556316959861487,0.11194220555817296,0.11805779444182705,2.570292,2.33948,4.0,0.0,0.0,-3.0,0.0,0.0,0.0,0.0,0.0,0.0,0.0,-2.0,-1.0,0.0,-1.0,0.0,0.0,0.0,0.0,0.0,0.0,0.23,4.812696,0.0,0.2036154435392616,no,away_yes,away_yes,2026-07-09 01:06:00.894643+00:00,0.77,0.31,0.0039000000000000146,0.0042792125028288715,0.06739999999999999,,,,,early_july
1,True,822881,2026-07-07,1,52,8,2026-07-08 01:59:29.158000+00:00,2026-07-08 01:59:31.160093+00:00,2026-07-08 01:59:56.667000+00:00,0.62,0.4895482253187058,0.39101997941412364,0.20252829365592392,0.927539954220853,0.042236007275040954,0.7981629639115673,-0.17816296391156727,0.428094,2.002093,7.0,1.0,0.0,0.0,0.0,0.0,0.0,0.0,0.0,0.0,0.0,1.0,-3.0,-2.0,0.0,0.0,0.0,0.0,0.0,0.0,0.0,0.61,4.836473,-0.042236007275040954,0.641482074736181,yes,yes,home_yes,2026-07-08 01:59:31.853720+00:00,0.62,3.14,0.051799999999999846,0.015653714671608573,1.1414000000000002,,,,,early_july
1,True,822884,2026-07-02,1,17,7,2026-07-03 00:48:11.516000+00:00,2026-07-03 00:48:14.081048+00:00,2026-07-03 00:48:52.396000+00:00,0.81,1.4500101755059986,0.8273950293715647,0.7381507877091974,0.5308973590601644,0.06371581438610785,0.8718249466026178,-0.061824946602617725,0.991685,2.565048,2.0,1.0,1.0,2.0,0.0,0.0,1.0,1.0,1.0,0.0,0.0,1.0,-3.0,-2.0,0.0,0.0,0.0,5.0,20.0,1.0,0.004898979485566361,0.82,3.966605,0.06633731386208952,0.8333542805098924,yes,yes,home_yes,2026-07-03 00:48:18.047653+00:00,0.81,2.43,0.02619999999999978,0.030550901639038515,0.4355000000000002,,,,,early_july
1,True,822955,2026-07-10,1,23,2,2026-07-10 23:53:13.830000+00:00,2026-07-10 23:53:14.896128+00:00,2026-07-10 23:53:42.867000+00:00,0.71,0.8953840470548413,0.622096372574305,0.4804629368035501,0.5766438725351639,0.048086186667637865,0.8059556121419909,-0.09595561214199089,0.030576,1.066128,3.0,1.0,2.0,1.0,0.0,0.0,1.0,0.0,0.0,0.0,0.0,1.0,0.0,-1.0,1.0,0.0,-1.0,2.0,5.0,1.0,0.0,0.7,3.947613,-0.048086186667637865,0.7323146614569144,yes,yes,home_yes,2026-07-10 23:53:16.066394+00:00,0.71,2.76,0.03980000000000028,0.021788465621083483,0.7605999999999997,,,,,early_july
1,True,822956,2026-07-07,1,13,6,2026-07-07 23:11:50.205000+00:00,2026-07-07 23:11:51.500801+00:00,2026-07-07 23:12:39.338000+00:00,0.69,0.8001193001121129,0.6328213945034552,0.4994115227744677,0.546693741986209,-0.0471785602750906,0.8012287152188005,-0.11122871521880051,2.324734,1.295801,2.0,1.0,1.0,1.0,0.0,0.0,0.0,0.0,0.0,0.0,0.0,1.0,-3.0,-2.0,0.0,0.0,0.0,3.0,1720.24,-1.0,0.0,0.68,3.515929,-0.046347497735732546,0.7151491070197211,yes,yes,home_yes,2026-07-07 23:11:53.424801+00:00,0.69,2.83,0.042400000000000215,0.028771972865810708,0.8349,,,,,early_july
1,True,822957,2026-07-08,1,22,9,2026-07-08 23:23:32.363000+00:00,2026-07-08 23:23:33.724257+00:00,2026-07-08 23:25:03.687000+00:00,0.65,0.6190392084062236,0.6686467429440489,0.537114424514363,0.5533395685943936,-0.08914584951826243,0.7792884520897932,-0.12928845208979323,3.523895,1.361257,3.0,1.0,1.0,1.0,0.0,0.0,0.0,1.0,0.0,0.0,0.0,1.0,-3.0,-2.0,0.0,0.0,0.0,0.0,0.0,0.0,0.0,0.7,4.220883,0.22825865198097983,0.6867621610758814,yes,yes,home_yes,2026-07-08 23:23:36.602054+00:00,0.65,2.0,0.03190000000000004,0.041624322151762705,0.6680999999999999,,,,,early_july
1,True,823032,2026-07-08,1,30,4,2026-07-09 00:50:03.521000+00:00,2026-07-09 00:50:08.039253+00:00,2026-07-09 00:50:23.802000+00:00,0.84,1.6582280766035322,0.8331124717478299,0.7402477138765035,0.560592103674791,0.0,0.9019268844856937,-0.06192688448569372,2.33931,4.518253,4.0,1.0,1.0,3.0,0.0,0.0,0.0,0.0,0.0,0.0,0.0,1.0,-2.0,-1.0,0.0,0.0,0.0,0.0,0.0,0.0,0.0,0.84,3.003407,0.0,0.8602834933286143,yes,yes,home_yes,2026-07-09 00:50:08.848336+00:00,0.84,2.35,0.022199999999999998,0.025466209322243714,0.3538000000000001,,,,,early_july
1,True,823033,2026-07-10,1,55,3,2026-07-11 05:09:02.306000+00:00,2026-07-11 05:09:04.209491+00:00,2026-07-11 05:11:49.141000+00:00,0.59,0.3639653772014115,0.3187090850290341,0.3752444225372795,-0.2499277851980145,0.16329468173926007,0.48768821676522345,0.10231178323477652,2.290426,1.903491,8.0,1.0,0.0,0.0,0.0,0.0,0.0,0.0,0.0,0.0,-2.0,0.0,0.0,-2.0,0.0,0.0,0.0,1.0,15.85,1.0,0.0,0.56,3.807028,-0.12280332038452324,0.5688534295371901,no,away_yes,away_yes,2026-07-11 05:09:04.234328+00:00,0.41,4.68,0.07930000000000015,0.019665949765950333,-1.9981,,,,,early_july
1,True,823036,2026-07-06,0,25,7,2026-07-07 00:36:38.698000+00:00,2026-07-07 00:36:41.552835+00:00,2026-07-07 00:37:21.398000+00:00,0.73,0.9946225751440619,0.7573029793872785,0.6209105052508411,0.6445349271763837,0.1473247147568585,0.8163532046141053,-0.08635320461410534,2.360729,2.854835,3.0,1.0,2.0,2.0,0.0,0.0,1.0,0.0,1.0,0.0,0.0,1.0,-1.0,-2.0,0.0,0.0,0.0,0.0,0.0,0.0,0.0,0.75,3.234463,0.10398971352404784,0.7621757139162754,yes,yes,home_yes,2026-07-07 00:36:41.767961+00:00,0.74,2.65,0.035700000000000065,0.023065641878129678,-1.9967,,,,,early_july
1,True,823062,2026-07-07,0,49,1,2026-07-07 19:53:20.024000+00:00,2026-07-07 19:53:22.368785+00:00,2026-07-07 19:53:43.996000+00:00,0.35,-0.6190392084062235,0.263000096275423,0.25784002642766424,0.0267921144184744,-0.6190392084062235,0.506697627969923,-0.15669762796992304,0.008596,2.344785,7.0,0.0,0.0,0.0,0.0,1.0,1.0,0.0,0.0,0.0,0.0,0.0,0.0,1.0,0.0,0.0,0.0,0.0,0.0,0.0,0.0,0.35,4.685318,0.0,0.41649301374331515,yes,yes,home_yes,2026-07-07 19:53:24.410038+00:00,0.35,1.0,0.016000000000000014,0.05049301374331516,-0.366,,,,,early_july
1,True,823119,2026-07-02,1,43,9,2026-07-03 03:20:58.886000+00:00,2026-07-03 03:20:59.963406+00:00,2026-07-03 03:23:33.764000+00:00,0.8,1.3862943611198908,0.7617662814217788,0.4974991281306437,1.1723911595971188,0.0,0.9281548530763671,-0.1281548530763671,0.103662,1.077406,6.0,1.0,2.0,1.0,0.0,0.0,1.0,1.0,1.0,0.0,0.0,1.0,-3.0,-2.0,0.0,0.0,0.0,3.0,32.6,-1.0,1.1102230246251565e-16,0.8,4.582769,0.0,0.8284124487148402,yes,yes,home_yes,2026-07-03 03:21:04.546175+00:00,0.8,2.46,0.02760000000000007,0.04229462383850674,0.4643999999999999,,,,,early_july
1,True,823122,2026-06-30,1,43,5,2026-07-01 03:17:38.974000+00:00,2026-07-01 03:17:40.293999+00:00,2026-07-01 03:18:48.969000+00:00,0.72,0.9444616088408513,0.5731295265355765,0.45884593757084163,0.4596206206092894,0.0,0.8028308777065055,-0.08283087770650555,0.112876,1.319999,6.0,1.0,0.0,0.0,0.0,0.0,1.0,1.0,0.0,0.0,0.0,0.0,-1.0,-2.0,0.0,1.0,0.0,1.0,10.16,1.0,0.0,0.73,4.842075,0.05016096630321065,0.7445975740286337,yes,yes,home_yes,2026-07-01 03:17:40.988554+00:00,0.72,2.72,0.03839999999999977,0.028505401357883944,0.7232000000000003,,,,,early_july
1,True,823122,2026-06-30,1,44,4,2026-07-01 03:19:49.298000+00:00,2026-07-01 03:19:50.989879+00:00,2026-07-01 03:23:20.024000+00:00,0.8,1.3862943611198908,0.8059594956507383,0.5577250835336666,1.1920320776801783,0.0,0.9294536132157453,-0.12945361321574522,1.313419,1.691879,6.0,1.0,0.0,1.0,0.0,0.0,1.0,1.0,0.0,0.0,0.0,1.0,-1.0,-2.0,0.0,0.0,0.0,4.0,131.82999999999998,1.0,0.0,0.83,4.259018,0.19933290262049086,0.8307483348491106,yes,yes,home_yes,2026-07-01 03:19:51.580044+00:00,0.8,2.46,0.02760000000000007,0.04804090372881188,0.4643999999999999,,,,,early_july
1,True,823200,2026-07-10,0,29,6,2026-07-11 03:20:45.232000+00:00,2026-07-11 03:20:50.635484+00:00,2026-07-11 03:23:15.671000+00:00,0.75,1.0986122886681098,0.6427779404830349,0.5210743680422768,0.503094267511132,0.05264373348542217,0.8247783330985415,-0.07477833309854154,2.69316,5.403484,4.0,1.0,0.0,1.0,0.0,0.0,0.0,0.0,0.0,0.0,-1.0,0.0,-2.0,-2.0,-1.0,0.0,0.0,0.0,0.0,0.0,0.0,0.75,3.314621,0.0,0.7701861681208364,yes,yes,home_yes,2026-07-11 03:20:51.189465+00:00,0.75,2.62,0.034399999999999986,0.018487760476591383,-1.9994,,,,,early_july
1,True,823200,2026-07-10,0,61,5,2026-07-11 04:36:47.416000+00:00,2026-07-11 04:36:48.636264+00:00,2026-07-11 04:37:38.117000+00:00,0.79,1.3249254147435987,0.7649458627989927,0.3765410257240082,1.684245161567481,-0.26070184899678295,0.9633806713664833,-0.17338067136648327,1.081941,1.220264,7.0,1.0,2.0,1.0,0.0,0.0,1.0,0.0,1.0,0.0,0.0,1.0,-2.0,-2.0,0.0,0.0,0.0,21.0,435.83,-0.7598604960649796,0.01934294858246654,0.82,4.795904,0.19142207462448946,0.823826984881682,yes,yes,home_yes,2026-07-11 04:36:48.658889+00:00,0.78,2.52,0.030299999999999994,0.0801440019018387,-1.9959,,,,,early_july
1,True,823201,2026-07-09,1,29,4,2026-07-10 02:47:06.485000+00:00,2026-07-10 02:47:07.666305+00:00,2026-07-10 02:47:36.983000+00:00,0.41,-0.3639653772014119,0.29348283953812293,0.5758376088403288,-1.184237633950544,-0.04119198493836074,0.18138218142076457,0.2286178185792354,0.383466,1.181305,4.0,0.0,2.0,-1.0,0.0,0.0,0.0,0.0,0.0,0.0,0.0,-2.0,-1.0,-2.0,0.0,0.0,-1.0,10.0,6819.14,1.0,5.551115123125783e-17,0.42,4.894615,0.04119198493836074,0.365573487749718,no,away_yes,away_yes,2026-07-10 02:47:07.885742+00:00,0.59,0.75,0.012699999999999989,0.020619884187711546,-0.4552,,,,,early_july
1,True,823204,2026-06-28,1,38,1,2026-06-28 21:16:36.859000+00:00,2026-06-28 21:16:38.039811+00:00,2026-06-28 21:17:39.994000+00:00,0.38,-0.4895482253187058,0.2538598773348507,0.20216203787320652,0.2947050145301673,-0.04223600727504101,0.4619220700644786,-0.0819220700644786,0.695275,1.180811,6.0,0.0,1.0,0.0,0.0,0.0,1.0,1.0,0.0,0.0,1.0,0.0,0.0,0.0,0.0,0.0,0.0,4.0,105.61,0.36483287567465206,0.015000000000000013,0.38,4.04036,0.0,0.41333660227476315,yes,yes,home_yes,2026-06-28 21:16:38.169135+00:00,0.37,5.17,0.08440000000000003,0.1396502337605255,3.1727,,,,,early_july
1,True,823277,2026-07-09,0,28,1,2026-07-10 02:38:46.055000+00:00,2026-07-10 02:38:47.114125+00:00,2026-07-10 02:39:28.356000+00:00,0.58,0.32277339226305085,0.4439152476614341,0.5723930182478911,-0.5169083978264344,0.0,0.4516181062621699,0.12838189373783004,0.576483,1.059125,4.0,0.0,2.0,0.0,1.0,0.0,0.0,1.0,0.0,0.0,0.0,-1.0,1.0,0.0,-1.0,1.0,-1.0,0.0,0.0,0.0,0.0,0.59,4.901128,0.041191984938360626,0.5543820968372496,no,away_yes,away_yes,2026-07-10 02:38:48.386465+00:00,0.42,4.57,0.07800000000000007,0.039073817453769366,2.5726000000000004,,,,,early_july
1,True,823277,2026-07-09,0,40,2,2026-07-10 03:11:30.705000+00:00,2026-07-10 03:11:31.965318+00:00,2026-07-10 03:12:03.831000+00:00,0.38,-0.4895482253187058,0.23329583729267594,0.35569760963388497,-0.5957064763864354,0.0,0.25251290176790603,0.12748709823209398,0.088304,1.260318,5.0,1.0,2.0,-1.0,0.0,0.0,0.0,0.0,0.0,0.0,2.0,0.0,-1.0,0.0,-1.0,0.0,0.0,10.0,668.99,-0.2799892375072871,0.010999999999999998,0.38,4.78848,0.0,0.32712958840645345,no,away_yes,away_yes,2026-07-10 03:11:32.801203+00:00,0.63,3.09,0.05050000000000021,0.08196957182405859,1.0927999999999998,,,,,early_july
1,True,823279,2026-07-08,1,31,2,2026-07-09 03:14:54.834000+00:00,2026-07-09 03:14:56.121777+00:00,2026-07-09 03:15:32.666000+00:00,0.71,0.8953840470548413,0.6205345638339025,0.4306252761620574,0.7711182908133599,-0.04907756178600997,0.8475586230177642,-0.13755862301776423,3.430496,1.287777,4.0,1.0,2.0,1.0,0.0,0.0,0.0,1.0,0.0,0.0,0.0,1.0,0.0,-1.0,-1.0,1.0,0.0,1.0,8.28,1.0,0.0,0.73,4.886553,0.09923852808922062,0.743149124075446,yes,yes,home_yes,2026-07-09 03:14:56.695662+00:00,0.72,2.72,0.03839999999999977,0.024565617485213367,0.7232000000000003,,,,,early_july
1,True,823359,2026-07-09,0,67,2,2026-07-09 19:43:37.990000+00:00,2026-07-09 19:43:41.958937+00:00,2026-07-09 19:46:15.341000+00:00,0.3,-0.8472978603872036,0.0915737310731386,0.19115745131718612,-0.8520624431402948,-0.13911280246271795,0.17361113509626777,0.12638886490373222,0.252291,3.968937,8.0,0.0,0.0,-1.0,0.0,0.0,0.0,0.0,0.0,1.0,-1.0,0.0,0.0,-1.0,-1.0,0.0,0.0,0.0,0.0,0.0,0.0,0.27,3.253167,-0.14732471475685838,0.26893216585881313,no,away_yes,away_yes,2026-07-09 19:43:44.093009+00:00,0.71,2.0,0.028900000000000148,0.01323566828237377,0.5510999999999999,,,,,early_july
1,True,823362,2026-06-28,1,37,2,2026-06-28 18:51:29.011000+00:00,2026-06-28 18:51:30.772984+00:00,2026-06-28 18:52:43.735000+00:00,0.61,0.44731221804366483,0.5175742818025038,0.6908598802898601,-0.733816291534277,-0.08490459570364339,0.44977013706576313,0.16022986293423686,1.31415,1.761984,5.0,0.0,0.0,1.0,0.0,0.0,0.0,1.0,0.0,0.0,0.0,-1.0,-1.0,0.0,-1.0,1.0,0.0,5.0,141.0,-1.0,0.014142135623730963,0.61,3.804263,0.0,0.5889672534858094,no,away_yes,away_yes,2026-06-28 18:51:34.053445+00:00,0.38,4.0,0.06600000000000006,0.05813098605676248,-1.586,,,,,early_july
1,True,823442,2026-07-02,0,25,2,2026-07-02 17:34:54.554000+00:00,2026-07-02 17:34:56.214801+00:00,2026-07-02 17:35:41.793000+00:00,0.71,0.8953840470548413,0.6703066855826104,0.5038681063852511,0.6940997410114399,-0.04907756178600997,0.8373390849837362,-0.12733908498373625,2.653715,1.660801,3.0,1.0,2.0,1.0,0.0,0.0,0.0,1.0,1.0,0.0,0.0,1.0,0.0,-1.0,-1.0,0.0,1.0,0.0,0.0,0.0,0.0,0.73,4.430012,0.09923852808922062,0.7455966517154853,yes,yes,home_yes,2026-07-02 17:34:56.759986+00:00,0.72,2.72,0.03839999999999977,0.031222892666120272,-1.9968,,,,,early_july
1,True,823444,2026-06-29,0,62,4,2026-06-30 00:52:04.804000+00:00,2026-06-30 00:52:06.609231+00:00,2026-06-30 00:52:39.905000+00:00,0.17,-1.5856272637403817,0.06447361262708212,0.09751346948954864,-0.4496900701032307,0.40680290094982463,0.08001669411252335,0.08998330588747666,0.418728,1.805231,7.0,1.0,2.0,-3.0,0.0,0.0,0.0,1.0,1.0,0.0,1.0,0.0,-1.0,-2.0,0.0,0.0,0.0,1.0,2.0,-1.0,0.0,0.16,4.791902,-0.07260081286315057,0.1302446595220891,no,away_yes,away_yes,2026-06-30 00:52:06.644337+00:00,0.84,2.35,0.022199999999999998,0.04772505012309074,-0.2888999999999997,profitable_reversal,2026-06-30 01:17:52.025525+00:00,0.74,0.03169999999999984,early_july
1,True,823444,2026-06-29,0,71,6,2026-06-30 01:17:49.264000+00:00,2026-06-30 01:17:51.935885+00:00,2026-06-30 01:18:29.206000+00:00,0.35,-0.6190392084062235,0.0820649648385009,0.04780652311191243,0.5769907166110291,0.22825865198098005,0.432831693239689,-0.08283169323968903,1.863837,2.671885,8.0,1.0,2.0,-1.0,0.0,0.0,1.0,0.0,0.0,0.0,0.0,1.0,-3.0,-2.0,1.0,-1.0,0.0,0.0,0.0,0.0,0.0,0.25,3.793466,-0.4795730802618863,0.3749371384295571,yes,yes,home_yes,2026-06-30 01:17:53.369683+00:00,0.27,7.04,0.09719999999999995,0.641557454544082,-1.998,,,,,early_july
1,True,823527,2026-07-03,1,22,6,2026-07-04 00:52:46.246000+00:00,2026-07-04 00:52:47.920522+00:00,2026-07-04 00:53:12.239000+00:00,0.85,1.7346010553881064,0.7219417965556207,0.4698742477784602,1.0747632105288196,-0.08068891125014255,0.9473525338767786,-0.09735253387677867,0.205552,1.674522,3.0,1.0,2.0,2.0,0.0,0.0,0.0,0.0,0.0,0.0,0.0,2.0,-3.0,-2.0,-1.0,0.0,0.0,2.0,36.32,0.8722466960352423,0.0050000000000000044,0.84,4.110274,-0.07637297878457416,0.870357203068943,yes,yes,home_yes,2026-07-04 00:52:49.183045+00:00,0.85,2.32,0.02080000000000015,0.026428711119947754,0.32719999999999994,,,,,early_july
1,True,823530,2026-07-01,0,39,5,2026-07-01 18:54:34.653000+00:00,2026-07-01 18:54:35.799088+00:00,2026-07-01 18:55:58.709000+00:00,0.29,-0.8953840470548413,0.08036905088708457,0.1391305894621807,-0.6148134479763006,-0.09526474694272824,0.19545719812054477,0.09454280187945521,0.096488,1.146088,6.0,0.0,0.0,-1.0,0.0,0.0,0.0,1.0,1.0,0.0,0.0,0.0,-3.0,-1.0,-1.0,1.0,1.0,3.0,47.0,-0.3617021276595745,0.009428090415820642,0.24,4.76448,-0.2572954628835442,0.26269225423132825,no,away_yes,away_yes,2026-07-01 18:54:35.799453+00:00,0.71,2.76,0.03980000000000028,0.035569378321533854,0.7605999999999997,,,,,early_july
1,True,823604,2026-07-10,0,48,3,2026-07-11 01:42:08.219000+00:00,2026-07-11 01:42:12.710007+00:00,2026-07-11 01:42:52.136000+00:00,0.33,-0.7081850579244856,0.1694538849139521,0.2928538880800943,-0.7079391299375858,-0.04489084051422165,0.20242065369605486,0.12757934630394516,0.078198,4.491007,6.0,1.0,2.0,-1.0,0.0,0.0,0.0,0.0,0.0,0.0,2.0,0.0,-2.0,0.0,-1.0,0.0,0.0,0.0,0.0,0.0,0.0,0.34,4.98313,0.04489084051422165,0.2769440681058847,no,away_yes,away_yes,2026-07-11 01:42:12.891946+00:00,0.68,2.87,0.04379999999999984,0.079770524536111,0.8746,,,,,early_july
1,True,823606,2026-07-09,1,14,3,2026-07-09 17:35:40.901000+00:00,2026-07-09 17:35:43.283529+00:00,2026-07-09 17:36:23.486000+00:00,0.57,0.2818511521409875,0.46044150972464176,0.32611860625417327,0.567227622075442,-0.08211422506042398,0.7173172564904453,-0.14731725649044536,1.401706,2.382529,2.0,1.0,1.0,0.0,0.0,0.0,0.0,1.0,0.0,0.0,0.0,1.0,-1.0,-1.0,0.0,0.0,0.0,3.0,14.0,1.0,0.0,0.62,3.176872,0.2076970731777183,0.5963463574213023,yes,yes,home_yes,2026-07-09 17:35:45.013622+00:00,0.57,3.4,0.05840000000000023,0.03117761523242764,1.4036,,,,,early_july
1,True,823608,2026-06-28,0,57,3,2026-06-28 19:48:44.542000+00:00,2026-06-28 19:48:48.254773+00:00,2026-06-28 19:49:47.500000+00:00,0.53,0.12014431184206341,0.5374767162175199,0.6180671402988629,-0.3311637182029437,0.0,0.4474400415127758,0.08255995848722425,0.0297,3.712773,7.0,0.0,0.0,1.0,0.0,0.0,1.0,0.0,0.0,0.0,0.0,0.0,-1.0,-1.0,1.0,0.0,0.0,0.0,0.0,0.0,0.0,0.57,4.937364,0.16170684029892407,0.5073852525200396,no,away_yes,away_yes,2026-06-28 19:48:52.177783+00:00,0.44,4.37,0.07539999999999991,0.1545264464874269,1.0864999999999998,profitable_reversal,2026-06-28 20:31:40.842507+00:00,0.72,0.06170000000000009,early_july
1,True,823608,2026-06-28,0,73,5,2026-06-28 20:32:03.461000+00:00,2026-06-28 20:32:05.757334+00:00,2026-06-28 20:32:33.470000+00:00,0.35,-0.6190392084062235,0.16001430775808875,0.11913676148252444,0.342508666212185,-0.2962658161431723,0.5049336583577915,-0.1549336583577915,0.304024,2.296334,8.0,1.0,1.0,-1.0,0.0,0.0,1.0,1.0,0.0,0.0,0.0,0.0,-3.0,-1.0,0.0,1.0,0.0,0.0,0.0,0.0,0.0,0.35,4.952154,0.0,0.3751027898719269,yes,yes,home_yes,2026-06-28 20:32:05.981924+00:00,0.35,5.46,0.08700000000000019,0.05006123270072088,-1.998,,,,,early_july
1,True,823684,2026-07-08,1,64,4,2026-07-09 02:03:47.912000+00:00,2026-07-09 02:03:49.374420+00:00,2026-07-09 02:04:34.223000+00:00,0.62,0.4895482253187058,0.4638125517964514,0.580418798275608,-0.4694961632423168,-0.12949098308751783,0.5373162448843832,0.08268375511561676,0.089476,1.46242,7.0,1.0,2.0,0.0,0.0,0.0,1.0,1.0,1.0,0.0,1.0,0.0,-2.0,-1.0,0.0,0.0,0.0,4.0,933.45,0.9884728694627457,0.004330127018922197,0.61,4.571229,-0.042236007275040954,0.5917705855674088,no,away_yes,away_yes,2026-07-09 02:03:50.769752+00:00,0.38,5.04,0.08319999999999994,0.059076248740259685,-1.9984,,,,,early_july
1,True,823685,2026-07-10,0,21,3,2026-07-11 00:59:58.753000+00:00,2026-07-11 00:59:59.983075+00:00,2026-07-11 01:00:29.587000+00:00,0.75,1.0986122886681098,0.6109555793279162,0.6814502520947038,-0.3091138677522241,0.10398971352404784,0.6649670727314928,0.0850329272685072,1.322879,1.230075,3.0,1.0,2.0,1.0,0.0,0.0,0.0,0.0,0.0,0.0,2.0,0.0,0.0,-2.0,-1.0,0.0,0.0,2.0,14.0,1.0,0.0,0.74,4.366288,-0.05264373348542217,0.7220611657465204,no,away_yes,away_yes,2026-07-11 01:00:04.268359+00:00,0.25,1.75,0.02300000000000002,0.025892959943589366,1.2894999999999999,,,,,early_july
1,True,823765,2026-07-02,0,32,3,2026-07-02 19:13:21.812000+00:00,2026-07-02 19:13:23.464683+00:00,2026-07-02 19:13:57.532000+00:00,0.12,-1.9924301646902063,0.048777703345961654,0.06930844107973348,-0.3731132579873937,0.32120476449042434,0.06375985865611093,0.056240141343889063,1.636195,1.652683,4.0,1.0,2.0,-5.0,2.0,1.0,0.0,0.0,0.0,0.0,1.0,0.0,1.0,0.0,-1.0,0.0,0.0,3.0,784.9699999999999,1.0,0.0,0.11,4.514938,-0.09831093224356313,0.098062819099688,no,away_yes,away_yes,2026-07-02 19:13:27.934030+00:00,0.87,2.27,0.017999999999999794,0.054497400643708574,0.2771000000000001,,,,,early_july
1,True,823767,2026-07-01,1,21,4,2026-07-02 00:49:16.424000+00:00,2026-07-02 00:49:18.909443+00:00,2026-07-02 00:49:47.990000+00:00,0.67,0.708185057924486,0.6061892243072642,0.5583449485075301,0.19687385169354119,-0.2864375172195759,0.7670085921423113,-0.09700859214231128,0.609699,2.485443,2.0,1.0,2.0,0.0,0.0,0.0,1.0,1.0,1.0,0.0,0.0,0.0,-1.0,-2.0,0.0,0.0,1.0,0.0,0.0,0.0,0.0,0.68,4.383973,0.04558674445189426,0.6935578150973399,yes,yes,home_yes,2026-07-02 00:49:19.100751+00:00,0.67,2.91,0.045099999999999696,0.0234532419332594,0.9152000000000002,,,,,early_july
1,True,823769,2026-06-28,0,68,3,2026-06-28 20:48:34.976000+00:00,2026-06-28 20:48:37.730097+00:00,2026-06-28 20:49:13.109000+00:00,0.74,1.0459685551826876,0.00965861650333985,0.006513567973394968,0.3971337266332968,-0.05264373348542217,0.8169391521313104,-0.07693915213131042,1.860082,2.754097,9.0,1.0,1.0,0.0,0.0,0.0,1.0,1.0,0.0,0.0,0.0,0.0,-1.0,-1.0,0.0,1.0,0.0,1.0,6.55,1.0,0.0,0.73,4.936533,-0.05134598003862567,0.7601590119844531,yes,yes,home_yes,2026-06-28 20:48:39.101133+00:00,0.74,2.65,0.035700000000000065,0.01772138175880074,-1.9967,,,,,early_july
1,True,823771,2026-06-29,1,53,1,2026-06-30 01:46:23.360000+00:00,2026-06-30 01:46:25.662499+00:00,2026-06-30 01:46:59.103000+00:00,0.35,-0.6190392084062235,0.1873505932591516,0.21473124551579947,-0.17067929445495644,0.22825865198098005,0.2654216134884797,0.08457838651152028,2.683389,2.302499,7.0,0.0,0.0,-1.0,0.0,0.0,1.0,0.0,0.0,0.0,0.0,0.0,0.0,0.0,1.0,0.0,0.0,0.0,0.0,0.0,0.0,0.36,4.464565,0.043675063502661704,0.32838428879734727,no,away_yes,away_yes,2026-06-30 01:46:26.413245+00:00,0.65,3.0,0.04779999999999984,0.017047133607958287,-1.9978,,,,,early_july
1,True,823845,2026-07-10,0,22,5,2026-07-10 23:56:39.232000+00:00,2026-07-10 23:56:41.143528+00:00,2026-07-10 23:57:03.552000+00:00,0.26,-1.0459685551826876,0.202698012337735,0.42397682766353806,-1.0630471773824577,-0.05134598003862567,0.11327968652364802,0.146720313476352,0.237674,1.911528,4.0,0.0,0.0,-2.0,0.0,0.0,0.0,0.0,0.0,0.0,0.0,-2.0,-2.0,-2.0,-1.0,0.0,0.0,1.0,13.72,-1.0,0.0,0.27,3.2635,0.05134598003862567,0.23657999958929368,no,away_yes,away_yes,2026-07-10 23:56:44.203566+00:00,0.74,2.65,0.035700000000000065,0.026363001088371772,0.6533,,,,,early_july
1,True,823847,2026-07-07,1,12,2,2026-07-07 23:05:58.615000+00:00,2026-07-07 23:05:59.927051+00:00,2026-07-07 23:06:26.258000+00:00,0.73,0.9946225751440619,0.6539629664996114,0.5183093291496531,0.5632348428997727,0.0,0.8260456914094281,-0.09604569140942809,3.108324,1.312051,2.0,1.0,0.0,1.0,0.0,0.0,0.0,0.0,0.0,0.0,0.0,1.0,-1.0,0.0,0.0,0.0,0.0,3.0,47.16,1.0,0.0,0.72,4.310427,-0.05016096630321065,0.7528875052268458,yes,yes,home_yes,2026-07-07 23:06:00.144405+00:00,0.73,2.68,0.03699999999999992,0.02433851400794681,-0.018599999999999506,profitable_reversal,2026-07-08 01:31:58.563040+00:00,0.75,0.035199999999999676,early_july
1,True,823847,2026-07-07,1,72,2,2026-07-08 01:32:18.235000+00:00,2026-07-08 01:32:19.606624+00:00,2026-07-08 01:33:11.988000+00:00,0.68,0.7537718023763803,0.3197333809070912,0.42881764453492627,-0.46832058167787977,0.04558674445189426,0.5596802512983642,0.12031974870163586,0.005101,1.371624,8.0,1.0,2.0,0.0,0.0,0.0,1.0,0.0,1.0,0.0,1.0,0.0,-1.0,0.0,0.0,0.0,0.0,6.0,987.2700000000001,1.0,0.0,0.61,4.943402,-0.3064595843327155,0.6493727389040156,no,away_yes,away_yes,2026-07-08 01:32:20.100214+00:00,0.33,5.78,0.08949999999999969,0.029725569134790117,0.5613000000000008,profitable_reversal,2026-07-08 01:51:44.712073+00:00,0.46,0.10059999999999958,early_july
1,True,823847,2026-07-07,1,77,1,2026-07-08 01:42:38.018000+00:00,2026-07-08 01:42:40.224541+00:00,2026-07-08 01:45:11.869000+00:00,0.66,0.6632942174102643,0.006419710642880501,0.00874894801191839,-0.31190745960478505,0.2993288402088528,0.5130115410631378,0.1469884589368622,0.593141,2.206541,9.0,1.0,0.0,0.0,0.0,0.0,0.0,0.0,0.0,0.0,-2.0,0.0,0.0,0.0,-1.0,0.0,0.0,0.0,0.0,0.0,0.0,0.66,4.674351,0.0,0.6014380529461718,no,away_yes,away_yes,2026-07-08 01:42:42.776073+00:00,0.35,5.46,0.08700000000000019,0.17814823091390186,0.4186000000000003,profitable_reversal,2026-07-08 01:51:44.712073+00:00,0.46,0.09499999999999975,early_july
1,True,823848,2026-07-08,1,13,1,2026-07-08 23:03:46.144000+00:00,2026-07-08 23:03:48.995775+00:00,2026-07-08 23:04:11.858000+00:00,0.64,0.5753641449035619,0.6554058006641378,0.5162429498801193,0.5778924262336286,0.0,0.7601052401699367,-0.12010524016993673,0.815447,2.851775,2.0,1.0,0.0,1.0,0.0,0.0,0.0,0.0,0.0,0.0,0.0,1.0,0.0,0.0,0.0,0.0,0.0,0.0,0.0,0.0,0.0,0.64,4.545476,0.0,0.6657992197314263,yes,yes,home_yes,2026-07-08 23:03:49.379398+00:00,0.64,3.04,0.04909999999999992,0.029329627983536014,1.0453000000000001,,,,,early_july
1,True,823927,2026-07-10,0,30,4,2026-07-11 03:13:15.481000+00:00,2026-07-11 03:13:17.538640+00:00,2026-07-11 03:13:38.731000+00:00,0.4,-0.4054651081081643,0.30326391286609666,0.5634042400476419,-1.0867929206444689,0.041847109935500504,0.177393848762354,0.22260615123764602,0.079015,2.05764,4.0,0.0,2.0,-2.0,0.0,0.0,0.0,0.0,0.0,0.0,0.0,-2.0,-2.0,-1.0,-1.0,0.0,0.0,12.0,1384.8600000000001,-0.7805121095273169,0.004330127018922197,0.42,4.775554,0.08269171584511309,0.35905234732393804,no,away_yes,away_yes,2026-07-11 03:13:18.196812+00:00,0.6,3.24,0.05449999999999999,0.07817039467044104,1.2415000000000003,,,,,early_july
1,True,823928,2026-07-08,1,28,4,2026-07-09 03:06:22.043000+00:00,2026-07-09 03:06:23.645893+00:00,2026-07-09 03:07:00.778000+00:00,0.58,0.32277339226305085,0.26224975611651924,0.39526348922044086,-0.6090677871301129,0.04092224012206336,0.4189180124546773,0.16108198754532266,0.052553,1.602893,4.0,0.0,0.0,0.0,0.0,0.0,0.0,1.0,1.0,0.0,0.0,0.0,-2.0,-1.0,-1.0,1.0,1.0,17.0,216.07,1.0,0.004705882352941181,0.54,4.313215,-0.16243074218787137,0.5584863668172116,no,away_yes,away_yes,2026-07-09 03:06:25.030946+00:00,0.42,2.18,0.0371999999999999,0.009699720338478754,-0.9528,,,,,early_july
1,True,823929,2026-07-07,0,62,5,2026-07-08 04:04:49.700000+00:00,2026-07-08 04:04:51.996432+00:00,2026-07-08 04:05:31.756000+00:00,0.86,1.815289966638249,0.7981039715494731,0.8697485581601263,-0.5242513810332188,0.29894247727016077,0.7295017441267471,0.13049825587325292,1.366538,2.296432,8.0,0.0,1.0,2.0,0.0,0.0,1.0,1.0,0.0,0.0,0.0,0.0,-2.0,-2.0,0.0,1.0,0.0,0.0,0.0,0.0,0.0,0.86,4.928284,0.0,0.8263036394802564,no,away_yes,away_yes,2026-07-08 04:04:52.342038+00:00,0.15,12.58,0.11230000000000007,0.1858002153383742,10.5807,,,,,early_july
1,True,823929,2026-07-07,0,64,1,2026-07-08 04:08:36.007000+00:00,2026-07-08 04:08:37.045116+00:00,2026-07-08 04:09:18.308000+00:00,0.53,0.12014431184206341,0.1466586843259583,0.6147765872444768,-2.2284870615337478,0.040101604168526844,0.10447668187239416,0.42552331812760585,0.196882,1.038116,8.0,0.0,2.0,-1.0,0.0,0.0,0.0,0.0,0.0,0.0,1.0,-2.0,0.0,0.0,-1.0,0.0,-1.0,35.0,3494.62,0.46489174788675164,0.07227272610587973,0.5,4.954044,-0.12014431184206341,0.47211137213116483,no,away_yes,away_yes,2026-07-08 04:08:37.755667+00:00,0.42,4.57,0.07800000000000007,0.41505102936057675,2.5726000000000004,,,,,early_july
1,True,823930,2026-07-06,1,79,3,2026-07-07 04:59:25.294000+00:00,2026-07-07 04:59:27.413627+00:00,2026-07-07 05:02:18.992000+00:00,0.57,0.2818511521409875,0.0056078806544015425,0.007901141200542408,-0.34514319337452903,0.0,0.4841822696698467,0.08581773033015327,0.076445,2.119627,10.0,0.0,0.0,0.0,0.0,0.0,0.0,1.0,0.0,1.0,-2.0,0.0,0.0,-2.0,-1.0,0.0,0.0,7.0,296.49,1.0,0.0,0.57,4.759401,0.0,0.5495414227023596,no,away_yes,away_yes,2026-07-07 04:59:27.457243+00:00,0.43,1.38,0.023700000000000054,0.004532836670743681,-0.6171,,,,,early_july
1,True,823931,2026-07-05,0,28,4,2026-07-06 00:30:46.626000+00:00,2026-07-06 00:30:47.837031+00:00,2026-07-06 00:31:21.575000+00:00,0.58,0.32277339226305085,0.31611326042353083,0.45183869751284617,-0.5784474110562698,0.04092224012206336,0.4263897660701899,0.15361023392981005,0.185671,1.211031,4.0,1.0,2.0,-1.0,0.0,0.0,0.0,0.0,0.0,0.0,2.0,0.0,-2.0,-1.0,-1.0,0.0,0.0,0.0,0.0,0.0,0.0,0.53,4.551842,-0.20262908042098743,0.5192688129289083,no,away_yes,away_yes,2026-07-06 00:30:50.087166+00:00,0.44,0.21,0.003700000000000009,0.004853549284929258,0.11389999999999999,,,,,early_july
1,True,823932,2026-07-04,1,22,4,2026-07-05 02:55:33.529000+00:00,2026-07-05 02:55:35.291401+00:00,2026-07-05 02:57:16.304000+00:00,0.82,1.5163474893680882,0.7697361802386603,0.6473428600183987,0.5994423722695903,-0.21825356602001822,0.9116575291454299,-0.0916575291454299,1.229109,1.762401,3.0,1.0,1.0,1.0,0.0,0.0,1.0,0.0,1.0,0.0,0.0,1.0,-1.0,-2.0,1.0,-1.0,0.0,1.0,3.0,1.0,0.0,0.83,4.820721,0.06927977437229349,0.8422970357394769,yes,yes,home_yes,2026-07-05 02:55:35.828149+00:00,0.82,0.3,0.0031000000000000194,0.003589110721843064,0.0509,,,,,early_july
1,True,823933,2026-07-03,1,24,3,2026-07-04 02:56:18.639000+00:00,2026-07-04 02:56:19.760252+00:00,2026-07-04 02:56:46.369000+00:00,0.44,-0.2411620568168881,0.28616350905066235,0.41189415373328264,-0.5579500399903528,0.0,0.3102154820051914,0.1297845179948086,0.446941,1.121252,4.0,0.0,2.0,-2.0,0.0,0.0,0.0,0.0,0.0,0.0,0.0,-1.0,-2.0,0.0,0.0,0.0,0.0,4.0,193.06,0.8905003625815809,0.004330127018922198,0.44,4.772466,0.0,0.40944535823182127,no,away_yes,away_yes,2026-07-04 02:56:20.244654+00:00,0.56,3.46,0.059699999999999864,0.046019060517898364,-1.9973,,,,,early_july
1,True,823935,2026-07-02,1,34,1,2026-07-03 03:23:46.195000+00:00,2026-07-03 03:23:47.324900+00:00,2026-07-03 03:26:30.635000+00:00,0.4,-0.4054651081081643,0.26640992535830055,0.3593943112162225,-0.43492022399912045,0.0,0.3014536348088742,0.0985463651911258,0.150893,1.1299,4.0,0.0,0.0,-2.0,0.0,0.0,0.0,0.0,0.0,1.0,-1.0,0.0,0.0,0.0,-1.0,0.0,0.0,14.0,1074.15,0.6701205604431411,0.004517539514526261,0.4,4.940544,0.0,0.37104597651031485,no,away_yes,away_yes,2026-07-03 03:23:47.599110+00:00,0.6,3.24,0.05449999999999999,0.03931103610657981,-1.9985,,,,,early_july
1,True,824010,2026-07-05,0,18,4,2026-07-06 02:10:38.003000+00:00,2026-07-06 02:10:41.094653+00:00,2026-07-06 02:11:13.289000+00:00,0.55,0.2006706954621514,0.6106300759085013,0.4656665312017375,0.5875118197706188,-0.08118045667883608,0.7046131284172182,-0.1546131284172182,0.529388,3.091653,2.0,1.0,1.0,1.0,0.0,0.0,0.0,1.0,0.0,0.0,0.0,1.0,-1.0,-2.0,0.0,0.0,0.0,0.0,0.0,0.0,0.0,0.6,3.219541,0.2047944126460128,0.5833919224932334,yes,yes,home_yes,2026-07-06 02:10:41.722304+00:00,0.56,3.46,0.059699999999999864,0.021236051826587346,-1.9973,,,,,early_july
1,True,824011,2026-06-28,1,17,6,2026-06-28 19:52:48.938000+00:00,2026-06-28 19:52:50.508946+00:00,2026-06-28 19:53:40.051000+00:00,0.88,1.9924301646902063,0.9130017827470402,0.6068540493970238,1.9167428082818285,0.17714019805195735,0.9766158005817518,-0.09661580058175179,1.285829,1.570946,2.0,1.0,1.0,4.0,0.0,0.0,0.0,0.0,0.0,0.0,0.0,4.0,-1.0,-2.0,-1.0,-1.0,-1.0,0.0,0.0,0.0,0.0,0.87,3.565448,-0.09147140349715932,0.9027993807281861,yes,yes,home_yes,2026-06-28 19:52:51.344395+00:00,0.88,2.25,0.016699999999999937,0.034598606638418794,0.2533000000000001,,,,,early_july
1,True,824091,2026-07-05,1,50,1,2026-07-05 20:46:46.973000+00:00,2026-07-05 20:46:49.478042+00:00,2026-07-05 20:47:09.895000+00:00,0.76,1.1526795099383855,0.7971155657133573,0.7412842034855083,0.31570919769580086,-0.17224590480521318,0.8376212707434627,-0.0776212707434627,1.336443,2.505042,7.0,0.0,1.0,2.0,0.0,0.0,1.0,0.0,0.0,0.0,1.0,0.0,0.0,0.0,0.0,0.0,0.0,0.0,0.0,0.0,0.0,0.76,4.477849,0.0,0.7910219071188459,yes,yes,home_yes,2026-07-05 20:46:50.901278+00:00,0.76,0.54,0.006899999999999962,0.009851829844176822,0.12270000000000003,,,,,early_july
1,True,824171,2026-07-04,1,80,4,2026-07-05 02:07:53.396000+00:00,2026-07-05 02:07:56.096727+00:00,2026-07-05 02:10:23.427000+00:00,0.64,0.5753641449035619,0.006604792764108985,0.009389297413040953,-0.35458185946782006,0.08581591958485613,0.5336904650814627,0.10630953491853734,0.497033,2.700727,9.0,1.0,0.0,0.0,0.0,0.0,0.0,0.0,0.0,0.0,-2.0,0.0,0.0,-2.0,-1.0,0.0,0.0,0.0,0.0,0.0,0.0,0.65,4.982178,0.043675063502661704,0.6162763490795266,no,away_yes,away_yes,2026-07-05 02:07:56.302386+00:00,0.36,2.17,0.03500000000000014,0.016480322497427265,-0.8162,,,,,early_july
1,True,824173,2026-07-03,0,44,3,2026-07-04 01:57:59.022000+00:00,2026-07-04 01:58:01.476607+00:00,2026-07-04 01:58:23.687000+00:00,0.31,-0.8001193001121131,0.14978485724384372,0.32146425614967167,-0.9892386476314641,0.047178560275090486,0.13746142882167975,0.17253857117832025,0.56578,2.454607,7.0,0.0,1.0,-1.0,0.0,0.0,0.0,0.0,0.0,0.0,0.0,-1.0,-1.0,-1.0,0.0,0.0,0.0,0.0,0.0,0.0,0.0,0.32,4.34005,0.04634749773573299,0.28579228428290854,no,away_yes,away_yes,2026-07-04 01:58:02.922790+00:00,0.69,2.83,0.042400000000000215,0.026107835479368624,0.8349,,,,,early_july
1,True,824175,2026-06-30,1,39,3,2026-07-01 01:31:25.330000+00:00,2026-07-01 01:31:26.380804+00:00,2026-07-01 01:31:53.187000+00:00,0.78,1.265666373331276,0.8499918872816057,0.3736496352420816,2.2511287761123127,0.1670540846631663,0.9660963556516656,-0.1860963556516656,0.875192,1.050804,4.0,1.0,2.0,3.0,0.0,0.0,0.0,0.0,0.0,0.0,0.0,4.0,-1.0,-1.0,-1.0,-1.0,-1.0,2.0,481.45000000000005,-1.0,0.0,0.83,4.310108,0.3199608904091056,0.8215775729232186,yes,yes,home_yes,2026-07-01 01:31:27.828508+00:00,0.79,2.49,0.028999999999999693,0.049628156578814656,0.4939000000000002,,,,,early_july
1,True,824251,2026-07-09,1,34,6,2026-07-10 00:03:43.073000+00:00,2026-07-10 00:03:45.019881+00:00,2026-07-10 00:04:53.264000+00:00,0.82,1.5163474893680882,0.8373051348377137,0.5522032307895691,1.4287354473318006,0.0,0.9500305791205372,-0.13003057912053728,1.150175,1.946881,5.0,1.0,1.0,2.0,0.0,0.0,0.0,0.0,0.0,0.0,0.0,2.0,-3.0,-2.0,-1.0,0.0,0.0,1.0,0.22,-1.0,0.0,0.82,4.621524,0.0,0.8481211589747812,yes,yes,home_yes,2026-07-10 00:03:46.978060+00:00,0.82,2.4,0.024800000000000155,0.042690781539474934,0.4072,,,,,early_july
1,True,824252,2026-07-10,1,21,5,2026-07-10 23:23:23.859000+00:00,2026-07-10 23:23:25.943156+00:00,2026-07-10 23:23:59.020000+00:00,0.66,0.6632942174102643,0.6315210464858073,0.3954163341482988,0.9633485181443995,0.0,0.8357092079931902,-0.17570920799319012,0.442861,2.084156,3.0,1.0,1.0,1.0,0.0,0.0,0.0,0.0,0.0,0.0,0.0,2.0,-3.0,-1.0,-1.0,0.0,0.0,3.0,138.0,-1.0,0.0,0.66,4.097068,0.0,0.6850267373302432,yes,yes,home_yes,2026-07-10 23:23:26.401697+00:00,0.66,2.95,0.046399999999999775,0.027428875124217628,0.9566000000000001,,,,,early_july
1,True,824253,2026-07-08,1,19,5,2026-07-08 23:23:45.247000+00:00,2026-07-08 23:23:46.424878+00:00,2026-07-08 23:24:17.090000+00:00,0.82,1.5163474893680882,0.8821816956014457,0.7210468786785597,1.063593983964314,0.0,0.9295594369539953,-0.10955943695399539,3.13843,1.177878,2.0,1.0,2.0,3.0,0.0,0.0,0.0,0.0,0.0,0.0,0.0,2.0,-2.0,-2.0,-1.0,0.0,0.0,0.0,0.0,0.0,0.0,0.83,3.996728,0.06927977437229349,0.857128431890088,yes,yes,home_yes,2026-07-08 23:23:48.071529+00:00,0.83,0.39,0.0039000000000000146,0.006680088437134331,0.06240000000000001,,,,,early_july
1,True,824254,2026-07-07,1,52,1,2026-07-08 00:25:53.129000+00:00,2026-07-08 00:25:55.224403+00:00,2026-07-08 00:26:41.246000+00:00,0.81,1.4500101755059986,0.8544157112414118,0.7286318065608757,0.781970641756398,-0.06633731386208952,0.9087376515123576,-0.09873765151235758,0.596456,2.095403,6.0,1.0,2.0,2.0,0.0,0.0,0.0,1.0,1.0,0.0,0.0,1.0,0.0,0.0,-1.0,1.0,0.0,0.0,0.0,0.0,0.0,0.84,4.837839,0.20821790109753358,0.8405855531868761,yes,yes,home_yes,2026-07-08 00:25:56.381528+00:00,0.82,2.4,0.024800000000000155,0.02460532764850263,0.4072,,,,,early_july
1,True,824256,2026-06-28,0,13,2,2026-06-28 18:08:47.708000+00:00,2026-06-28 18:08:56.632162+00:00,2026-06-28 18:09:14.357000+00:00,0.75,1.0986122886681098,0.7688881974298377,0.5504568490630565,0.9995272635725009,0.0,0.8907222215837781,-0.14072222158377812,1.899987,8.924162,2.0,1.0,0.0,2.0,0.0,0.0,0.0,0.0,0.0,0.0,0.0,2.0,0.0,-1.0,-1.0,0.0,0.0,0.0,0.0,0.0,0.0,0.74,4.728228,-0.05264373348542217,0.7780110722191679,yes,yes,home_yes,2026-06-28 18:09:01.183709+00:00,0.75,1.04,0.013699999999999934,0.015431515107934658,-0.7937,,,,,early_july
1,True,824335,2026-07-02,1,39,4,2026-07-02 20:33:45.053000+00:00,2026-07-02 20:33:46.171342+00:00,2026-07-02 20:34:08.550000+00:00,0.62,0.4895482253187058,0.5619427879049964,0.2560873697491548,1.315455441905285,0.0,0.8587569373657964,-0.2387569373657964,0.259806,1.118342,4.0,1.0,2.0,1.0,0.0,0.0,0.0,0.0,0.0,0.0,0.0,2.0,-2.0,-1.0,-1.0,0.0,0.0,2.0,3.0,1.0,0.015000000000000013,0.61,4.757899,-0.042236007275040954,0.6533152288004229,yes,yes,home_yes,2026-07-02 20:33:47.463774+00:00,0.63,3.09,0.05050000000000021,0.021544056993306596,1.0927999999999998,,,,,early_july
1,True,824337,2026-07-01,1,41,2,2026-07-02 02:02:06.601000+00:00,2026-07-02 02:02:07.613205+00:00,2026-07-02 02:03:18.897000+00:00,0.65,0.6190392084062236,0.4875729914970042,0.19849244359100526,1.346025094929589,0.0,0.8770799819220675,-0.22707998192206746,0.335814,1.012205,5.0,1.0,2.0,1.0,0.0,0.0,0.0,0.0,1.0,0.0,0.0,2.0,0.0,-1.0,0.0,-1.0,0.0,8.0,25.689999999999998,-1.0,0.016393596310755015,0.65,4.072344,0.0,0.6733738315035169,yes,yes,home_yes,2026-07-02 02:02:07.708945+00:00,0.65,3.0,0.04779999999999984,0.022321494510550877,1.0022,,,,,early_july
1,True,824339,2026-06-29,0,44,2,2026-06-30 02:10:02.494000+00:00,2026-06-30 02:10:03.824913+00:00,2026-06-30 02:10:29.410000+00:00,0.36,-0.5753641449035618,0.2627654401823113,0.7022847148135771,-1.8898456202241274,-0.04314733115625358,0.08150572309079962,0.27849427690920037,1.321722,1.330913,5.0,0.0,2.0,-1.0,0.0,0.0,0.0,0.0,0.0,0.0,0.0,-3.0,-1.0,0.0,-1.0,0.0,-1.0,0.0,0.0,0.0,0.0,0.36,3.459998,0.0,0.32270245030433453,no,away_yes,away_yes,2026-06-30 02:10:03.998580+00:00,0.63,3.09,0.05050000000000021,0.09564942855960606,1.0927999999999998,,,,,early_july
1,True,824413,2026-07-05,0,53,6,2026-07-05 21:24:06.678000+00:00,2026-07-05 21:24:08.389913+00:00,2026-07-05 21:24:44.473000+00:00,0.34,-0.663294217410264,0.19084933872863108,0.1416833027667571,0.3568780208269644,0.0,0.4239897447935932,-0.08398974479359317,0.6411,1.711913,6.0,0.0,1.0,0.0,0.0,0.0,1.0,1.0,1.0,0.0,1.0,0.0,-2.0,-2.0,0.0,0.0,0.0,1.0,109.64,1.0,0.0,0.34,3.873405,0.0,0.37796476812636165,yes,yes,home_yes,2026-07-05 21:24:09.981732+00:00,0.34,5.62,0.08829999999999982,0.12506199687015251,0.15440000000000054,profitable_reversal,2026-07-05 22:20:21.754897+00:00,0.4,0.09449999999999958,early_july
1,True,824413,2026-07-05,0,76,5,2026-07-05 22:20:17.513000+00:00,2026-07-05 22:20:18.669196+00:00,2026-07-05 22:20:59.874000+00:00,0.44,-0.2411620568168881,0.10572065708962847,0.1756099975152951,-0.5888397764948308,0.04068909532409978,0.29511055446561285,0.14488944553438715,0.037941,1.156196,8.0,1.0,2.0,-1.0,0.0,0.0,1.0,0.0,1.0,0.0,1.0,0.0,-3.0,-1.0,0.0,-1.0,1.0,22.0,5590.639999999999,0.9928451840934133,0.011570838237598063,0.28,4.491271,-0.7032995520239631,0.39957334890180385,no,away_yes,away_yes,2026-07-05 22:20:21.764242+00:00,0.56,3.46,0.059699999999999864,0.08017621279975864,1.4627,,,,,early_july
1,True,824415,2026-07-04,0,59,6,2026-07-05 01:20:09.485000+00:00,2026-07-05 01:20:11.550522+00:00,2026-07-05 01:20:36.500000+00:00,0.25,-1.0986122886681098,0.07041988531018883,0.22462688834762323,-1.3413537133871605,-0.05264373348542217,0.08414455961264043,0.16585544038735955,0.096411,2.065522,8.0,0.0,0.0,-1.0,0.0,0.0,0.0,0.0,0.0,0.0,0.0,-1.0,-2.0,-2.0,0.0,0.0,0.0,0.0,0.0,0.0,0.0,0.25,4.265064,0.0,0.2268143035132252,no,away_yes,away_yes,2026-07-05 01:20:12.803960+00:00,0.75,1.54,0.020299999999999985,0.015405972589633242,0.3647,,,,,early_july
1,True,824416,2026-07-02,1,19,6,2026-07-02 23:23:57.573000+00:00,2026-07-02 23:24:02.656133+00:00,2026-07-02 23:24:38.033000+00:00,0.62,0.4895482253187058,0.5299483339305732,0.45841747712061987,0.28665206279943867,-0.08581591958485613,0.7030817257218283,-0.08308172572182826,3.520795,5.083133,3.0,1.0,0.0,0.0,0.0,0.0,0.0,1.0,0.0,0.0,0.0,0.0,-3.0,-2.0,0.0,1.0,0.0,0.0,0.0,0.0,0.0,0.6,3.097533,-0.08408311721054157,0.6487468339721512,yes,yes,home_yes,2026-07-02 23:24:05.602156+00:00,0.59,3.29,0.05580000000000007,0.13747708376837736,1.2931000000000001,,,,,early_july
1,True,824417,2026-07-03,1,73,6,2026-07-04 03:47:11.208000+00:00,2026-07-04 03:47:12.434137+00:00,2026-07-04 03:49:54.204000+00:00,0.69,0.8001193001121129,0.010990323052207573,0.007297321463985429,0.41323489068098596,-0.29849298855599693,0.8193347974061531,-0.12933479740615317,0.738966,1.226137,10.0,1.0,0.0,0.0,0.0,0.0,0.0,1.0,0.0,0.0,-2.0,0.0,-3.0,-2.0,0.0,0.0,0.0,5.0,19.240000000000002,-0.5841995841995842,0.02925747767665557,0.8,4.992831,0.5861750610077779,0.7155036019510413,yes,yes,home_yes,2026-07-04 03:47:12.963823+00:00,0.69,2.83,0.042400000000000215,0.029775193521446947,0.8349,,,,,early_july
1,True,824419,2026-07-01,1,24,2,2026-07-01 18:01:46.606000+00:00,2026-07-01 18:01:49.432471+00:00,2026-07-01 18:02:17.504000+00:00,0.79,1.3249254147435987,0.7312200682797374,0.8189075782772127,-0.5081421938926398,0.33030283959953677,0.6192769503203994,0.1707230496796006,0.364912,2.826471,3.0,0.0,0.0,5.0,0.0,0.0,1.0,1.0,1.0,0.0,0.0,0.0,0.0,-1.0,0.0,0.0,1.0,0.0,0.0,0.0,0.0,0.79,3.768401,0.0,0.7498571239546795,no,away_yes,away_yes,2026-07-01 18:01:50.539196+00:00,0.22,8.62,0.10360000000000014,0.1562315915106624,-2.0,,,,,early_july
1,True,824420,2026-06-29,0,30,5,2026-06-30 00:09:43.908000+00:00,2026-06-30 00:09:45.682490+00:00,2026-06-30 00:12:33.161000+00:00,0.42,-0.3227733922630512,0.24893456087436472,0.38609004400409386,-0.6405250807252288,-0.08161133544616309,0.2928282845912419,0.1271717154087581,2.021304,1.77449,5.0,0.0,0.0,-1.0,0.0,0.0,0.0,0.0,0.0,1.0,-1.0,0.0,-1.0,-2.0,-1.0,-1.0,0.0,1.0,15.27,1.0,0.0,0.42,4.581716,0.0,0.3893708045867214,no,away_yes,away_yes,2026-06-30 00:09:50.601809+00:00,0.58,3.34,0.05700000000000016,0.04530151268035028,1.3457999999999999,,,,,early_july
1,True,824422,2026-06-28,1,75,5,2026-06-28 20:30:26.045000+00:00,2026-06-28 20:30:27.292539+00:00,2026-06-28 20:31:51.740000+00:00,0.34,-0.663294217410264,0.1590502781766099,0.08351399911276952,0.7302210135741365,0.23208982964457736,0.45880284990905496,-0.11880284990905493,3.183187,1.247539,8.0,1.0,0.0,-2.0,0.0,0.0,1.0,1.0,0.0,0.0,0.0,1.0,-2.0,-2.0,0.0,0.0,0.0,4.0,62.66,1.0,0.01785357107135714,0.33,4.650061,-0.04489084051422165,0.36499783763304444,yes,yes,home_yes,2026-06-28 20:30:29.240774+00:00,0.31,6.15,0.09209999999999985,0.24613670144322353,4.151400000000001,,,,,early_july
1,True,824493,2026-07-10,1,36,2,2026-07-11 00:28:13.203000+00:00,2026-07-11 00:28:15.740124+00:00,2026-07-11 00:28:39.062000+00:00,0.69,0.8001193001121129,0.6373297605757874,0.41489472195624333,0.9075601965773088,0.046347497735732546,0.8404167270432369,-0.15041672704323694,0.002228,2.537124,5.0,1.0,0.0,1.0,0.0,0.0,0.0,0.0,0.0,0.0,0.0,1.0,0.0,-1.0,0.0,0.0,0.0,0.0,0.0,0.0,0.0,0.69,4.849949,0.0,0.7140937602071269,yes,yes,home_yes,2026-07-11 00:28:19.586421+00:00,0.69,2.83,0.042400000000000215,0.025785341386169044,0.8349,,,,,early_july
1,True,824496,2026-07-08,1,24,6,2026-07-09 00:02:15.211000+00:00,2026-07-09 00:02:18.447503+00:00,2026-07-09 00:02:42.647000+00:00,0.57,0.2818511521409875,0.4215695798282784,0.2427807549373998,0.8211606194798464,0.040689095324099256,0.7431341614985119,-0.1731341614985119,3.708998,3.236503,3.0,1.0,1.0,0.0,0.0,0.0,0.0,0.0,0.0,0.0,0.0,2.0,-3.0,-2.0,0.0,-1.0,0.0,0.0,0.0,0.0,0.0,0.56,3.922733,-0.040689095324099256,0.6024434179658886,yes,yes,home_yes,2026-07-09 00:02:22.238944+00:00,0.57,3.4,0.05840000000000023,0.05190762108402126,1.4036,,,,,early_july
1,True,824499,2026-07-04,0,42,2,2026-07-05 00:46:32.977000+00:00,2026-07-05 00:46:34.833695+00:00,2026-07-05 00:47:13.387000+00:00,0.15,-1.7346010553881064,0.04097050490193912,0.07823569482634941,-0.68650585773928,0.2578291093020999,0.0642277945657095,0.0857722054342905,0.260022,1.856695,4.0,1.0,2.0,-4.0,0.0,0.0,0.0,0.0,0.0,0.0,2.0,0.0,0.0,-1.0,-1.0,0.0,0.0,0.0,0.0,0.0,0.0,0.12,4.86419,-0.2578291093020999,0.11376213228474716,no,away_yes,away_yes,2026-07-05 00:46:35.894674+00:00,0.85,2.32,0.02080000000000015,0.06327185309938642,0.32719999999999994,,,,,early_july
1,True,824580,2026-06-28,0,66,4,2026-06-28 20:35:48.432000+00:00,2026-06-28 20:35:50.999110+00:00,2026-06-28 20:38:26.599000+00:00,0.27,-0.9946225751440619,0.08928270951075068,0.18522134250320155,-0.8410597391006644,-0.09923852808922062,0.14976520332706597,0.12023479667293405,2.20009,2.56711,8.0,0.0,0.0,-1.0,0.0,0.0,0.0,0.0,0.0,1.0,-1.0,0.0,-1.0,-2.0,-1.0,0.0,0.0,0.0,0.0,0.0,0.0,0.27,4.900032,0.0,0.2428071724622817,no,away_yes,away_yes,2026-06-28 20:35:52.062964+00:00,0.73,2.68,0.03699999999999992,0.03587677780108525,0.6866000000000001,,,,,early_july
1,True,824658,2026-07-04,0,64,1,2026-07-05 03:55:27.956000+00:00,2026-07-05 03:55:29.350152+00:00,2026-07-05 03:56:29.788000+00:00,0.17,-1.5856272637403817,0.06739353331564231,0.08544789628533005,-0.25690659866434773,0.5051138331933878,0.08725292782363953,0.08274707217636049,0.113667,1.394152,8.0,1.0,1.0,-3.0,0.0,0.0,0.0,1.0,1.0,0.0,1.0,0.0,0.0,0.0,-1.0,0.0,1.0,18.0,369.82,0.901411497485263,0.021081851067789197,0.18,4.895763,0.06927977437229305,0.1406310710597974,no,away_yes,away_yes,2026-07-05 03:55:32.198501+00:00,0.82,2.4,0.024800000000000155,0.0696854294564861,0.4072,,,,,early_july
1,True,824659,2026-07-03,0,14,8,2026-07-03 20:46:07.900000+00:00,2026-07-03 20:46:09.562187+00:00,2026-07-03 20:47:06.916000+00:00,0.28,-0.9444616088408512,0.1701230568717027,0.4701184576760131,-1.4650866134097285,0.0,0.08244748862305305,0.19755251137694696,0.247722,1.662187,2.0,0.0,2.0,-3.0,0.0,0.0,0.0,0.0,0.0,0.0,0.0,-3.0,-2.0,-2.0,-1.0,0.0,-1.0,3.0,682.8,1.0,0.0,0.28,4.926716,0.0,0.25476562312243944,no,away_yes,away_yes,2026-07-03 20:46:11.979997+00:00,0.71,2.76,0.03980000000000028,0.05744688018206695,0.7605999999999997,,,,,early_july
1,True,824662,2026-06-29,1,77,3,2026-06-30 03:14:47.457000+00:00,2026-06-30 03:14:49.181208+00:00,2026-06-30 03:15:34.196000+00:00,0.72,0.9444616088408513,0.0076684482933860095,0.024586114919053548,-1.182262961554644,-0.7137664677626809,0.616794643858155,0.103205356141845,0.140902,1.724208,9.0,1.0,2.0,0.0,0.0,0.0,0.0,1.0,1.0,0.0,2.0,0.0,-1.0,-1.0,-1.0,0.0,0.0,18.0,561.41,-0.31454730054683744,0.01666666666666668,0.69,4.734788,-0.14434230872873843,0.6818514906146742,no,away_yes,away_yes,2026-06-30 03:14:49.195219+00:00,0.28,5.0,0.07059999999999977,0.12014254692662907,-1.4706,,,,,early_july
1,True,824741,2026-06-29,1,53,7,2026-06-30 00:55:38.818000+00:00,2026-06-30 00:55:39.852098+00:00,2026-06-30 00:59:37.233000+00:00,0.8,1.3862943611198908,0.8590851325818607,0.8682256508139319,-0.0776485705153851,-0.42899560551835814,0.8503872310853404,-0.05038723108534038,0.47654,1.034098,7.0,0.0,0.0,3.0,3.0,2.0,1.0,0.0,0.0,0.0,0.0,0.0,1.0,0.0,0.0,0.0,0.0,0.0,0.0,0.0,0.0,0.8,4.539796,0.0,0.8210619673624722,yes,yes,home_yes,2026-06-30 00:55:43.073076+00:00,0.8,2.3,0.025800000000000045,0.022642524933685834,0.4341999999999999,,,,,early_july
1,True,824742,2026-06-30,0,49,2,2026-07-01 01:18:28.477000+00:00,2026-07-01 01:18:30.279725+00:00,2026-07-01 01:19:48.210000+00:00,0.19,-1.4500101755059984,0.05119077844893283,0.14512803792006457,-1.1463130071207235,0.2082179010975338,0.057079277018887056,0.13292072298111296,0.893232,1.802725,7.0,0.0,2.0,-3.0,0.0,0.0,0.0,1.0,0.0,0.0,0.0,-2.0,-1.0,0.0,-1.0,1.0,-1.0,15.0,162.95,-0.03099110156489719,0.027030846576951054,0.19,4.986275,0.0,0.16024702436221608,no,away_yes,away_yes,2026-07-01 01:18:33.960574+00:00,0.81,2.43,0.02619999999999978,0.046099730799815095,0.4355000000000002,,,,,early_july
1,True,824744,2026-06-28,1,62,4,2026-06-29 01:56:29.445000+00:00,2026-06-29 01:56:30.518351+00:00,2026-06-29 01:59:20.269000+00:00,0.61,0.44731221804366483,0.006366602362602859,0.008515535822505749,-0.29299133735586125,0.08334684084225336,0.5177360654083348,0.09226393459166515,0.482042,1.073351,9.0,1.0,0.0,0.0,0.0,0.0,0.0,0.0,0.0,0.0,-2.0,0.0,-1.0,-2.0,-1.0,0.0,0.0,4.0,81.25,0.08923076923076922,0.004330127018922197,0.63,4.991814,0.08490459570364339,0.5873887210873481,no,away_yes,away_yes,2026-06-29 01:56:30.520702+00:00,0.39,4.91,0.08179999999999987,0.029221379461121008,-1.9967,,,,,early_july
1,True,824744,2026-06-28,1,64,3,2026-06-29 02:03:23.168000+00:00,2026-06-29 02:03:24.544335+00:00,2026-06-29 02:03:59.572000+00:00,0.63,0.5322168137473082,0.004119785230686804,0.008508378748550711,-0.7296668662839103,0.0,0.4507972368157146,0.1792027631842854,0.066841,1.376335,9.0,1.0,2.0,0.0,0.0,0.0,0.0,0.0,0.0,0.0,2.0,0.0,-1.0,-1.0,-1.0,0.0,0.0,3.0,35.949999999999996,1.0,0.0,0.53,4.597486,-0.4120725019052448,0.5827827665214033,no,away_yes,away_yes,2026-06-29 02:03:25.029374+00:00,0.39,4.91,0.08179999999999987,0.05183661637991005,-1.9967,,,,,early_july
1,True,824816,2026-07-09,1,69,3,2026-07-09 20:01:19.877000+00:00,2026-07-09 20:01:21.313210+00:00,2026-07-09 20:03:28.133000+00:00,0.76,1.1526795099383855,0.8078630043770436,0.6609285544831097,0.7687489505611802,-1.044545067397834,0.9510130350528344,-0.1910130350528344,0.293248,1.43621,9.0,0.0,1.0,1.0,2.0,1.0,0.0,0.0,0.0,0.0,1.0,0.0,1.0,0.0,-1.0,0.0,0.0,1.0,50.0,-1.0,0.0,0.78,4.052375,0.11298686339289055,0.7964952106574837,yes,yes,home_yes,2026-07-09 20:01:22.912316+00:00,0.75,2.62,0.034399999999999986,0.08741745192260743,0.6206,,,,,early_july
1,True,824817,2026-07-10,1,12,2,2026-07-10 23:29:20.728000+00:00,2026-07-10 23:29:21.746349+00:00,2026-07-10 23:31:39.457000+00:00,0.64,0.5753641449035619,0.5152036485332149,0.4014453336721636,0.4602798385120453,-0.043675063502661704,0.746365097660203,-0.10636509766020297,0.110338,1.018349,2.0,1.0,0.0,0.0,0.0,0.0,0.0,0.0,0.0,0.0,-1.0,0.0,-1.0,0.0,-1.0,-1.0,0.0,7.0,325.41,1.0,0.0,0.64,3.238134,0.0,0.665827758044392,yes,yes,home_yes,2026-07-10 23:29:22.977908+00:00,0.64,3.04,0.04909999999999992,0.029416384454951663,1.0453000000000001,,,,,early_july
1,True,824819,2026-06-30,0,27,2,2026-06-30 23:26:55.650000+00:00,2026-06-30 23:26:56.661902+00:00,2026-06-30 23:28:01.918000+00:00,0.18,-1.5163474893680886,0.03337053509241639,0.08239729474530111,-0.9559300058385829,0.06927977437229305,0.0729957270189898,0.10700427298101019,0.354317,1.011902,3.0,0.0,0.0,-4.0,0.0,0.0,1.0,0.0,1.0,0.0,0.0,-2.0,-1.0,0.0,0.0,-1.0,0.0,20.0,1372.89,0.8812869202922302,0.008660254037844383,0.14,4.954162,-0.29894247727016054,0.158935379772665,no,away_yes,away_yes,2026-06-30 23:26:56.702424+00:00,0.82,2.4,0.024800000000000155,0.025755088545603884,0.4072,,,,,early_july
1,True,824820,2026-07-07,0,19,4,2026-07-08 00:09:36.777000+00:00,2026-07-08 00:09:41.863539+00:00,2026-07-08 00:10:56.732000+00:00,0.37,-0.5322168137473082,0.27632205100640594,0.4294202615138272,-0.6785625756035301,-0.08490459570364345,0.24492319635078044,0.12507680364921955,2.122338,5.086539,3.0,0.0,2.0,-1.0,0.0,0.0,1.0,0.0,1.0,0.0,0.0,-1.0,-1.0,-2.0,0.0,-1.0,1.0,0.0,0.0,0.0,0.0,0.36,3.802224,-0.04314733115625358,0.3447088377949455,no,away_yes,away_yes,2026-07-08 00:09:43.024256+00:00,0.63,3.09,0.05050000000000021,0.027649691213618377,1.0927999999999998,,,,,early_july
1,True,824822,2026-06-29,0,59,6,2026-06-30 00:55:28.034000+00:00,2026-06-30 00:55:29.787205+00:00,2026-06-30 00:56:07.137000+00:00,0.25,-1.0986122886681098,0.06659412220578531,0.2560299146573174,-1.5735172778303104,-0.20322824161326847,0.07806727317776628,0.1719327268222337,0.278799,1.753205,8.0,0.0,1.0,-1.0,0.0,0.0,0.0,1.0,0.0,0.0,0.0,-1.0,-2.0,-2.0,-1.0,1.0,0.0,1.0,12.29,1.0,0.0,0.25,4.02116,0.0,0.22943319789031505,no,away_yes,away_yes,2026-06-30 00:55:31.900513+00:00,0.75,0.7,0.009200000000000097,0.005196761476779386,0.16579999999999995,,,,,early_july
1,True,824900,2026-07-06,0,74,6,2026-07-07 02:02:25.974000+00:00,2026-07-07 02:02:27.261034+00:00,2026-07-07 02:03:16.489000+00:00,0.83,1.5856272637403817,0.7825948654025818,0.6816729335783216,0.5193819479012145,-0.22966270289786728,0.9117081331773648,-0.0817081331773648,0.374952,1.287034,9.0,0.0,2.0,1.0,0.0,0.0,1.0,0.0,1.0,0.0,1.0,0.0,-2.0,-2.0,0.0,-1.0,1.0,5.0,18.049999999999997,1.0,0.018547236990991423,0.85,4.598266,0.14897379164772473,0.8573830984916639,yes,yes,home_yes,2026-07-07 02:02:28.483400+00:00,0.82,1.15,0.011900000000000133,0.031090563265413457,-0.9549,,,,,early_july
1,True,824904,2026-07-03,1,24,4,2026-07-04 00:07:48.614000+00:00,2026-07-04 00:07:54.290016+00:00,2026-07-04 00:08:11.704000+00:00,0.69,0.8001193001121129,0.6315798825331191,0.4867819774621353,0.591884931843721,0.0,0.8009120146102257,-0.1109120146102257,0.998027,5.676016,3.0,1.0,1.0,1.0,0.0,0.0,0.0,0.0,0.0,0.0,0.0,1.0,-2.0,-1.0,0.0,0.0,0.0,0.0,0.0,0.0,0.0,0.69,4.999817,0.0,0.7140460970416368,yes,yes,home_yes,2026-07-04 00:07:56.122787+00:00,0.69,2.83,0.042400000000000215,0.025650454627832067,0.8349,,,,,early_july
1,True,824904,2026-07-03,1,43,6,2026-07-04 00:45:50.301000+00:00,2026-07-04 00:45:52.673607+00:00,2026-07-04 00:46:17.840000+00:00,0.82,1.5163474893680882,0.7829563723317321,0.6376942561519714,0.717608098809031,-0.06927977437229349,0.9091446360821634,-0.0891446360821635,1.93928,2.372607,5.0,1.0,2.0,2.0,0.0,0.0,0.0,0.0,0.0,0.0,0.0,1.0,-2.0,-2.0,0.0,0.0,0.0,0.0,0.0,0.0,0.0,0.82,4.239354,0.0,0.8434098693969038,yes,yes,home_yes,2026-07-04 00:45:54.465684+00:00,0.82,1.2,0.012400000000000078,0.0156918432762845,0.2036,,,,,early_july
1,True,824905,2026-07-01,1,23,7,2026-07-02 00:00:23.575000+00:00,2026-07-02 00:00:25.155033+00:00,2026-07-02 00:00:49.961000+00:00,0.68,0.7537718023763803,0.5982584416670979,0.4499733521629031,0.5989922092029015,-0.046347497735732546,0.802042860650346,-0.12204286065034597,1.545579,1.580033,3.0,1.0,2.0,1.0,0.0,0.0,0.0,0.0,0.0,0.0,0.0,1.0,-3.0,-2.0,0.0,0.0,0.0,1.0,26.0,1.0,0.0,0.67,4.640253,-0.04558674445189426,0.7202785509910041,yes,yes,home_yes,2026-07-02 00:00:28.262453+00:00,0.68,2.87,0.04379999999999984,0.07179944134418188,0.8746,,,,,early_july
1,True,824982,2026-07-03,0,42,3,2026-07-04 03:04:30.356000+00:00,2026-07-04 03:04:31.514297+00:00,2026-07-04 03:04:48.763000+00:00,0.42,-0.3227733922630512,0.24536063718507292,0.25252008880192656,-0.03829422815278449,0.34052082514721277,0.3314601431379442,0.08853985686205579,0.204885,1.158297,4.0,1.0,0.0,-2.0,1.0,2.0,0.0,1.0,0.0,0.0,0.0,0.0,0.0,1.0,0.0,0.0,0.0,2.0,377.73,1.0,0.0,0.44,4.806753,0.08161133544616309,0.3954502850116817,no,away_yes,away_yes,2026-07-04 03:04:32.568014+00:00,0.57,3.4,0.05840000000000023,0.059069030960282265,1.4036,,,,,early_july
1,True,824983,2026-07-04,0,17,3,2026-07-05 02:16:46.620000+00:00,2026-07-05 02:16:48.408324+00:00,2026-07-05 02:17:10.698000+00:00,0.36,-0.5753641449035618,0.26887085040436176,0.3968908809990249,-0.581922208492359,-0.04314733115625358,0.24710005239337954,0.11289994760662045,2.871497,1.788324,3.0,0.0,0.0,-1.0,0.0,0.0,0.0,0.0,0.0,0.0,0.0,-1.0,-1.0,-1.0,0.0,0.0,0.0,4.0,117.0,-1.0,0.0,0.36,4.35836,0.0,0.3328195878268301,no,away_yes,away_yes,2026-07-05 02:16:48.409538+00:00,0.63,3.09,0.05050000000000021,0.06438747361509484,1.0927999999999998,,,,,early_july
1,True,824985,2026-07-01,1,23,7,2026-07-02 02:30:28.815000+00:00,2026-07-02 02:30:30.108496+00:00,2026-07-02 02:32:42.595000+00:00,0.42,-0.3227733922630512,0.32583838166350215,0.25003689405450646,0.371347154739464,0.04119198493836074,0.501845436004605,-0.08184543600460498,1.564778,1.293496,3.0,1.0,0.0,0.0,0.0,0.0,0.0,0.0,0.0,0.0,-2.0,0.0,-3.0,-2.0,-1.0,-1.0,0.0,0.0,0.0,0.0,0.0,0.42,4.48755,0.0,0.44894741096490515,yes,yes,home_yes,2026-07-02 02:30:32.335513+00:00,0.42,4.57,0.07800000000000007,0.05428966810961652,2.5726000000000004,,,,,early_july
1,True,824985,2026-07-01,1,34,2,2026-07-02 02:46:45.523000+00:00,2026-07-02 02:46:46.553756+00:00,2026-07-02 02:47:17.284000+00:00,0.61,0.44731221804366483,0.5377767884602795,0.5195446164758898,0.07317734594955304,-0.3064595843327155,0.6957094571105301,-0.08570945711053013,0.315933,1.030756,4.0,1.0,1.0,1.0,0.0,0.0,0.0,0.0,1.0,0.0,1.0,1.0,-1.0,0.0,0.0,-1.0,0.0,7.0,39.29,0.3234919826927971,0.00989743318610788,0.6,4.950036,-0.041847109935500615,0.6345527941478752,yes,yes,home_yes,2026-07-02 02:46:46.821273+00:00,0.59,3.29,0.05580000000000007,0.09077869274650957,1.2931000000000001,,,,,early_july
1,True,825061,2026-07-05,0,49,3,2026-07-05 22:00:15.590000+00:00,2026-07-05 22:00:18.469560+00:00,2026-07-05 22:02:39.871000+00:00,0.28,-0.9444616088408512,0.13640961676469399,0.5407110573195923,-2.008641845275976,0.0,0.04959003845032136,0.23040996154967866,0.797266,2.87956,7.0,0.0,0.0,-1.0,0.0,0.0,0.0,0.0,0.0,0.0,0.0,-2.0,-1.0,-1.0,-1.0,0.0,0.0,1.0,36.0,1.0,0.0,0.28,4.201023,0.0,0.24990185260879832,no,away_yes,away_yes,2026-07-05 22:00:22.063507+00:00,0.73,2.68,0.03699999999999992,0.01686303500842047,0.6866000000000001,,,,,early_july
1,True,825061,2026-07-05,0,66,8,2026-07-05 22:41:39.089000+00:00,2026-07-05 22:41:40.176416+00:00,2026-07-05 22:44:19.085000+00:00,0.24,-1.1526795099383855,0.0014731010588401316,0.12493148914957905,-4.572374668058306,-0.1580569347943236,0.0038073879677617294,0.23619261203223826,0.390242,1.087416,9.0,0.0,0.0,-1.0,0.0,0.0,0.0,0.0,0.0,1.0,-1.0,0.0,-3.0,-2.0,0.0,-1.0,0.0,5.0,379.06,0.7361895214477919,0.0,0.27,4.129587,0.1580569347943236,0.20675455898522457,no,away_yes,away_yes,2026-07-05 22:41:40.793699+00:00,0.77,2.55,0.031700000000000284,0.027575874587677074,0.5547999999999997,,,,,early_july
1,True,825062,2026-07-03,0,36,1,2026-07-04 03:04:10.050000+00:00,2026-07-04 03:04:11.719879+00:00,2026-07-04 03:06:51.695000+00:00,0.4,-0.4054651081081643,0.4394572340012809,0.2888138712242755,0.6577866106505311,0.0,0.5627478190623242,-0.16274781906232416,3.032956,1.669879,4.0,1.0,0.0,0.0,0.0,0.0,0.0,0.0,0.0,0.0,-1.0,0.0,0.0,0.0,0.0,-1.0,-1.0,1.0,4.79,1.0,0.0,0.4,4.925297,0.0,0.4478020781832975,yes,yes,home_yes,2026-07-04 03:04:13.714683+00:00,0.4,4.79,0.0804999999999998,0.14847195449799502,1.0896000000000001,profitable_reversal,2026-07-04 04:55:01.029913+00:00,0.66,0.07529999999999992,early_july
1,True,825062,2026-07-03,0,83,3,2026-07-04 04:54:58.487000+00:00,2026-07-04 04:54:59.674174+00:00,2026-07-04 04:55:36.871000+00:00,0.68,0.7537718023763803,0.006279081452230146,0.01357916612848156,-0.7786863400886812,0.0,0.4937716877457882,0.18622831225421183,0.047036,1.187174,10.0,1.0,2.0,0.0,0.0,0.0,0.0,0.0,1.0,0.0,2.0,0.0,0.0,-2.0,-1.0,-1.0,1.0,25.0,496.39,0.1825782147102077,0.03515451606835172,0.64,4.847954,-0.1784076574728184,0.6351739273616033,no,away_yes,away_yes,2026-07-04 04:55:01.087837+00:00,0.32,1.42,0.021700000000000053,0.041953023146523286,0.9439,,,,,early_july
1,True,825064,2026-07-01,0,27,1,2026-07-02 02:41:42.872000+00:00,2026-07-02 02:41:44.201627+00:00,2026-07-02 02:42:02.128000+00:00,0.39,-0.4473122180436648,0.24893456087436472,0.39820019918156946,-0.691332788378265,0.08490459570364345,0.22731238985422725,0.16268761014577277,0.233456,1.329627,5.0,0.0,0.0,-1.0,0.0,0.0,0.0,0.0,0.0,0.0,0.0,-1.0,0.0,0.0,0.0,0.0,0.0,2.0,19.67,1.0,0.0,0.39,4.215242,0.0,0.3650961496724126,no,away_yes,away_yes,2026-07-02 02:41:46.727432+00:00,0.61,3.19,0.053200000000000136,0.026243282545003868,0.8855000000000006,profitable_reversal,2026-07-02 04:14:34.421558+00:00,0.91,0.01829999999999954,early_july
1,True,825064,2026-07-01,0,66,4,2026-07-02 04:15:06.243000+00:00,2026-07-02 04:15:07.356921+00:00,2026-07-02 04:15:55.306000+00:00,0.18,-1.5163474893680886,0.052347771594234115,0.03473367659920763,0.42861610425294394,-0.3636679794297031,0.3264988216676756,-0.14649882166767558,0.135021,1.113921,8.0,1.0,2.0,-2.0,0.0,0.0,0.0,0.0,1.0,0.0,0.0,0.0,-2.0,-1.0,0.0,0.0,1.0,27.0,455.05999999999995,0.7102360128334727,0.0222777085064038,0.17,4.554128,-0.06927977437229305,0.20302599636429097,yes,yes,home_yes,2026-07-02 04:15:07.670846+00:00,0.18,10.5,0.10850000000000004,0.13327296182505524,-1.9985,,,,,early_july
1,True,825065,2026-06-29,1,26,2,2026-06-30 02:31:29.430000+00:00,2026-06-30 02:31:34.175626+00:00,2026-06-30 02:32:00.366000+00:00,0.68,0.7537718023763803,0.5857754121861283,0.46068477581598233,0.5041143569249847,0.0,0.7786620072581393,-0.09866200725813923,2.473145,4.745626,4.0,0.0,2.0,1.0,0.0,0.0,0.0,0.0,0.0,0.0,2.0,0.0,0.0,-1.0,-1.0,0.0,0.0,0.0,0.0,0.0,0.0,0.67,4.028527,-0.04558674445189426,0.7078075206202606,yes,yes,home_yes,2026-06-30 02:31:38.204153+00:00,0.67,2.91,0.045099999999999696,0.06491988500495867,0.9152000000000002,,,,,early_july
1,True,822708,2026-07-12,0,33,3,2026-07-12 18:53:16.707000+00:00,2026-07-12 18:53:18.512576+00:00,2026-07-12 18:53:55.970000+00:00,0.4,-0.4054651081081643,0.3050339157465478,0.4630132588779101,-0.6752223621498521,0.0,0.25337594134569213,0.1466240586543079,0.171739,1.805576,5.0,0.0,2.0,-1.0,0.0,0.0,1.0,0.0,0.0,0.0,0.0,-1.0,-1.0,-1.0,1.0,-1.0,0.0,0.0,0.0,0.0,0.0,0.45,3.556361,0.20479441264601303,0.3737594733643577,no,away_yes,away_yes,2026-07-12 18:53:18.612389+00:00,0.59,3.29,0.05580000000000007,0.06343133263126331,1.2931000000000001,,,,,mid_july
1,True,822708,2026-07-12,0,59,6,2026-07-12 19:58:59.925000+00:00,2026-07-12 19:59:01.007365+00:00,2026-07-12 19:59:38.633000+00:00,0.29,-0.8953840470548413,0.09974367698942854,0.7322249420921376,-3.2060163337256498,0.09923852808922062,0.014764734771810591,0.27523526522818936,0.372272,1.082365,8.0,0.0,2.0,-1.0,0.0,0.0,0.0,0.0,1.0,0.0,0.0,-2.0,-2.0,-2.0,-1.0,-1.0,1.0,23.0,170.82,-0.2155485306170238,0.012794729538749692,0.27,4.963481,-0.09923852808922062,0.2692585947618775,no,away_yes,away_yes,2026-07-12 19:59:02.516148+00:00,0.68,2.87,0.04379999999999984,0.10182783303341153,0.8746,,,,,mid_july
1,True,822711,2026-07-11,0,49,3,2026-07-11 21:57:17.907000+00:00,2026-07-11 21:57:19.450442+00:00,2026-07-11 21:57:35.851000+00:00,0.78,1.265666373331276,0.7987504033736545,0.7906025331392484,0.049941445045060595,-0.18434380217472257,0.8175672604596194,-0.037567260459619334,0.958571,1.543442,7.0,0.0,0.0,2.0,2.0,1.0,0.0,0.0,0.0,0.0,0.0,0.0,0.0,1.0,0.0,0.0,0.0,1.0,5.0,-1.0,0.0,0.78,4.930932,0.0,0.8004194977029205,yes,yes,home_yes,2026-07-11 21:57:19.706671+00:00,0.78,2.52,0.030299999999999994,0.021157134211359688,-1.9959,,,,,mid_july
1,True,822876,2026-07-12,1,55,3,2026-07-12 20:51:28.925000+00:00,2026-07-12 20:51:30.559717+00:00,2026-07-12 20:52:59.627000+00:00,0.73,0.9946225751440619,0.7531744355211323,0.7249599536692907,0.14641527767045648,-0.27104379818721414,0.8040940670413332,-0.07409406704133326,0.029685,1.634717,7.0,0.0,2.0,2.0,0.0,0.0,1.0,1.0,0.0,0.0,1.0,-1.0,-1.0,-1.0,0.0,0.0,-1.0,1.0,5.0,-1.0,0.0,0.72,4.814313,-0.05016096630321065,0.7594482708358553,yes,yes,home_yes,2026-07-12 20:51:33.668177+00:00,0.72,2.72,0.03839999999999977,0.06889929667352676,0.7232000000000003,,,,,mid_july
1,True,822951,2026-07-12,0,13,3,2026-07-12 18:07:57.192000+00:00,2026-07-12 18:07:58.317503+00:00,2026-07-12 18:08:29.182000+00:00,0.27,-0.9946225751440619,0.1505991385863371,0.30667869311779583,-0.9142166958118148,-0.05016096630321076,0.13485718069568386,0.13514281930431615,2.042179,1.125503,2.0,0.0,2.0,-3.0,0.0,0.0,0.0,1.0,1.0,0.0,0.0,-2.0,-1.0,-1.0,-1.0,0.0,0.0,4.0,33.78,0.610420367081113,0.0050000000000000044,0.26,4.646423,-0.05134598003862567,0.2462553347257811,no,away_yes,away_yes,2026-07-12 18:07:58.531424+00:00,0.73,2.68,0.03699999999999992,0.026635702934906802,0.6866000000000001,,,,,mid_july
1,True,823029,2026-07-12,0,55,5,2026-07-12 20:24:55.984000+00:00,2026-07-12 20:24:58.039342+00:00,2026-07-12 20:25:45.762000+00:00,0.59,0.3639653772014115,0.45602093389335985,0.19576289656502274,1.2366178663645173,0.08211422506042398,0.8203129251417747,-0.2303129251417747,0.529625,2.055342,6.0,1.0,2.0,0.0,0.0,0.0,1.0,0.0,1.0,0.0,0.0,2.0,-2.0,-2.0,0.0,-1.0,0.0,1.0,46.0,1.0,0.0,0.53,4.695094,-0.24382106535934805,0.6106447444176214,yes,yes,home_yes,2026-07-12 20:25:00.000033+00:00,0.57,3.4,0.05840000000000023,0.0797921310199127,-1.9964,,,,,mid_july
1,True,823115,2026-07-17,0,35,2,2026-07-18 03:23:26.695000+00:00,2026-07-18 03:23:28.066908+00:00,2026-07-18 03:23:58.050000+00:00,0.33,-0.7081850579244856,0.18611245602481297,0.4497609435288198,-1.2738344838769569,0.09193424218762747,0.11165426967746998,0.21834573032253002,2.634084,1.371908,5.0,0.0,2.0,-2.0,0.0,0.0,0.0,0.0,0.0,0.0,0.0,-2.0,0.0,-1.0,-1.0,0.0,0.0,1.0,43.28,-1.0,0.0,0.32,4.555903,-0.04558674445189448,0.2913372724847244,no,away_yes,away_yes,2026-07-18 03:23:31.210051+00:00,0.68,2.87,0.04379999999999984,0.038462027968840976,0.8746,,,,,mid_july
1,True,823199,2026-07-12,1,33,2,2026-07-12 21:07:04.656000+00:00,2026-07-12 21:07:08.189071+00:00,2026-07-12 21:07:42.471000+00:00,0.61,0.44731221804366483,0.4806128134790483,0.32948516165319447,0.632926867953285,-0.042236007275040954,0.7544475321696505,-0.14444753216965056,3.482931,3.533071,4.0,1.0,2.0,0.0,0.0,0.0,1.0,1.0,0.0,0.0,0.0,1.0,0.0,-1.0,0.0,1.0,-1.0,0.0,0.0,0.0,0.0,0.6,4.330845,-0.041847109935500615,0.6369683153319905,yes,yes,home_yes,2026-07-12 21:07:10.904180+00:00,0.61,3.19,0.053200000000000136,0.032828925909049594,1.1908999999999998,,,,,mid_july
1,True,823274,2026-07-12,1,16,6,2026-07-12 20:44:29.312000+00:00,2026-07-12 20:44:32.411307+00:00,2026-07-12 20:45:47.762000+00:00,0.62,0.4895482253187058,0.61384843290427,0.5128279523316844,0.41219502044198153,-0.04266858842860244,0.7199899653203632,-0.0999899653203632,1.762435,3.099307,2.0,1.0,0.0,-1.0,0.0,0.0,1.0,1.0,1.0,0.0,0.0,0.0,-2.0,-2.0,0.0,0.0,1.0,0.0,0.0,0.0,0.0,0.6,4.644207,-0.08408311721054157,0.6496561411199326,yes,yes,home_yes,2026-07-12 20:44:34.184778+00:00,0.62,3.14,0.051799999999999846,0.041320283116588655,1.1414000000000002,,,,,mid_july
1,True,823274,2026-07-12,1,20,4,2026-07-12 20:51:27.634000+00:00,2026-07-12 20:51:29.258250+00:00,2026-07-12 20:54:02.609000+00:00,0.67,0.708185057924486,0.7841003354580676,0.733975488456989,0.27483602691886166,-0.1391128024627174,0.7543843160747877,-0.08438431607478769,0.493962,1.62425,2.0,1.0,2.0,2.0,0.0,0.0,0.0,1.0,1.0,0.0,1.0,1.0,-1.0,-2.0,-1.0,0.0,0.0,4.0,113.21000000000001,0.5862556311279922,0.004330127018922197,0.67,3.471603,0.0,0.7059415893165093,yes,yes,home_yes,2026-07-12 20:51:30.464268+00:00,0.67,2.91,0.045099999999999696,0.05949002491104226,0.9152000000000002,,,,,mid_july
1,True,823524,2026-07-17,0,30,1,2026-07-18 00:17:17.484000+00:00,2026-07-18 00:17:18.679112+00:00,2026-07-18 00:17:57.290000+00:00,0.55,0.2006706954621514,0.5508914752414855,0.407706543797383,0.5777278232258686,0.0,0.6853348554557597,-0.13533485545575963,2.740192,1.195112,4.0,1.0,2.0,1.0,1.0,0.0,0.0,0.0,0.0,0.0,0.0,1.0,1.0,0.0,0.0,0.0,-1.0,2.0,10000.0,1.0,0.0,0.56,3.035893,0.04049136135473683,0.5843237820567975,yes,yes,home_yes,2026-07-18 00:17:21.307592+00:00,0.56,3.46,0.059699999999999864,0.024460285916519192,-1.9973,,,,,mid_july
1,True,823602,2026-07-12,0,62,1,2026-07-12 19:48:20.366000+00:00,2026-07-12 19:48:21.411003+00:00,2026-07-12 19:48:40.810000+00:00,0.72,0.9444616088408513,0.6460646295415773,0.6331807632821108,0.05589845369681523,-0.20821790109753424,0.7700472393878818,-0.0500472393878818,0.255761,1.045003,9.0,0.0,1.0,2.0,0.0,1.0,1.0,1.0,1.0,0.0,0.0,0.0,0.0,1.0,0.0,0.0,0.0,15.0,4130.58,-0.9061536152307909,0.016679994670929087,0.64,4.832374,-0.36909746393728937,0.7454722487133054,yes,yes,home_yes,2026-07-12 19:48:21.459741+00:00,0.71,2.76,0.03980000000000028,0.058103406448722764,-1.9994,,,,,mid_july
1,True,823681,2026-07-12,1,25,4,2026-07-12 18:57:37.405000+00:00,2026-07-12 18:57:40.421980+00:00,2026-07-12 18:58:16.683000+00:00,0.74,1.0459685551826876,0.7848649633073026,0.5607543865890802,1.0500215174971022,0.0,0.8905128237463349,-0.1505128237463349,1.271507,3.01698,3.0,1.0,1.0,2.0,0.0,0.0,0.0,1.0,0.0,0.0,0.0,2.0,0.0,-2.0,-1.0,1.0,-1.0,0.0,0.0,0.0,0.0,0.77,4.908727,0.16234265074184662,0.7700650466813902,yes,yes,home_yes,2026-07-12 18:57:41.247110+00:00,0.75,2.62,0.034399999999999986,0.01817042230524233,0.6206,,,,,mid_july
1,True,823682,2026-07-11,1,56,1,2026-07-11 20:34:04.886000+00:00,2026-07-11 20:34:07.359439+00:00,2026-07-11 20:34:37.263000+00:00,0.79,1.3249254147435987,0.8207938179209339,0.49332395382946786,1.5484407162386153,0.0,0.9465140155176449,-0.15651401551764488,0.107492,2.473439,7.0,1.0,0.0,1.0,0.0,0.0,0.0,1.0,0.0,0.0,0.0,1.0,0.0,0.0,0.0,0.0,0.0,0.0,0.0,0.0,0.0,0.84,4.71712,0.3333026618599335,0.8110716157992461,yes,yes,home_yes,2026-07-11 20:34:08.665153+00:00,0.79,2.49,0.028999999999999693,0.023468323340123103,0.4939000000000002,,,,,mid_july
1,True,823766,2026-07-17,1,65,1,2026-07-18 02:19:51.612000+00:00,2026-07-18 02:19:52.915758+00:00,2026-07-18 02:22:47.281000+00:00,0.62,0.4895482253187058,0.006385554224317605,0.007193497591461151,-0.1199526854297055,0.28887752985655435,0.5201685531858911,0.09983144681410894,0.182988,1.303758,9.0,1.0,0.0,0.0,0.0,0.0,0.0,0.0,0.0,0.0,-2.0,0.0,0.0,0.0,0.0,-1.0,0.0,11.0,104.44,-0.5212562236690923,0.024052284646041717,0.65,4.561621,0.12949098308751783,0.5938723543582882,no,away_yes,away_yes,2026-07-18 02:19:55.883089+00:00,0.38,5.04,0.08319999999999994,0.04848333403422739,-1.9984,,,,,mid_july
1,True,823925,2026-07-12,0,45,4,2026-07-12 22:07:08.505000+00:00,2026-07-12 22:07:11.485623+00:00,2026-07-12 22:07:55.370000+00:00,0.42,-0.3227733922630512,0.22080744345893344,0.28362482623100804,-0.33441548942586785,0.2525907526405106,0.28704493299649264,0.13295506700350734,0.067703,2.980623,6.0,0.0,2.0,-1.0,0.0,0.0,0.0,0.0,1.0,0.0,1.0,-1.0,-2.0,-1.0,-1.0,0.0,0.0,0.0,0.0,0.0,0.0,0.52,4.972923,0.40281609993658773,0.3615135070748607,no,away_yes,away_yes,2026-07-12 22:07:13.756322+00:00,0.56,0.3,0.005199999999999982,0.01834594787754178,0.1268,,,,,mid_july
1,True,823926,2026-07-11,0,40,6,2026-07-12 02:41:48.250000+00:00,2026-07-12 02:41:50.179991+00:00,2026-07-12 02:42:30.753000+00:00,0.39,-0.4473122180436648,0.15294570498779425,0.2189040656994511,-0.439617406443807,-0.041847109935500504,0.3004654286521331,0.08953457134786691,0.291822,1.929991,6.0,0.0,1.0,-1.0,0.0,0.0,1.0,0.0,1.0,0.0,0.0,0.0,0.0,-2.0,0.0,0.0,1.0,2.0,142.95999999999998,1.0,0.0,0.4,3.379701,0.041847109935500504,0.36655407925472433,no,away_yes,away_yes,2026-07-12 02:41:51.820811+00:00,0.61,3.19,0.053200000000000136,0.02159248717742912,1.1908999999999998,,,,,mid_july
1,True,824009,2026-07-17,0,66,3,2026-07-18 04:11:53.448000+00:00,2026-07-18 04:11:54.484048+00:00,2026-07-18 04:12:51.964000+00:00,0.25,-1.0986122886681098,0.0036001945207457774,0.0020621610920156332,0.5587757713845063,0.0,0.3682256133297881,-0.11822561332978809,0.804544,1.036048,9.0,1.0,0.0,-1.0,0.0,0.0,1.0,0.0,0.0,0.0,0.0,0.0,0.0,-2.0,1.0,0.0,0.0,4.0,380.05,1.0,0.0,0.33,4.763893,0.3904272307436242,0.27178507438470256,yes,yes,home_yes,2026-07-18 04:11:54.704904+00:00,0.25,7.6,0.09980000000000011,0.06576656532373937,-1.9998,,,,,mid_july
1,True,824090,2026-07-17,1,35,7,2026-07-18 01:28:48.901000+00:00,2026-07-18 01:28:51.945031+00:00,2026-07-18 01:29:56.979000+00:00,0.29,-0.8953840470548413,0.21390633324393804,0.44026816343071695,-1.061463927986074,0.0,0.1238085740147129,0.16619142598528708,2.339939,3.044031,5.0,0.0,1.0,-1.0,0.0,0.0,1.0,0.0,0.0,0.0,0.0,-2.0,-2.0,-2.0,1.0,-1.0,-1.0,0.0,0.0,0.0,0.0,0.33,3.941295,0.1871989891303557,0.2651474270955767,no,away_yes,away_yes,2026-07-18 01:28:52.580963+00:00,0.68,2.87,0.04379999999999984,0.11362688423569489,0.3883000000000001,profitable_reversal,2026-07-18 03:06:23.172208+00:00,0.84,0.027099999999999902,mid_july
1,True,824090,2026-07-17,1,83,3,2026-07-18 03:06:41.178000+00:00,2026-07-18 03:06:43.562285+00:00,2026-07-18 03:07:37.790000+00:00,0.28,-0.9444616088408512,0.0037990661117021894,0.002211681876782693,0.5425941897740687,-0.09716374845364761,0.42440803641307734,-0.1444080364130773,0.018629,2.384285,10.0,1.0,0.0,-2.0,0.0,0.0,1.0,1.0,0.0,0.0,0.0,1.0,-1.0,-1.0,0.0,1.0,-1.0,3.0,96.38,0.8962440340319568,0.004714045207910321,0.21,4.987754,-0.38046380590274753,0.3024696274034836,yes,yes,home_yes,2026-07-18 03:06:44.270261+00:00,0.26,5.0,0.0673999999999999,0.14494813701741804,3.6326,,,,,mid_july
1,True,824170,2026-07-17,0,61,1,2026-07-18 02:44:04.814000+00:00,2026-07-18 02:44:06.481537+00:00,2026-07-18 02:44:29.915000+00:00,0.27,-0.9946225751440619,0.07587766102616289,0.5274728066378991,-2.6097241596717344,-0.05016096630321076,0.027809184096954834,0.2421908159030452,1.37466,1.667537,8.0,0.0,0.0,-1.0,0.0,0.0,0.0,0.0,0.0,0.0,0.0,-2.0,0.0,0.0,0.0,-1.0,0.0,7.0,2093.8900000000003,-0.9933425347081267,0.00451753951452626,0.27,4.926433,0.0,0.2476815205448594,no,away_yes,away_yes,2026-07-18 02:44:08.010669+00:00,0.73,2.68,0.03699999999999992,0.022813524939777022,0.6866000000000001,,,,,mid_july
1,True,824249,2026-07-11,0,60,1,2026-07-12 00:14:45.201000+00:00,2026-07-12 00:14:46.423982+00:00,2026-07-12 00:17:23.712000+00:00,0.18,-1.5163474893680886,0.0852273996974468,0.049519744640550284,0.5812433818435916,-0.1914220746244899,0.3221995098367818,-0.1421995098367818,1.145756,1.222982,8.0,1.0,0.0,-3.0,0.0,0.0,1.0,1.0,0.0,0.0,0.0,0.0,0.0,0.0,0.0,1.0,0.0,3.0,62.019999999999996,1.0,0.009428090415820628,0.18,4.985586,0.0,0.20261696197494297,yes,yes,home_yes,2026-07-12 00:14:48.698041+00:00,0.18,4.98,0.05149999999999988,0.061132470635216166,-0.9479,,,,,mid_july
1,True,824332,2026-07-17,0,41,2,2026-07-18 02:03:41.857000+00:00,2026-07-18 02:03:42.991228+00:00,2026-07-18 02:04:05.222000+00:00,0.24,-1.1526795099383855,0.15131837050495411,0.39727037134813525,-1.3074464559890815,0.0,0.07870120323351967,0.16129879676648032,0.313397,1.134228,6.0,0.0,1.0,-2.0,0.0,0.0,0.0,0.0,0.0,0.0,0.0,-2.0,-1.0,0.0,-1.0,0.0,0.0,1.0,1750.0,-1.0,0.0,0.25,4.832904,0.054067221270275745,0.21703288496379797,no,away_yes,away_yes,2026-07-18 02:03:44.598077+00:00,0.76,2.58,0.03299999999999992,0.02625515679340145,0.5862,,,,,mid_july
1,True,824813,2026-07-11,1,11,3,2026-07-11 23:33:16.367000+00:00,2026-07-11 23:33:23.538601+00:00,2026-07-11 23:33:56.570000+00:00,0.72,0.9444616088408513,0.6339889359939562,0.5857596799796835,0.20290462621488803,-0.3804638059027474,0.8216886014364223,-0.10168860143642233,4.578733,7.171601,2.0,1.0,1.0,1.0,0.0,0.0,0.0,0.0,0.0,0.0,1.0,1.0,-1.0,-1.0,0.0,-1.0,0.0,0.0,0.0,0.0,0.0,0.72,4.162697,0.0,0.7434606231406764,yes,yes,home_yes,2026-07-11 23:33:26.760186+00:00,0.72,2.72,0.03839999999999977,0.025412894942640124,0.7232000000000003,,,,,mid_july
1,True,825060,2026-07-17,0,75,1,2026-07-18 04:25:34.923000+00:00,2026-07-18 04:25:36.270629+00:00,2026-07-18 04:26:44.495000+00:00,0.31,-0.8001193001121131,0.0016878643346363213,0.003978542555293706,-0.859748725254498,-0.04634749773573299,0.1661004081699276,0.1438995918300724,0.016665,1.347629,9.0,1.0,1.0,-1.0,0.0,1.0,0.0,0.0,0.0,0.0,1.0,0.0,0.0,1.0,-1.0,0.0,0.0,18.0,1198.06,-0.22865298899888153,0.01116652846791211,0.3,4.977058,-0.047178560275090486,0.27353604118422997,no,away_yes,away_yes,2026-07-18 04:25:36.521047+00:00,0.7,2.79,0.041100000000000136,0.03273444509599821,0.7959,,,,,mid_july
1,True,822790,2026-07-18,1,57,2,2026-07-18 21:39:55.367000+00:00,2026-07-18 21:39:57.479485+00:00,2026-07-18 21:40:36.753000+00:00,0.71,0.8953840470548413,0.7389818411601559,0.5810147422708528,0.7137429738620286,0.141612244678461,0.8126793503408942,-0.10267935034089426,0.528534,2.112485,8.0,0.0,1.0,1.0,1.0,1.0,0.0,0.0,0.0,0.0,1.0,0.0,1.0,0.0,-1.0,0.0,0.0,9.0,18662.62,1.0,0.0031426968052735123,0.75,4.906739,0.20322824161326847,0.7336553561498746,yes,yes,home_yes,2026-07-18 21:39:59.658062+00:00,0.71,2.76,0.03980000000000028,0.02548878297365384,0.7605999999999997,,,,,final
1,True,822873,2026-07-22,0,34,4,2026-07-23 01:19:19.335000+00:00,2026-07-23 01:19:20.335869+00:00,2026-07-23 01:20:05.465000+00:00,0.44,-0.2411620568168881,0.26407259116358334,0.4039719404529951,-0.6359651281784985,-0.12101774497482476,0.31949154422553083,0.12050845577446917,0.102177,1.000869,4.0,1.0,2.0,-1.0,0.0,0.0,0.0,1.0,0.0,0.0,2.0,1.0,-2.0,-1.0,-1.0,0.0,-1.0,2.0,20.1,1.0,0.0,0.47,4.600061,0.12101774497482476,0.39610638600977893,no,away_yes,away_yes,2026-07-23 01:19:21.300722+00:00,0.57,3.4,0.05840000000000023,0.05683828756675176,1.4036,,,,,final
1,True,823110,2026-07-22,0,34,1,2026-07-22 20:52:48.051000+00:00,2026-07-22 20:52:49.522151+00:00,2026-07-22 20:53:20.119000+00:00,0.71,0.8953840470548413,0.6392960749401901,0.35249123475480854,1.1804167930384162,0.048086186667637865,0.8836763674729944,-0.17367636747299442,0.310458,1.471151,4.0,1.0,2.0,1.0,0.0,0.0,1.0,0.0,0.0,0.0,0.0,2.0,0.0,0.0,1.0,-1.0,-1.0,1.0,2.76,1.0,0.0,0.7,4.865549,-0.048086186667637865,0.731365706038476,yes,yes,home_yes,2026-07-22 20:52:49.522439+00:00,0.71,2.76,0.03980000000000028,0.019169348666193436,-1.9994,,,,,final
1,True,823110,2026-07-22,0,51,3,2026-07-22 21:28:28.405000+00:00,2026-07-22 21:28:29.834446+00:00,2026-07-22 21:29:29.045000+00:00,0.75,1.0986122886681098,0.6524340204344279,0.5741137287488618,0.3311003310708008,-0.22631312607548892,0.8397037850581497,-0.08970378505814969,0.171183,1.429446,7.0,0.0,2.0,1.0,0.0,0.0,1.0,1.0,0.0,0.0,1.0,0.0,-1.0,-1.0,0.0,0.0,0.0,22.0,665.76,-0.6911499639509733,0.015719651332536905,0.76,4.54946,0.054067221270275745,0.7717237611627684,yes,yes,home_yes,2026-07-22 21:28:31.014705+00:00,0.75,2.62,0.034399999999999986,0.022516254246453274,-1.9994,,,,,final
1,True,823116,2026-07-18,1,65,5,2026-07-19 02:38:53.396000+00:00,2026-07-19 02:38:54.749865+00:00,2026-07-19 02:40:14.913000+00:00,0.66,0.6632942174102643,0.38424402542853914,0.3082579249226049,0.3367034049178232,-0.044890840514221764,0.7397921363710597,-0.07979213637105964,0.578872,1.353865,8.0,1.0,2.0,0.0,0.0,0.0,1.0,1.0,1.0,0.0,0.0,0.0,-2.0,-2.0,0.0,1.0,0.0,0.0,0.0,0.0,0.0,0.66,4.343732,0.0,0.6806383814052533,yes,yes,home_yes,2026-07-19 02:38:54.976395+00:00,0.66,2.95,0.046399999999999775,0.014483225145497505,0.9566000000000001,,,,,final
1,True,823436,2026-07-20,1,30,5,2026-07-21 00:16:10.125000+00:00,2026-07-21 00:16:11.978313+00:00,2026-07-21 00:16:45.012000+00:00,0.79,1.3249254147435987,0.8316384547352081,0.7495534834415523,0.5010517917346846,-0.12508476076239994,0.8755623923664356,-0.08556239236643559,0.352286,1.853313,4.0,0.0,2.0,3.0,0.0,0.0,0.0,0.0,0.0,0.0,2.0,-1.0,-3.0,-1.0,-1.0,0.0,-1.0,4.0,101.14,1.0,0.0,0.85,4.851987,0.4096756406445077,0.8167987573006079,yes,yes,home_yes,2026-07-21 00:16:12.223908+00:00,0.79,2.49,0.028999999999999693,0.03772890567851393,0.4939000000000002,,,,,final
1,True,823437,2026-07-21,0,37,6,2026-07-22 01:15:29.109000+00:00,2026-07-22 01:15:31.548524+00:00,2026-07-22 01:16:00.551000+00:00,0.32,-0.7537718023763801,0.19360656539833362,0.3091914616382973,-0.622841664884026,-0.3064595843327153,0.25537382099623274,0.06462617900376727,0.14005,2.439524,5.0,1.0,2.0,-1.0,0.0,0.0,0.0,0.0,0.0,0.0,2.0,0.0,-3.0,-2.0,-1.0,0.0,0.0,0.0,0.0,0.0,0.0,0.33,4.392466,0.04558674445189448,0.2977271548347012,no,away_yes,away_yes,2026-07-22 01:15:32.445119+00:00,0.68,2.87,0.04379999999999984,0.02012306562440777,0.4485999999999999,profitable_reversal,2026-07-22 02:18:39.383695+00:00,0.86,0.0242,final
1,True,823437,2026-07-21,0,62,1,2026-07-22 02:21:29.048000+00:00,2026-07-22 02:21:30.089317+00:00,2026-07-22 02:22:27.358000+00:00,0.26,-1.0459685551826876,0.0032818648718866716,0.00201800480194279,0.4875697361309097,-0.1505845081278463,0.39943632400237244,-0.13943632400237244,0.273849,1.041317,9.0,1.0,0.0,-1.0,0.0,0.0,1.0,0.0,0.0,0.0,0.0,0.0,0.0,0.0,1.0,0.0,0.0,4.0,1919.3,0.9591100922211223,0.004330127018922198,0.26,4.778428,0.0,0.2841688253823271,yes,yes,home_yes,2026-07-22 02:21:30.205954+00:00,0.26,7.31,0.09850000000000003,0.0781741135448108,-1.9991,,,,,final
1,True,823438,2026-07-22,0,18,7,2026-07-22 23:21:17.980000+00:00,2026-07-22 23:21:21.030553+00:00,2026-07-22 23:21:47.303000+00:00,0.59,0.3639653772014115,0.6187931364376311,0.7296313517960711,-0.5083241674516206,-0.04149973090675274,0.47430788302422033,0.11569211697577964,0.009907,3.050553,3.0,0.0,2.0,1.0,0.0,0.0,0.0,0.0,0.0,0.0,0.0,-1.0,-3.0,-2.0,0.0,0.0,0.0,0.0,0.0,0.0,0.0,0.6,4.573319,0.04149973090675274,0.5698265051680254,no,away_yes,away_yes,2026-07-22 23:21:21.397248+00:00,0.41,4.68,0.07930000000000015,0.015111955813641303,2.6818999999999997,,,,,final
1,True,823518,2026-07-22,0,63,4,2026-07-22 19:26:21.907000+00:00,2026-07-22 19:26:23.060913+00:00,2026-07-22 19:28:48.319000+00:00,0.56,0.24116205681688824,0.00610580937935723,0.17974582478905693,-3.5743195841333932,-0.42213216059337605,0.051611223242083296,0.5083887767579167,0.66593,1.153913,9.0,0.0,0.0,0.0,0.0,0.0,0.0,0.0,0.0,1.0,-2.0,0.0,-1.0,-2.0,0.0,0.0,0.0,4.0,18.0,-0.1111111111111111,0.0050000000000000044,0.57,4.750056,0.040689095324099256,0.5357652878178787,no,away_yes,away_yes,2026-07-22 19:26:23.535004+00:00,0.44,4.37,0.07539999999999991,0.030505692235870213,2.3718000000000004,,,,,final
1,True,823518,2026-07-22,0,75,4,2026-07-22 19:57:38.118000+00:00,2026-07-22 19:57:39.166244+00:00,2026-07-22 19:58:21.074000+00:00,0.32,-0.7537718023763801,0.001165145564510417,0.004528918056170728,-1.3610104237820275,0.1906898064644711,0.09067078246984815,0.22932921753015184,0.27785,1.048244,10.0,0.0,1.0,-1.0,0.0,0.0,1.0,1.0,0.0,0.0,0.0,-1.0,-1.0,-2.0,0.0,1.0,-1.0,7.0,84.97,-0.6233964928798399,0.00451753951452626,0.33,4.948415,0.04558674445189448,0.284594491093285,no,away_yes,away_yes,2026-07-22 19:57:39.465945+00:00,0.68,2.87,0.04379999999999984,0.05781381056227225,0.8746,,,,,final
1,True,823763,2026-07-18,1,11,2,2026-07-18 20:32:20.817000+00:00,2026-07-18 20:32:21.872520+00:00,2026-07-18 20:32:51.027000+00:00,0.35,-0.6190392084062235,0.2595471877073843,0.36014375083096717,-0.473583099771153,0.0,0.2511248023649234,0.09887519763507657,3.388874,1.05552,2.0,0.0,0.0,-1.0,0.0,0.0,1.0,1.0,0.0,0.0,0.0,-1.0,0.0,-1.0,0.0,1.0,-1.0,1.0,150.0,1.0,0.0,0.36,4.43397,0.043675063502661704,0.3297037080023571,no,away_yes,away_yes,2026-07-18 20:32:24.488355+00:00,0.65,3.0,0.04779999999999984,0.013088875992928961,-1.9978,,,,,final
1,True,823764,2026-07-19,1,50,2,2026-07-19 20:14:56.831000+00:00,2026-07-19 20:14:59.721186+00:00,2026-07-19 20:15:14.298000+00:00,0.36,-0.5753641449035618,0.1546770054802393,0.159240595599605,-0.03449039135862986,-0.33420208808667373,0.43151995699848933,-0.07151995699848934,1.111355,2.890186,7.0,1.0,1.0,-1.0,0.0,2.0,0.0,0.0,0.0,0.0,0.0,0.0,0.0,1.0,0.0,0.0,0.0,0.0,0.0,0.0,0.0,0.35,4.707827,-0.043675063502661704,0.3837089215054951,yes,yes,home_yes,2026-07-19 20:14:59.834563+00:00,0.36,5.31,0.08570000000000033,0.040194373194178845,3.3126999999999995,,,,,final
1,True,824004,2026-07-22,0,52,2,2026-07-22 22:03:39.519000+00:00,2026-07-22 22:03:40.869027+00:00,2026-07-22 22:06:39.782000+00:00,0.25,-1.0986122886681098,0.07901005816763729,0.18404572920623052,-0.9666998946607592,-0.10398971352404784,0.12332399725377725,0.12667600274622276,0.019193,1.350027,8.0,0.0,0.0,-1.0,0.0,0.0,0.0,0.0,0.0,1.0,-1.0,0.0,-1.0,0.0,-1.0,0.0,0.0,13.0,70.46,-0.17655407323304007,0.007216024245882205,0.24,4.437734,-0.054067221270275745,0.22421911122056223,no,away_yes,away_yes,2026-07-22 22:03:41.208658+00:00,0.75,0.1,0.0013999999999999846,0.0011780888779437896,0.02360000000000001,,,,,final
1,True,824006,2026-07-20,1,20,5,2026-07-21 02:50:58.872000+00:00,2026-07-21 02:51:00.731011+00:00,2026-07-21 02:51:22.102000+00:00,0.37,-0.5322168137473082,0.30806809779366784,0.20656193153805377,0.5366085220294465,-0.04266858842860244,0.5117629033438866,-0.14176290334388664,4.668333,1.859011,3.0,1.0,0.0,-1.0,0.0,0.0,0.0,0.0,0.0,0.0,0.0,1.0,-1.0,-2.0,0.0,0.0,0.0,0.0,0.0,0.0,0.0,0.36,4.968955,-0.04314733115625358,0.39136802368617335,yes,yes,home_yes,2026-07-21 02:51:01.599600+00:00,0.37,5.17,0.08440000000000003,0.026072682457516205,3.1727,,,,,final
1,True,824007,2026-07-19,1,42,4,2026-07-19 21:45:00.455000+00:00,2026-07-19 21:45:01.720319+00:00,2026-07-19 21:45:33.214000+00:00,0.72,0.9444616088408513,0.710275566237316,0.6199042262644177,0.40758103814510804,0.0,0.7944633753506328,-0.07446337535063285,2.70482,1.265319,5.0,1.0,1.0,1.0,0.0,0.0,0.0,1.0,1.0,0.0,1.0,1.0,-1.0,-2.0,-1.0,0.0,0.0,1.0,133.71,1.0,0.0,0.72,4.881359,0.0,0.7447411163002488,yes,yes,home_yes,2026-07-19 21:45:01.956121+00:00,0.72,2.72,0.03839999999999977,0.028895836336676917,0.7232000000000003,,,,,final
1,True,824083,2026-07-22,1,33,2,2026-07-22 19:13:00.457000+00:00,2026-07-22 19:13:01.473314+00:00,2026-07-22 19:13:44.516000+00:00,0.4,-0.4054651081081643,0.20216203787320652,0.28419720879480703,-0.44909967492563885,0.0,0.298476167664449,0.10152383233555101,1.519569,1.016314,6.0,0.0,0.0,0.0,0.0,0.0,1.0,1.0,0.0,0.0,0.0,0.0,0.0,-1.0,0.0,1.0,0.0,0.0,0.0,0.0,0.0,0.39,4.976374,-0.041847109935500504,0.3773109249569189,no,away_yes,away_yes,2026-07-22 19:13:06.452054+00:00,0.6,3.24,0.05449999999999999,0.019012603139582945,0.15530000000000044,profitable_reversal,2026-07-22 19:46:41.058776+00:00,0.68,0.04939999999999989,final
1,True,824083,2026-07-22,1,49,1,2026-07-22 19:49:31.161000+00:00,2026-07-22 19:49:33.017559+00:00,2026-07-22 19:50:07.582000+00:00,0.38,-0.4895482253187058,0.23746887512701864,0.15921864846606307,0.49744647036502276,0.04266858842860244,0.4913082898097671,-0.11130828980976709,2.559773,1.856559,7.0,1.0,0.0,-1.0,0.0,0.0,0.0,1.0,0.0,0.0,0.0,0.0,0.0,0.0,0.0,1.0,0.0,0.0,0.0,0.0,0.0,0.42,4.991533,0.1667748330556546,0.4005872965599936,yes,yes,home_yes,2026-07-22 19:49:33.468115+00:00,0.37,5.17,0.08440000000000003,0.07373632321516685,3.1727,,,,,final
1,True,824085,2026-07-21,1,46,4,2026-07-22 01:23:14.583000+00:00,2026-07-22 01:23:16.179812+00:00,2026-07-22 01:24:10.612000+00:00,0.69,0.8001193001121129,0.5732205839853656,0.3975243436497036,0.710794402385761,-0.09526474694272846,0.8328801381500482,-0.1428801381500483,0.171429,1.596812,6.0,1.0,0.0,0.0,0.0,0.0,1.0,0.0,1.0,0.0,0.0,1.0,-2.0,-1.0,0.0,-1.0,1.0,0.0,0.0,0.0,0.0,0.73,4.442802,0.19450327503194909,0.716478380176012,yes,yes,home_yes,2026-07-22 01:23:16.364539+00:00,0.69,2.83,0.042400000000000215,0.03253381589811376,0.8349,,,,,final
1,True,824086,2026-07-19,0,16,2,2026-07-19 18:42:07.466000+00:00,2026-07-19 18:42:12.329468+00:00,2026-07-19 18:42:44.276000+00:00,0.26,-1.0459685551826876,0.1945762878073426,0.26818787080621653,-0.4167080965813261,0.2789568595609111,0.14910556707531278,0.11089443292468723,2.120179,4.863468,2.0,0.0,1.0,-2.0,0.0,0.0,1.0,0.0,1.0,0.0,0.0,-1.0,-1.0,0.0,1.0,-1.0,0.0,0.0,0.0,0.0,0.0,0.25,3.494932,-0.05264373348542217,0.20852089628802933,no,away_yes,away_yes,2026-07-19 18:42:16.947628+00:00,0.75,2.62,0.034399999999999986,0.07427525172536302,0.6206,,,,,final
1,True,824087,2026-07-20,1,26,4,2026-07-21 00:30:47.781000+00:00,2026-07-21 00:30:51.383460+00:00,2026-07-21 00:31:18.062000+00:00,0.43,-0.2818511521409879,0.28469732858103514,0.42612033352762957,-0.6235812042286926,0.0409222401220633,0.27961853266834125,0.15038146733165875,4.009677,3.60246,4.0,0.0,2.0,-1.0,0.0,0.0,0.0,0.0,0.0,0.0,0.0,-1.0,-2.0,-1.0,0.0,0.0,0.0,0.0,0.0,0.0,0.0,0.44,4.769082,0.04068909532409978,0.4001021891519267,no,away_yes,away_yes,2026-07-21 00:30:55.533957+00:00,0.57,3.4,0.05840000000000023,0.04325255688344899,-1.9964,,,,,final
1,True,824166,2026-07-22,1,17,2,2026-07-23 00:42:18.099000+00:00,2026-07-23 00:42:21.534520+00:00,2026-07-23 00:42:58.595000+00:00,0.72,0.9444616088408513,0.6917767875392963,0.5712944846118778,0.5213045332668422,-0.3804638059027474,0.8636838477433347,-0.14368384774333476,2.259974,3.43552,2.0,1.0,1.0,1.0,0.0,0.0,1.0,0.0,1.0,0.0,0.0,1.0,-1.0,0.0,0.0,0.0,0.0,0.0,0.0,0.0,0.0,0.72,3.728704,0.0,0.7537185429636606,yes,yes,home_yes,2026-07-23 00:42:25.263224+00:00,0.72,2.72,0.03839999999999977,0.05331443686115711,0.7232000000000003,,,,,final
1,True,824329,2026-07-21,1,16,2,2026-07-22 01:15:25.847000+00:00,2026-07-22 01:15:28.552868+00:00,2026-07-22 01:16:55.398000+00:00,0.56,0.24116205681688824,0.4680035457957169,0.34207998606745077,0.5258778255412235,0.08081940674170876,0.665125626007268,-0.10512562600726794,2.244596,2.705868,2.0,1.0,0.0,-1.0,0.0,0.0,1.0,0.0,1.0,0.0,0.0,1.0,-1.0,0.0,0.0,-1.0,1.0,0.0,0.0,0.0,0.0,0.56,4.83523,0.0,0.5814817053815434,yes,yes,home_yes,2026-07-22 01:15:31.846562+00:00,0.56,3.46,0.059699999999999864,0.014626700620140196,0.37379999999999924,profitable_reversal,2026-07-22 02:47:25.757003+00:00,0.7,0.05090000000000039,final
1,True,824329,2026-07-21,1,59,5,2026-07-22 02:47:49.033000+00:00,2026-07-22 02:47:50.296683+00:00,2026-07-22 02:48:20.323000+00:00,0.66,0.6632942174102643,0.5769641077857,0.6640823311550956,-0.3712170050766659,0.13107740366295606,0.5401632338984161,0.11983676610158389,1.079822,1.263683,7.0,0.0,1.0,1.0,0.0,0.0,0.0,1.0,0.0,0.0,0.0,0.0,-2.0,-2.0,0.0,1.0,0.0,0.0,0.0,0.0,0.0,0.68,4.31168,0.09047758496611602,0.6351610600616874,no,away_yes,away_yes,2026-07-22 02:47:50.575490+00:00,0.33,3.66,0.05669999999999975,0.0708105201742244,-1.2645,,,,,final
1,True,824409,2026-07-21,1,51,4,2026-07-22 00:31:05.213000+00:00,2026-07-22 00:31:06.882634+00:00,2026-07-22 00:33:28.617000+00:00,0.72,0.9444616088408513,0.839224523938037,0.8083407621738056,0.2132047338206573,-0.20821790109753424,0.796714377296423,-0.07671437729642305,0.001834,1.669634,6.0,1.0,2.0,2.0,0.0,0.0,0.0,0.0,1.0,0.0,1.0,1.0,-2.0,-1.0,0.0,-1.0,0.0,0.0,0.0,0.0,0.0,0.73,4.693989,0.05016096630321065,0.7582949174879627,yes,yes,home_yes,2026-07-22 00:31:10.613336+00:00,0.72,0.14,0.0020000000000000018,0.003361288448314786,0.03720000000000001,,,,,final
1,True,824411,2026-07-19,0,12,3,2026-07-19 18:05:38.433000+00:00,2026-07-19 18:05:41.639010+00:00,2026-07-19 18:06:12.332000+00:00,0.38,-0.4895482253187058,0.30253746947615257,0.4404638394325763,-0.5959638531084264,0.17374599209155817,0.22110163768843405,0.15889836231156595,2.515085,3.20601,2.0,0.0,2.0,-1.0,0.0,0.0,1.0,0.0,0.0,0.0,0.0,-1.0,0.0,-2.0,1.0,-1.0,0.0,0.0,0.0,0.0,0.0,0.39,3.689172,0.04223600727504101,0.34468977886460667,no,away_yes,away_yes,2026-07-19 18:05:44.264687+00:00,0.61,3.19,0.053200000000000136,0.09133960542190481,1.1908999999999998,,,,,final
1,True,824654,2026-07-20,0,72,3,2026-07-21 03:14:11.496000+00:00,2026-07-21 03:14:12.768926+00:00,2026-07-21 03:14:36.986000+00:00,0.64,0.5753641449035619,0.009077189941560149,0.007856025661577282,0.14571542121185121,-0.3200199021512794,0.7390620935107813,-0.09906209351078132,0.80374,1.272926,9.0,0.0,2.0,0.0,0.0,0.0,0.0,0.0,0.0,0.0,1.0,0.0,0.0,-2.0,0.0,0.0,0.0,9.0,361.0,-1.0,0.004714045207910321,0.65,4.077543,0.043675063502661704,0.6652615885767782,yes,yes,home_yes,2026-07-21 03:14:12.804281+00:00,0.64,3.04,0.04909999999999992,0.027695229273405758,0.08859999999999957,profitable_reversal,2026-07-21 03:17:40.383469+00:00,0.7,0.044700000000000184,final
1,True,824654,2026-07-20,0,74,2,2026-07-21 03:17:37.406000+00:00,2026-07-21 03:17:38.715643+00:00,2026-07-21 03:20:18.455000+00:00,0.69,0.8001193001121129,0.006385554224317605,0.00887469486709902,-0.33167394733149624,0.13682508270184857,0.5821535612063892,0.10784643879361078,0.731289,1.309643,9.0,1.0,0.0,0.0,0.0,0.0,0.0,0.0,0.0,0.0,-2.0,0.0,0.0,-1.0,-1.0,0.0,0.0,8.0,211.77,-1.0,0.0,0.68,4.72401,-0.046347497735732546,0.6657544436488512,no,away_yes,away_yes,2026-07-21 03:17:40.392240+00:00,0.3,0.15,0.0023000000000000034,0.0028368334526723228,0.10269999999999999,,,,,final
1,True,824657,2026-07-18,1,16,5,2026-07-18 18:52:18.636000+00:00,2026-07-18 18:52:21.927270+00:00,2026-07-18 18:53:02.052000+00:00,0.75,1.0986122886681098,0.7480859435405982,0.509839478368209,1.0490668903566376,0.1541506798272585,0.8801159357245556,-0.1301159357245556,1.357949,3.29127,2.0,1.0,2.0,2.0,0.0,0.0,0.0,1.0,0.0,0.0,0.0,2.0,-2.0,-2.0,0.0,0.0,-1.0,0.0,0.0,0.0,0.0,0.8,4.996145,0.287682072451781,0.778640309214907,yes,yes,home_yes,2026-07-18 18:52:24.629099+00:00,0.75,1.0,0.01319999999999999,0.015440309214907022,0.2368,,,,,final
1,True,824736,2026-07-20,1,25,1,2026-07-20 23:56:12.053000+00:00,2026-07-20 23:56:13.266545+00:00,2026-07-20 23:57:51.767000+00:00,0.75,1.0986122886681098,0.6450095966657119,0.4795060270871783,0.679196283788116,0.05264373348542217,0.8487929047193403,-0.09879290471934032,0.601796,1.213545,3.0,1.0,2.0,1.0,0.0,0.0,0.0,0.0,1.0,0.0,0.0,1.0,0.0,0.0,-1.0,0.0,1.0,0.0,0.0,0.0,0.0,0.75,4.726096,0.0,0.7719601539723829,yes,yes,home_yes,2026-07-20 23:56:15.412647+00:00,0.75,2.62,0.034399999999999986,0.023135603407643306,0.6206,,,,,final
1,True,824738,2026-07-18,1,59,5,2026-07-18 23:20:43.267000+00:00,2026-07-18 23:20:44.367013+00:00,2026-07-18 23:21:10.066000+00:00,0.19,-1.4500101755059984,0.08728885069592095,0.08413871743330552,0.040201367130737964,-0.4553876003619365,0.27799655114803634,-0.08799655114803634,0.238519,1.100013,7.0,1.0,2.0,-2.0,3.0,2.0,0.0,1.0,0.0,0.0,0.0,0.0,1.0,0.0,0.0,0.0,0.0,7.0,257.0,1.0,2.7755575615628914e-17,0.18,4.549769,-0.06633731386209019,0.21320316551965934,yes,yes,home_yes,2026-07-18 23:20:44.776307+00:00,0.19,9.96,0.10729999999999995,0.12380352857580712,7.9603,,,,,final
1,True,824739,2026-07-19,1,18,5,2026-07-19 18:14:08.658000+00:00,2026-07-19 18:14:13.787415+00:00,2026-07-19 18:14:50.206000+00:00,0.6,0.4054651081081642,0.5230515635700969,0.3941055955700283,0.522358504119347,0.12361395596717673,0.6908742465250524,-0.09087424652505238,1.661502,5.129415,2.0,1.0,1.0,0.0,0.0,0.0,0.0,1.0,0.0,0.0,0.0,1.0,-2.0,-2.0,0.0,1.0,-1.0,0.0,0.0,0.0,0.0,0.59,4.740582,-0.04149973090675274,0.6224907800209335,yes,yes,home_yes,2026-07-19 18:14:14.493201+00:00,0.59,3.29,0.05580000000000007,0.05109466626887124,1.2931000000000001,,,,,final
1,True,824895,2026-07-21,0,19,1,2026-07-21 23:50:38.579000+00:00,2026-07-21 23:50:39.658070+00:00,2026-07-21 23:51:13.202000+00:00,0.65,0.6190392084062236,0.6465417944367978,0.3719659463026115,1.1276646781275703,0.043675063502661704,0.8459299027405306,-0.19592990274053057,0.295077,1.07907,2.0,1.0,2.0,1.0,0.0,0.0,0.0,0.0,1.0,0.0,0.0,2.0,0.0,0.0,-1.0,-1.0,1.0,6.0,3.6499999999999995,1.0,0.003726779962499653,0.65,4.797844,0.0,0.6724690659619406,yes,yes,home_yes,2026-07-21 23:50:40.247185+00:00,0.65,3.0,0.04779999999999984,0.01960719788582177,-1.9978,,,,,final
1,True,824897,2026-07-19,1,14,3,2026-07-19 18:02:01.266000+00:00,2026-07-19 18:02:02.720067+00:00,2026-07-19 18:02:29.364000+00:00,0.76,1.1526795099383855,0.7561773334933184,0.6230065682944438,0.6295054353584437,0.054067221270275745,0.849171498145255,-0.08917149814525505,3.290024,1.454067,2.0,1.0,1.0,2.0,0.0,0.0,0.0,0.0,0.0,0.0,0.0,1.0,0.0,-2.0,0.0,0.0,0.0,0.0,0.0,0.0,0.0,0.76,3.977711,0.0,0.7848035158641469,yes,yes,home_yes,2026-07-19 18:02:06.697778+00:00,0.76,2.58,0.03299999999999992,0.03099307092949899,0.5862,,,,,final
1,True,824898,2026-07-20,1,34,3,2026-07-21 00:20:59.556000+00:00,2026-07-21 00:21:02.505788+00:00,2026-07-21 00:22:36.961000+00:00,0.75,1.0986122886681098,0.7047908944825029,0.4667286116375763,1.0034997263904215,0.25131442828090633,0.8642207216192923,-0.11422072161929231,2.868495,2.949788,5.0,1.0,1.0,1.0,0.0,0.0,0.0,1.0,0.0,0.0,0.0,1.0,-1.0,-1.0,-1.0,1.0,0.0,0.0,0.0,0.0,0.0,0.74,4.891836,-0.05264373348542217,0.7743353860450191,yes,yes,home_yes,2026-07-21 00:21:03.074901+00:00,0.75,2.62,0.034399999999999986,0.02935871143794995,0.6206,,,,,final
1,True,824899,2026-07-18,0,14,3,2026-07-18 20:39:45.241000+00:00,2026-07-18 20:39:46.542105+00:00,2026-07-18 20:40:12.428000+00:00,0.69,0.8001193001121129,0.6544653632851154,0.4235068315567482,0.9471196183416235,0.046347497735732546,0.8456511237277824,-0.15565112372778245,0.462693,1.301105,2.0,1.0,0.0,1.0,0.0,0.0,0.0,0.0,0.0,0.0,0.0,2.0,-1.0,-1.0,-1.0,0.0,0.0,1.0,14.18,1.0,0.0,0.69,4.371795,0.0,0.7102589493004734,yes,yes,home_yes,2026-07-18 20:39:50.913900+00:00,0.69,2.83,0.042400000000000215,0.01493282652033965,-1.9951,,,,,final
1,True,824978,2026-07-19,0,60,3,2026-07-19 22:06:43.740000+00:00,2026-07-19 22:06:46.408506+00:00,2026-07-19 22:09:19.490000+00:00,0.09,-2.3136349291806306,0.01343874719513293,0.03205751078871591,-0.888442126820447,0.27305441491731175,0.030028158869107795,0.0599718411308922,1.155294,2.668506,7.0,1.0,2.0,-4.0,0.0,0.0,0.0,0.0,0.0,0.0,2.0,0.0,-1.0,-1.0,-1.0,0.0,0.0,0.0,0.0,0.0,0.0,0.07,4.50057,-0.27305441491731175,0.06981764302553987,no,away_yes,away_yes,2026-07-19 22:06:46.930101+00:00,0.91,2.18,0.012499999999999734,0.03149753820432337,0.1837000000000002,,,,,final
1,True,825056,2026-07-21,1,72,3,2026-07-22 04:24:11.561000+00:00,2026-07-22 04:24:14.018449+00:00,2026-07-22 04:24:37.907000+00:00,0.67,0.708185057924486,0.009195886570232292,0.9274447599955404,-7.227845609009092,0.17596824417717782,0.0012347776866515716,0.6687652223133485,0.21083,2.457449,9.0,0.0,2.0,0.0,0.0,0.0,0.0,0.0,0.0,0.0,0.0,-2.0,-1.0,-1.0,0.0,0.0,-1.0,3.0,91.0,1.0,0.0,0.66,4.615795,-0.044890840514221764,0.6498350781920289,no,away_yes,away_yes,2026-07-22 04:24:14.645957+00:00,0.33,5.0,0.07739999999999991,0.023424609039855493,-1.7274,,,,,final
1,True,825056,2026-07-21,1,79,2,2026-07-22 04:36:52.874000+00:00,2026-07-22 04:36:54.040153+00:00,2026-07-22 04:37:27.286000+00:00,0.45,-0.20067069546215124,0.0017656626878566062,0.004625422313574878,-0.9659105267523893,0.040491361354736854,0.2302194333757345,0.2197805666242655,0.014932,1.166153,10.0,0.0,2.0,-1.0,0.0,0.0,0.0,0.0,0.0,0.0,1.0,-1.0,-1.0,0.0,0.0,0.0,-1.0,14.0,483.82,-0.5656649167045595,0.011605769149479953,0.45,4.996368,0.0,0.40790606280907177,no,away_yes,away_yes,2026-07-22 04:36:55.427091+00:00,0.56,3.46,0.059699999999999864,0.051345022680611446,-1.9973,,,,,final
1,True,825057,2026-07-19,1,75,3,2026-07-19 23:00:30.654000+00:00,2026-07-19 23:00:31.858114+00:00,2026-07-19 23:00:58.640000+00:00,0.59,0.3639653772014115,0.2249753541919976,0.04341259783032101,1.855718519594608,0.041191984938360626,0.8983013819211697,-0.30830138192116974,0.775072,1.204114,8.0,1.0,2.0,0.0,0.0,0.0,0.0,0.0,0.0,0.0,0.0,2.0,-1.0,-1.0,-1.0,0.0,0.0,13.0,275.76,0.5719466202494923,0.007844645405527347,0.55,4.159413,-0.16329468173926007,0.612642006576542,yes,yes,home_yes,2026-07-19 23:00:35.311556+00:00,0.56,3.46,0.059699999999999864,0.12244134275483526,1.4627,,,,,final
1,True,825058,2026-07-20,0,54,1,2026-07-21 03:53:59.399000+00:00,2026-07-21 03:54:00.455266+00:00,2026-07-21 03:54:38.456000+00:00,0.39,-0.4473122180436648,0.23672417423881353,0.3270323161273887,-0.4490855076399052,-0.041847109935500504,0.29847913413459787,0.09152086586540215,0.151381,1.056266,7.0,0.0,0.0,0.0,0.0,0.0,1.0,1.0,0.0,0.0,0.0,0.0,0.0,0.0,0.0,1.0,0.0,0.0,0.0,0.0,0.0,0.4,4.098103,0.041847109935500504,0.36846364523117325,no,away_yes,away_yes,2026-07-21 03:54:00.573508+00:00,0.61,3.19,0.053200000000000136,0.015500971712557224,1.1908999999999998,,,,,final
