{
  "event_labels_used": false,
  "target": "home team settlement outcome",
  "fit_metrics": {
    "rows": 233794,
    "games": 3095,
    "roc_auc": 0.8281131720380223,
    "log_loss": 0.5097488270013162,
    "brier": 0.17097241125947724
  },
  "calibration_metrics": {
    "rows": 13587,
    "games": 64,
    "roc_auc": 0.8399816415382277,
    "log_loss": 0.49982292398200995,
    "brier": 0.16631754869435034
  },
  "tuning_metrics": {
    "rows": 29805,
    "games": 144,
    "roc_auc": 0.8185920089686991,
    "log_loss": 0.5366371176910147,
    "brier": 0.17802402452980806
  },
  "market_baseline_metrics": {
    "rows": 29805,
    "games": 144,
    "roc_auc": 0.8184625764424488,
    "log_loss": 0.5184215841683881,
    "brier": 0.17475661466196946
  },
  "selected_config": {
    "enabled": false,
    "observation_delay_seconds": 1.0,
    "anchor_buffer_seconds": 2.0,
    "maximum_anchor_age_seconds": 5.0,
    "maximum_fill_delay_seconds": 5.0,
    "minimum_expected_pnl": 2.25,
    "minimum_probability_edge": 0.15,
    "bet_size": 10.0,
    "side_filter": "both",
    "minimum_seconds_between_entries": 200.0,
    "execution_contract": "paired_both",
    "maximum_positions_per_game": 0,
    "conditional_stacking": true
  },
  "selection_rule": "maximum worst-period ROI among two-sided paired-market policies passing coverage and concentration gates",
  "selected_tuning_result": {
    "minimum_expected_pnl": 2.25,
    "minimum_probability_edge": 0.15,
    "side_filter": "both",
    "execution_contract": "paired_both",
    "maximum_positions_per_game": 0,
    "trades": 30,
    "yes_trades": 20,
    "no_trades": 10,
    "pnl": 48.43914289644507,
    "fees": 8.93,
    "capital": 308.92999999999995,
    "roi": 0.15679650049022456,
    "pnl_without_best_game": 35.5833289429567,
    "profitable_game_fraction": 0.6896551724137931,
    "fold_1_trades": 12,
    "fold_1_yes_trades": 9,
    "fold_1_no_trades": 3,
    "fold_1_pnl": 33.959417604544605,
    "fold_1_roi": 0.27473034224208887,
    "fold_2_trades": 18,
    "fold_2_yes_trades": 11,
    "fold_2_no_trades": 7,
    "fold_2_pnl": 14.479725291900449,
    "fold_2_roi": 0.07813363528977146,
    "minimum_fold_trades": 12,
    "profitable_folds": 2,
    "worst_fold_roi": 0.07813363528977146
  },
  "outer_holdout_used": false
}