{
  "event_labels_used": false,
  "target": "home team settlement outcome",
  "fit_metrics": {
    "rows": 233794,
    "games": 3095,
    "roc_auc": 0.8271041049654582,
    "log_loss": 0.5060991916369111,
    "brier": 0.1700443118905285
  },
  "calibration_metrics": {
    "rows": 13587,
    "games": 64,
    "roc_auc": 0.8402520000287759,
    "log_loss": 0.49146743205794485,
    "brier": 0.1642974307600114
  },
  "tuning_metrics": {
    "rows": 16218,
    "games": 80,
    "roc_auc": 0.8049115315066233,
    "log_loss": 0.5402442956348344,
    "brier": 0.1830736523219136
  },
  "selected_config": {
    "enabled": false,
    "observation_delay_seconds": 1.0,
    "anchor_buffer_seconds": 2.0,
    "maximum_anchor_age_seconds": 5.0,
    "maximum_fill_delay_seconds": 5.0,
    "minimum_expected_pnl": 0.5,
    "minimum_probability_edge": 0.04,
    "bet_size": 10.0,
    "side_filter": "no"
  },
  "selection_rule": "maximum trades among NO-only policies with all folds profitable, worst-fold ROI >=20%, and aggregate tuning ROI >=25%",
  "selected_tuning_result": {
    "minimum_expected_pnl": 0.5,
    "minimum_probability_edge": 0.04,
    "side_filter": "no",
    "trades": 26,
    "yes_trades": 0,
    "no_trades": 26,
    "pnl": 143.9131296683603,
    "fees": 9.32,
    "capital": 269.32,
    "roi": 0.5343573803221459,
    "fold_1_trades": 9,
    "fold_1_pnl": 30.672585428755646,
    "fold_1_roi": 0.3286817984221565,
    "fold_2_trades": 9,
    "fold_2_pnl": 36.744632652116586,
    "fold_2_roi": 0.3953586469993177,
    "fold_3_trades": 8,
    "fold_3_pnl": 76.49591158748808,
    "fold_3_roi": 0.920971726312161,
    "minimum_fold_trades": 8,
    "profitable_folds": 3,
    "worst_fold_roi": 0.3286817984221565
  },
  "outer_holdout_used": false
}