{
  "event_labels_used": false,
  "target": "home team settlement outcome",
  "fit_metrics": {
    "rows": 233794,
    "games": 3095,
    "roc_auc": 0.8282901108033306,
    "log_loss": 0.5047849918592816,
    "brier": 0.16945132557719592
  },
  "calibration_metrics": {
    "rows": 13587,
    "games": 64,
    "roc_auc": 0.8417573574909345,
    "log_loss": 0.48863325455391937,
    "brier": 0.1630957567587638
  },
  "tuning_metrics": {
    "rows": 16218,
    "games": 80,
    "roc_auc": 0.8010021818128216,
    "log_loss": 0.5509929957753814,
    "brier": 0.18580596262664614
  },
  "selected_config": {
    "enabled": false,
    "observation_delay_seconds": 1.0,
    "anchor_buffer_seconds": 2.0,
    "maximum_anchor_age_seconds": 5.0,
    "maximum_fill_delay_seconds": 5.0,
    "minimum_expected_pnl": 0.0,
    "minimum_probability_edge": 0.04,
    "bet_size": 10.0,
    "side_filter": "no",
    "minimum_seconds_between_entries": 30.0,
    "execution_contract": "away_yes",
    "maximum_positions_per_game": 1,
    "conditional_stacking": true
  },
  "selection_rule": "maximum worst-fold ROI among stable policies",
  "selected_tuning_result": {
    "minimum_expected_pnl": 0.0,
    "minimum_probability_edge": 0.04,
    "side_filter": "no",
    "execution_contract": "away_yes",
    "maximum_positions_per_game": 1,
    "trades": 48,
    "yes_trades": 48,
    "no_trades": 0,
    "pnl": 31.239748491134964,
    "fees": 14.180000000000005,
    "capital": 494.17999999999995,
    "roi": 0.06321532334601758,
    "pnl_without_best_game": 17.269504588695938,
    "profitable_game_fraction": 0.6458333333333334,
    "fold_1_trades": 17,
    "fold_1_pnl": 0.9468434614053134,
    "fold_1_roi": 0.005425415204018528,
    "fold_2_trades": 11,
    "fold_2_pnl": 8.339829583835305,
    "fold_2_roi": 0.07383647263245069,
    "fold_3_trades": 20,
    "fold_3_pnl": 21.953075445894356,
    "fold_3_roi": 0.10620229038698832,
    "minimum_fold_trades": 11,
    "profitable_folds": 3,
    "worst_fold_roi": 0.005425415204018528
  },
  "outer_holdout_used": false
}