{
  "event_labels_used": false,
  "target": "home team settlement outcome",
  "fit_metrics": {
    "rows": 233794,
    "games": 3095,
    "roc_auc": 0.8271041049654582,
    "log_loss": 0.5060991916369111,
    "brier": 0.1700443118905285
  },
  "calibration_metrics": {
    "rows": 13587,
    "games": 64,
    "roc_auc": 0.8402520000287759,
    "log_loss": 0.49146743205794485,
    "brier": 0.1642974307600114
  },
  "tuning_metrics": {
    "rows": 16218,
    "games": 80,
    "roc_auc": 0.8049115315066233,
    "log_loss": 0.5402442956348344,
    "brier": 0.1830736523219136
  },
  "selected_config": {
    "enabled": false,
    "observation_delay_seconds": 1.0,
    "anchor_buffer_seconds": 2.0,
    "maximum_anchor_age_seconds": 5.0,
    "maximum_fill_delay_seconds": 5.0,
    "minimum_expected_pnl": 0.5,
    "minimum_probability_edge": 0.04,
    "bet_size": 10.0,
    "side_filter": "no",
    "minimum_seconds_between_entries": 30.0,
    "execution_contract": "away_yes",
    "maximum_positions_per_game": 5
  },
  "selection_rule": "maximum trades among paired away-YES policies with all folds profitable, worst-fold ROI >=15%, and aggregate ROI >=20%",
  "selected_tuning_result": {
    "minimum_expected_pnl": 0.5,
    "minimum_probability_edge": 0.04,
    "side_filter": "no",
    "execution_contract": "away_yes",
    "maximum_positions_per_game": 5,
    "trades": 82,
    "yes_trades": 82,
    "no_trades": 0,
    "pnl": 432.974379209564,
    "fees": 26.349999999999987,
    "capital": 846.3499999999999,
    "roi": 0.5115784004366563,
    "fold_1_trades": 24,
    "fold_1_pnl": 46.25821153370848,
    "fold_1_roi": 0.18644235030312553,
    "fold_2_trades": 28,
    "fold_2_pnl": 276.92121547980724,
    "fold_2_roi": 0.9567813132011445,
    "fold_3_trades": 30,
    "fold_3_pnl": 109.79495219604843,
    "fold_3_roi": 0.35554208800248827,
    "minimum_fold_trades": 24,
    "profitable_folds": 3,
    "worst_fold_roi": 0.18644235030312553
  },
  "outer_holdout_used": false
}