{
  "event_labels_used": false,
  "target": "home team settlement outcome",
  "fit_metrics": {
    "rows": 233794,
    "games": 3095,
    "roc_auc": 0.8281131720380223,
    "log_loss": 0.5097488270013162,
    "brier": 0.17097241125947724
  },
  "calibration_metrics": {
    "rows": 13587,
    "games": 64,
    "roc_auc": 0.8399816415382277,
    "log_loss": 0.49982292398200995,
    "brier": 0.16631754869435034
  },
  "tuning_metrics": {
    "rows": 29805,
    "games": 144,
    "roc_auc": 0.8185920089686991,
    "log_loss": 0.5366371176910147,
    "brier": 0.17802402452980806
  },
  "market_baseline_metrics": {
    "rows": 29805,
    "games": 144,
    "roc_auc": 0.8184625764424488,
    "log_loss": 0.5184215841683881,
    "brier": 0.17475661466196946
  },
  "selected_config": {
    "enabled": false,
    "observation_delay_seconds": 1.0,
    "anchor_buffer_seconds": 2.0,
    "maximum_anchor_age_seconds": 5.0,
    "maximum_fill_delay_seconds": 5.0,
    "minimum_expected_pnl": 0.25,
    "minimum_probability_edge": 0.025,
    "bet_size": 10.0,
    "side_filter": "no",
    "minimum_seconds_between_entries": 60.0,
    "execution_contract": "away_yes",
    "maximum_positions_per_game": 1,
    "conditional_stacking": true
  },
  "selection_rule": "maximum profit after removing the best game among paired away-YES policies passing both chronological periods",
  "selected_tuning_result": {
    "minimum_expected_pnl": 0.25,
    "minimum_probability_edge": 0.025,
    "side_filter": "no",
    "execution_contract": "away_yes",
    "maximum_positions_per_game": 1,
    "trades": 115,
    "yes_trades": 115,
    "no_trades": 0,
    "pnl": 111.06671840775277,
    "fees": 34.93999999999998,
    "capital": 1184.9399999999996,
    "roi": 0.09373193445048088,
    "pnl_without_best_game": 83.12517994621432,
    "profitable_game_fraction": 0.6260869565217392,
    "fold_1_trades": 49,
    "fold_1_pnl": 25.54221265670803,
    "fold_1_roi": 0.050564621009439016,
    "fold_2_trades": 66,
    "fold_2_pnl": 85.52450575104467,
    "fold_2_roi": 0.12580833443813574,
    "minimum_fold_trades": 49,
    "profitable_folds": 2,
    "worst_fold_roi": 0.050564621009439016
  },
  "outer_holdout_used": false
}