{
  "coefficient": 0.7743619607214824,
  "intercept": 0.33245667901295783
}